coin,symbol,date,close,volume_usd
btc-bitcoin,BTC,2025-09-30,113995.0,129062431
btc-bitcoin,BTC,2025-10-01,118600.0,178968482
btc-bitcoin,BTC,2025-10-02,120650.0,236793374
btc-bitcoin,BTC,2025-10-03,122260.0,244434412
btc-bitcoin,BTC,2025-10-04,122426.0,78380086
btc-bitcoin,BTC,2025-10-05,123542.0,191498705
btc-bitcoin,BTC,2025-10-06,124766.0,292489055
btc-bitcoin,BTC,2025-10-07,121420.0,254870717
btc-bitcoin,BTC,2025-10-08,123330.0,125156986
btc-bitcoin,BTC,2025-10-09,121699.0,233975005
btc-bitcoin,BTC,2025-10-10,113000.0,663562729
btc-bitcoin,BTC,2025-10-11,110775.0,244090474
btc-bitcoin,BTC,2025-10-12,115125.0,211596374
btc-bitcoin,BTC,2025-10-13,115166.0,181774743
btc-bitcoin,BTC,2025-10-14,113106.0,312519539
btc-bitcoin,BTC,2025-10-15,110782.0,174116443
btc-bitcoin,BTC,2025-10-16,108182.0,326788318
btc-bitcoin,BTC,2025-10-17,106451.0,371629031
btc-bitcoin,BTC,2025-10-18,107199.0,71402810
btc-bitcoin,BTC,2025-10-19,108670.0,118240387
btc-bitcoin,BTC,2025-10-20,110574.0,270636333
btc-bitcoin,BTC,2025-10-21,108406.0,284618657
btc-bitcoin,BTC,2025-10-22,107644.0,247176591
btc-bitcoin,BTC,2025-10-23,110080.0,172006295
btc-bitcoin,BTC,2025-10-24,111000.0,185412491
btc-bitcoin,BTC,2025-10-25,111645.0,66064492
btc-bitcoin,BTC,2025-10-26,114510.0,126988557
btc-bitcoin,BTC,2025-10-27,114153.0,142817625
btc-bitcoin,BTC,2025-10-28,112918.0,163227363
btc-bitcoin,BTC,2025-10-29,110104.0,255525368
btc-bitcoin,BTC,2025-10-30,108303.0,298125360
btc-bitcoin,BTC,2025-10-31,109553.0,153296658
btc-bitcoin,BTC,2025-11-01,110018.0,54209602
btc-bitcoin,BTC,2025-11-02,110590.0,177451636
btc-bitcoin,BTC,2025-11-03,106538.0,326267179
btc-bitcoin,BTC,2025-11-04,101537.0,413280216
btc-bitcoin,BTC,2025-11-05,103900.0,240486477
btc-bitcoin,BTC,2025-11-06,101290.0,165507106
btc-bitcoin,BTC,2025-11-07,103280.0,458591962
btc-bitcoin,BTC,2025-11-08,102282.0,70545951
btc-bitcoin,BTC,2025-11-09,104730.0,119177346
btc-bitcoin,BTC,2025-11-10,105973.0,150180859
btc-bitcoin,BTC,2025-11-11,103012.0,132128198
btc-bitcoin,BTC,2025-11-12,101667.0,157410113
btc-bitcoin,BTC,2025-11-13,99680.1,242226393
btc-bitcoin,BTC,2025-11-14,94517.3,361619481
btc-bitcoin,BTC,2025-11-15,95537.9,131464576
btc-bitcoin,BTC,2025-11-16,94190.1,129550333
btc-bitcoin,BTC,2025-11-17,92101.3,290365395
btc-bitcoin,BTC,2025-11-18,92966.1,273705167
btc-bitcoin,BTC,2025-11-19,91427.7,341077816
btc-bitcoin,BTC,2025-11-20,86503.0,455013267
btc-bitcoin,BTC,2025-11-21,85069.4,554899512
btc-bitcoin,BTC,2025-11-22,84679.9,134756690
btc-bitcoin,BTC,2025-11-23,86777.4,180021079
btc-bitcoin,BTC,2025-11-24,88275.0,197826789
btc-bitcoin,BTC,2025-11-25,87326.3,143791418
btc-bitcoin,BTC,2025-11-26,90535.7,178671126
btc-bitcoin,BTC,2025-11-27,91281.4,141618603
btc-bitcoin,BTC,2025-11-28,90912.7,148094046
btc-bitcoin,BTC,2025-11-29,90833.6,34296069
btc-bitcoin,BTC,2025-11-30,90373.9,49820052
btc-bitcoin,BTC,2025-12-01,86300.0,323985485
btc-bitcoin,BTC,2025-12-02,91313.5,214205906
btc-bitcoin,BTC,2025-12-03,93457.9,201065554
btc-bitcoin,BTC,2025-12-04,92142.6,136974587
btc-bitcoin,BTC,2025-12-05,89332.4,147232828
btc-bitcoin,BTC,2025-12-06,89240.1,48025576
btc-bitcoin,BTC,2025-12-07,90435.1,80352832
btc-bitcoin,BTC,2025-12-08,90650.1,156814057
btc-bitcoin,BTC,2025-12-09,92702.2,194333006
btc-bitcoin,BTC,2025-12-10,92019.8,194316861
btc-bitcoin,BTC,2025-12-11,92541.0,209391760
btc-bitcoin,BTC,2025-12-12,90277.2,149290217
btc-bitcoin,BTC,2025-12-13,90254.1,35851220
btc-bitcoin,BTC,2025-12-14,88163.0,111581130
btc-bitcoin,BTC,2025-12-15,86434.3,221283316
btc-bitcoin,BTC,2025-12-16,87840.7,210923191
btc-bitcoin,BTC,2025-12-17,86207.8,271019129
btc-bitcoin,BTC,2025-12-18,85462.5,266939403
btc-bitcoin,BTC,2025-12-19,88105.2,225914432
btc-bitcoin,BTC,2025-12-20,88338.1,52013248
btc-bitcoin,BTC,2025-12-21,88622.2,69088270
btc-bitcoin,BTC,2025-12-22,88544.2,199330429
btc-bitcoin,BTC,2025-12-23,87416.4,140876540
btc-bitcoin,BTC,2025-12-24,87613.7,128123442
btc-bitcoin,BTC,2025-12-25,87198.0,50451161
btc-bitcoin,BTC,2025-12-26,87303.6,143732938
btc-bitcoin,BTC,2025-12-27,87802.6,36440342
btc-bitcoin,BTC,2025-12-28,87853.3,57834324
btc-bitcoin,BTC,2025-12-29,87135.1,247553829
btc-bitcoin,BTC,2025-12-30,88401.9,103905011
btc-bitcoin,BTC,2025-12-31,87500.1,131610015
btc-bitcoin,BTC,2026-01-01,88731.8,101702827
btc-bitcoin,BTC,2026-01-02,89934.0,170561790
btc-bitcoin,BTC,2026-01-03,90590.1,100193084
btc-bitcoin,BTC,2026-01-04,91507.0,76934261
btc-bitcoin,BTC,2026-01-05,93866.9,193045731
btc-bitcoin,BTC,2026-01-06,93711.8,178782641
btc-bitcoin,BTC,2026-01-07,91273.3,133713367
btc-bitcoin,BTC,2026-01-08,91029.1,128459844
btc-bitcoin,BTC,2026-01-09,90513.2,129118256
btc-bitcoin,BTC,2026-01-10,90375.2,29084612
btc-bitcoin,BTC,2026-01-11,90849.8,48141174
btc-bitcoin,BTC,2026-01-12,91190.9,208495037
btc-bitcoin,BTC,2026-01-13,95358.1,254174631
btc-bitcoin,BTC,2026-01-14,96933.3,323621157
btc-bitcoin,BTC,2026-01-15,95559.4,179721024
btc-bitcoin,BTC,2026-01-16,95510.9,136501414
btc-bitcoin,BTC,2026-01-17,95089.9,31895719
btc-bitcoin,BTC,2026-01-18,93632.6,75088293
btc-bitcoin,BTC,2026-01-19,92546.5,160826381
btc-bitcoin,BTC,2026-01-20,88309.9,236673804
btc-bitcoin,BTC,2026-01-21,89372.9,335355237
btc-bitcoin,BTC,2026-01-22,89454.2,134120949
btc-bitcoin,BTC,2026-01-23,89495.0,133074555
btc-bitcoin,BTC,2026-01-24,89079.6,27081878
btc-bitcoin,BTC,2026-01-25,86572.3,228155105
btc-bitcoin,BTC,2026-01-26,88247.4,182345918
btc-bitcoin,BTC,2026-01-27,89124.1,130256810
btc-bitcoin,BTC,2026-01-28,89159.6,136907183
btc-bitcoin,BTC,2026-01-29,84515.1,305282802
btc-bitcoin,BTC,2026-01-30,84124.7,292227601
btc-bitcoin,BTC,2026-01-31,78648.4,428237272
btc-bitcoin,BTC,2026-02-01,76882.2,287542208
btc-bitcoin,BTC,2026-02-02,78669.2,276485293
btc-bitcoin,BTC,2026-02-03,75662.0,496512936
btc-bitcoin,BTC,2026-02-04,73013.6,376082384
btc-bitcoin,BTC,2026-02-05,62858.1,817056113
btc-bitcoin,BTC,2026-02-06,70527.4,530383446
btc-bitcoin,BTC,2026-02-07,69268.8,213248446
btc-bitcoin,BTC,2026-02-08,70305.0,137934794
btc-bitcoin,BTC,2026-02-09,70087.2,214405780
btc-bitcoin,BTC,2026-02-10,68785.5,181542907
btc-bitcoin,BTC,2026-02-11,67052.3,217287784
btc-bitcoin,BTC,2026-02-12,66203.8,206471348
btc-bitcoin,BTC,2026-02-13,68837.0,152287039
btc-bitcoin,BTC,2026-02-14,69758.4,145125793
btc-bitcoin,BTC,2026-02-15,68780.0,92722784
btc-bitcoin,BTC,2026-02-16,68860.0,124592704
btc-bitcoin,BTC,2026-02-17,67475.4,164187546
btc-bitcoin,BTC,2026-02-18,66425.7,140952014
btc-bitcoin,BTC,2026-02-19,66955.3,121419067
btc-bitcoin,BTC,2026-02-20,67998.2,181802708
btc-bitcoin,BTC,2026-02-21,67966.6,84314548
btc-bitcoin,BTC,2026-02-22,67612.1,76938691
btc-bitcoin,BTC,2026-02-23,64624.1,226033681
btc-bitcoin,BTC,2026-02-24,64061.9,169627039
btc-bitcoin,BTC,2026-02-25,67978.6,224969017
btc-bitcoin,BTC,2026-02-26,67461.5,137043543
btc-bitcoin,BTC,2026-02-27,65869.7,158370434
btc-bitcoin,BTC,2026-02-28,66985.6,204114071
btc-bitcoin,BTC,2026-03-01,65748.8,144428392
btc-bitcoin,BTC,2026-03-02,68808.4,220050633
btc-bitcoin,BTC,2026-03-03,68336.7,199311408
btc-bitcoin,BTC,2026-03-04,72684.8,350214871
btc-bitcoin,BTC,2026-03-05,70877.4,253433974
btc-bitcoin,BTC,2026-03-06,68128.0,223768427
btc-bitcoin,BTC,2026-03-07,67270.1,86481301
btc-bitcoin,BTC,2026-03-08,65978.7,162918646
btc-bitcoin,BTC,2026-03-09,68446.9,154946361
btc-bitcoin,BTC,2026-03-10,69955.4,229659713
btc-bitcoin,BTC,2026-03-11,70200.4,180949671
btc-bitcoin,BTC,2026-03-12,70520.8,130484673
btc-bitcoin,BTC,2026-03-13,70953.0,278032693
btc-bitcoin,BTC,2026-03-14,71210.6,40658874
btc-bitcoin,BTC,2026-03-15,72835.7,79782679
btc-bitcoin,BTC,2026-03-16,74887.7,250045812
btc-bitcoin,BTC,2026-03-17,73929.9,216102317
btc-bitcoin,BTC,2026-03-18,71270.9,208655660
btc-bitcoin,BTC,2026-03-19,69911.9,196699417
btc-bitcoin,BTC,2026-03-20,70515.6,130989932
btc-bitcoin,BTC,2026-03-21,68907.7,65927786
btc-bitcoin,BTC,2026-03-22,67857.1,98358514
btc-bitcoin,BTC,2026-03-23,70887.2,200269708
btc-bitcoin,BTC,2026-03-24,70515.6,151151283
btc-bitcoin,BTC,2026-03-25,71309.6,115044238
btc-bitcoin,BTC,2026-03-26,68780.4,178324917
btc-bitcoin,BTC,2026-03-27,66358.3,195242689
btc-bitcoin,BTC,2026-03-28,66321.7,79046873
btc-bitcoin,BTC,2026-03-29,65950.3,99857548
btc-bitcoin,BTC,2026-03-30,66725.0,182391141
btc-bitcoin,BTC,2026-03-31,68219.7,197917482
btc-bitcoin,BTC,2026-04-01,68098.5,126234004
btc-bitcoin,BTC,2026-04-02,66880.8,136461248
btc-bitcoin,BTC,2026-04-03,66933.0,93720690
btc-bitcoin,BTC,2026-04-04,67283.8,57096298
btc-bitcoin,BTC,2026-04-05,68983.7,76204835
btc-bitcoin,BTC,2026-04-06,68861.4,141795822
btc-bitcoin,BTC,2026-04-07,71925.0,151874950
btc-bitcoin,BTC,2026-04-08,71109.0,126374184
btc-bitcoin,BTC,2026-04-09,71803.5,116519946
btc-bitcoin,BTC,2026-04-10,72973.8,135816341
btc-bitcoin,BTC,2026-04-11,73060.6,78377154
btc-bitcoin,BTC,2026-04-12,70754.1,101267581
btc-bitcoin,BTC,2026-04-13,74441.7,159150082
btc-bitcoin,BTC,2026-04-14,74171.4,232557458
btc-bitcoin,BTC,2026-04-15,74810.1,148398678
btc-bitcoin,BTC,2026-04-16,75162.9,183573202
btc-bitcoin,BTC,2026-04-17,77117.4,230357860
btc-bitcoin,BTC,2026-04-18,75728.8,66684230
btc-bitcoin,BTC,2026-04-19,73827.6,86582213
btc-bitcoin,BTC,2026-04-20,75848.3,136195205
btc-bitcoin,BTC,2026-04-21,76351.9,153176915
btc-bitcoin,BTC,2026-04-22,78204.0,186940868
btc-bitcoin,BTC,2026-04-23,78283.6,105022915
btc-bitcoin,BTC,2026-04-24,77455.0,118001751
btc-bitcoin,BTC,2026-04-25,77648.5,36031941
btc-bitcoin,BTC,2026-04-26,78653.8,56753636
btc-bitcoin,BTC,2026-04-27,77374.7,169390115
btc-bitcoin,BTC,2026-04-28,76331.9,124826153
btc-bitcoin,BTC,2026-04-29,75750.3,142335058
btc-bitcoin,BTC,2026-04-30,76313.0,78392423
btc-bitcoin,BTC,2026-05-01,78235.3,138841672
btc-bitcoin,BTC,2026-05-02,78660.0,60660886
btc-bitcoin,BTC,2026-05-03,78547.4,72822384
btc-bitcoin,BTC,2026-05-04,79843.7,231252736
btc-bitcoin,BTC,2026-05-05,80900.8,166787614
btc-bitcoin,BTC,2026-05-06,81438.0,180414724
btc-bitcoin,BTC,2026-05-07,80011.5,129084319
btc-bitcoin,BTC,2026-05-08,80196.9,102452513
btc-bitcoin,BTC,2026-05-09,80670.1,61389056
btc-bitcoin,BTC,2026-05-10,82171.8,141614196
btc-bitcoin,BTC,2026-05-11,81730.5,156582494
btc-bitcoin,BTC,2026-05-12,80492.3,109645284
btc-bitcoin,BTC,2026-05-13,79292.1,128502552
btc-bitcoin,BTC,2026-05-14,81070.1,180321731
btc-bitcoin,BTC,2026-05-15,79062.5,134851442
btc-bitcoin,BTC,2026-05-16,78122.8,95491079
btc-bitcoin,BTC,2026-05-17,77410.0,85599914
btc-bitcoin,BTC,2026-05-18,76946.5,166782071
btc-bitcoin,BTC,2026-05-19,76756.3,179878583
btc-bitcoin,BTC,2026-05-20,77479.4,100047966
btc-bitcoin,BTC,2026-05-21,77549.7,100040504
btc-bitcoin,BTC,2026-05-22,75456.5,115089378
btc-bitcoin,BTC,2026-05-23,76670.1,140631839
btc-bitcoin,BTC,2026-05-24,76984.9,83606572
btc-bitcoin,BTC,2026-05-25,77265.9,67837487
btc-bitcoin,BTC,2026-05-26,75824.0,171152688
btc-bitcoin,BTC,2026-05-27,74337.1,119752325
btc-bitcoin,BTC,2026-05-28,73515.7,206417554
btc-bitcoin,BTC,2026-05-29,73370.7,119976906
btc-bitcoin,BTC,2026-05-30,73753.7,44639319
btc-bitcoin,BTC,2026-05-31,73570.0,32316316
btc-bitcoin,BTC,2026-06-01,71317.5,165695827
btc-bitcoin,BTC,2026-06-02,66669.7,322912955
btc-bitcoin,BTC,2026-06-03,64035.8,249204528
btc-bitcoin,BTC,2026-06-04,63814.0,426791574
btc-bitcoin,BTC,2026-06-05,61037.9,535174865
btc-bitcoin,BTC,2026-06-06,60855.7,111762954
btc-bitcoin,BTC,2026-06-07,63307.6,173329032
btc-bitcoin,BTC,2026-06-08,63076.4,116590919
btc-bitcoin,BTC,2026-06-09,61690.4,203710438
btc-bitcoin,BTC,2026-06-10,61464.4,176629948
btc-bitcoin,BTC,2026-06-11,63552.3,113353463
btc-bitcoin,BTC,2026-06-12,63543.2,100339174
btc-bitcoin,BTC,2026-06-13,64404.0,50139551
btc-bitcoin,BTC,2026-06-14,65715.1,93702933
btc-bitcoin,BTC,2026-06-15,66284.3,170611657
btc-bitcoin,BTC,2026-06-16,65609.5,126056336
btc-bitcoin,BTC,2026-06-17,64454.8,161816726
btc-bitcoin,BTC,2026-06-18,62885.6,135979996
btc-bitcoin,BTC,2026-06-19,63486.4,103497760
btc-bitcoin,BTC,2026-06-20,64250.1,53987401
btc-bitcoin,BTC,2026-06-21,63234.0,69473712
btc-bitcoin,BTC,2026-06-22,63953.6,135416243
btc-bitcoin,BTC,2026-06-23,62650.3,158393267
btc-bitcoin,BTC,2026-06-24,60980.8,268838333
btc-bitcoin,BTC,2026-06-25,59707.1,243370666
btc-bitcoin,BTC,2026-06-26,60009.2,206361630
btc-bitcoin,BTC,2026-06-27,59941.5,61244264
btc-bitcoin,BTC,2026-06-28,59489.5,61191581
btc-bitcoin,BTC,2026-06-29,60157.3,138640421
btc-bitcoin,BTC,2026-06-30,58531.9,206078645
btc-bitcoin,BTC,2026-07-01,59959.4,209996343
btc-bitcoin,BTC,2026-07-02,61484.4,176835504
btc-bitcoin,BTC,2026-07-03,62546.8,110904236
btc-bitcoin,BTC,2026-07-04,63085.8,82832863
btc-bitcoin,BTC,2026-07-05,63593.0,58594701
btc-bitcoin,BTC,2026-07-06,64005.1,205250616
btc-bitcoin,BTC,2026-07-07,63304.0,141766984
btc-bitcoin,BTC,2026-07-08,62241.1,115787342
btc-bitcoin,BTC,2026-07-09,63174.0,109413101
btc-bitcoin,BTC,2026-07-10,64126.4,111166399
btc-bitcoin,BTC,2026-07-11,63779.5,36061825
btc-bitcoin,BTC,2026-07-12,63737.4,35484861
btc-bitcoin,BTC,2026-07-13,62253.5,116871926
btc-bitcoin,BTC,2026-07-14,64977.2,160588641
btc-bitcoin,BTC,2026-07-15,64709.4,115892491
btc-bitcoin,BTC,2026-07-16,63789.5,104754118
btc-bitcoin,BTC,2026-07-17,63907.0,107578127
btc-bitcoin,BTC,2026-07-18,64796.7,45273542
btc-bitcoin,BTC,2026-07-19,64678.1,40687097
btc-bitcoin,BTC,2026-07-20,65215.7,134715961
btc-bitcoin,BTC,2026-07-21,66511.7,93773900
btc-bitcoin,BTC,2026-07-22,66072.5,79885279
btc-bitcoin,BTC,2026-07-23,65050.1,92986890
btc-bitcoin,BTC,2026-07-24,64087.8,90436353
btc-bitcoin,BTC,2026-07-25,64312.9,21403840
btc-bitcoin,BTC,2026-07-26,65336.6,39772316
btc-bitcoin,BTC,2026-07-27,63697.1,109537238
btc-bitcoin,BTC,2026-07-28,63859.6,77120499
btc-bitcoin,BTC,2026-07-29,63901.0,83048375
btc-bitcoin,BTC,2026-07-30,64723.0,74414462
btc-bitcoin,BTC,2026-07-31,62822.0,143900458
btc-bitcoin,BTC,2026-08-01,62760.0,32734633
btc-bitcoin,BTC,2026-08-02,63500.0,55168794
btc-bitcoin,BTC,2026-08-03,63461.7,100693805
btc-bitcoin,BTC,2026-08-04,64053.7,82465105
btc-bitcoin,BTC,2026-08-05,64599.2,80606918
btc-bitcoin,BTC,2026-08-06,64259.2,63495707
btc-bitcoin,BTC,2026-08-07,64886.1,86058717
btc-bitcoin,BTC,2026-08-08,64901.1,26577935
btc-bitcoin,BTC,2026-08-09,64860.0,36831879
btc-bitcoin,BTC,2026-08-10,63922.1,78835596
btc-bitcoin,BTC,2026-08-11,63541.1,63167531
btc-bitcoin,BTC,2026-08-12,63412.0,60312215
btc-bitcoin,BTC,2026-08-13,63423.3,65554923
btc-bitcoin,BTC,2026-08-14,62979.4,96249813
btc-bitcoin,BTC,2026-08-15,63024.3,21364354
btc-bitcoin,BTC,2026-08-16,62819.1,30682979
btc-bitcoin,BTC,2026-08-17,64471.7,118056610
btc-bitcoin,BTC,2026-08-18,64677.2,78814222
btc-bitcoin,BTC,2026-08-19,69285.0,405178169
btc-bitcoin,BTC,2026-08-20,73001.1,369313732
btc-bitcoin,BTC,2026-08-21,78327.2,502541053
btc-bitcoin,BTC,2026-08-22,77082.6,284136098
btc-bitcoin,BTC,2026-08-23,77737.5,186006010
btc-bitcoin,BTC,2026-08-24,78966.1,261033447
btc-bitcoin,BTC,2026-08-25,78509.4,306386115
btc-bitcoin,BTC,2026-08-26,79008.6,174720049
btc-bitcoin,BTC,2026-08-27,80265.9,217583005
btc-bitcoin,BTC,2026-08-28,77841.8,369589820
btc-bitcoin,BTC,2026-08-29,78227.8,59315782
btc-bitcoin,BTC,2026-08-30,77681.6,125492080
btc-bitcoin,BTC,2026-08-31,78566.1,153318003
btc-bitcoin,BTC,2026-09-01,77398.1,200842531
btc-bitcoin,BTC,2026-09-02,77305.1,166225949
btc-bitcoin,BTC,2026-09-03,81276.1,373253008
btc-bitcoin,BTC,2026-09-04,79676.4,221022318
btc-bitcoin,BTC,2026-09-05,79828.4,80985835
btc-bitcoin,BTC,2026-09-06,80334.3,135489465
btc-bitcoin,BTC,2026-09-07,79090.3,120934376
btc-bitcoin,BTC,2026-09-08,78449.6,161325155
btc-bitcoin,BTC,2026-09-09,78288.6,178335246
btc-bitcoin,BTC,2026-09-10,76542.0,203187683
btc-bitcoin,BTC,2026-09-11,77210.9,260355152
btc-bitcoin,BTC,2026-09-12,77264.9,44331691
btc-bitcoin,BTC,2026-09-13,76800.2,83232487
btc-bitcoin,BTC,2026-09-14,78193.1,303473742
btc-bitcoin,BTC,2026-09-15,75585.1,300182035
btc-bitcoin,BTC,2026-09-16,76146.1,215023892
btc-bitcoin,BTC,2026-09-17,76354.8,142070171
btc-bitcoin,BTC,2026-09-18,80878.1,358930521
btc-bitcoin,BTC,2026-09-19,81226.5,136208462
btc-bitcoin,BTC,2026-09-20,81164.0,127207146
btc-bitcoin,BTC,2026-09-21,86593.8,426278907
btc-bitcoin,BTC,2026-09-22,86196.7,275238294
btc-bitcoin,BTC,2026-09-23,84384.6,298298251
btc-bitcoin,BTC,2026-09-24,84380.0,282683243
btc-bitcoin,BTC,2026-09-25,84090.5,259410102
btc-bitcoin,BTC,2026-09-26,84426.7,79947666
btc-bitcoin,BTC,2026-09-27,84444.2,111471375
btc-bitcoin,BTC,2026-09-28,83462.7,262309297
btc-bitcoin,BTC,2026-09-29,83633.4,181089654
btc-bitcoin,BTC,2026-09-30,83371.7,2624094
eth-ethereum,ETH,2025-09-30,4146.97,145565370
eth-ethereum,ETH,2025-10-01,4350.03,124982389
eth-ethereum,ETH,2025-10-02,4487.47,145339324
eth-ethereum,ETH,2025-10-03,4514.89,159131044
eth-ethereum,ETH,2025-10-04,4489.0,63291359
eth-ethereum,ETH,2025-10-05,4516.68,102432641
eth-ethereum,ETH,2025-10-06,4688.96,209142145
eth-ethereum,ETH,2025-10-07,4450.01,197014114
eth-ethereum,ETH,2025-10-08,4526.57,83386043
eth-ethereum,ETH,2025-10-09,4370.28,156669596
eth-ethereum,ETH,2025-10-10,3837.22,517549885
eth-ethereum,ETH,2025-10-11,3749.47,123592995
eth-ethereum,ETH,2025-10-12,4156.74,259437174
eth-ethereum,ETH,2025-10-13,4244.36,147049216
eth-ethereum,ETH,2025-10-14,4125.99,241221645
eth-ethereum,ETH,2025-10-15,3987.78,88895137
eth-ethereum,ETH,2025-10-16,3895.24,119674734
eth-ethereum,ETH,2025-10-17,3833.11,116575319
eth-ethereum,ETH,2025-10-18,3889.37,30908533
eth-ethereum,ETH,2025-10-19,3984.67,76991004
eth-ethereum,ETH,2025-10-20,3981.32,76718391
eth-ethereum,ETH,2025-10-21,3874.68,109213943
eth-ethereum,ETH,2025-10-22,3805.71,90223358
eth-ethereum,ETH,2025-10-23,3858.33,47624533
eth-ethereum,ETH,2025-10-24,3935.68,61476578
eth-ethereum,ETH,2025-10-25,3954.29,25241685
eth-ethereum,ETH,2025-10-26,4158.73,85952378
eth-ethereum,ETH,2025-10-27,4118.66,102126634
eth-ethereum,ETH,2025-10-28,3980.25,125373263
eth-ethereum,ETH,2025-10-29,3902.54,129745109
eth-ethereum,ETH,2025-10-30,3802.67,132977318
eth-ethereum,ETH,2025-10-31,3846.73,60817617
eth-ethereum,ETH,2025-11-01,3872.37,23416201
eth-ethereum,ETH,2025-11-02,3907.44,23920386
eth-ethereum,ETH,2025-11-03,3601.99,148113369
eth-ethereum,ETH,2025-11-04,3288.88,252568980
eth-ethereum,ETH,2025-11-05,3424.01,131777890
eth-ethereum,ETH,2025-11-06,3313.54,88164354
eth-ethereum,ETH,2025-11-07,3433.9,319996208
eth-ethereum,ETH,2025-11-08,3400.21,35852506
eth-ethereum,ETH,2025-11-09,3584.2,85287468
eth-ethereum,ETH,2025-11-10,3565.64,121466988
eth-ethereum,ETH,2025-11-11,3414.42,119459559
eth-ethereum,ETH,2025-11-12,3413.51,92906915
eth-ethereum,ETH,2025-11-13,3230.34,149952900
eth-ethereum,ETH,2025-11-14,3109.23,186036604
eth-ethereum,ETH,2025-11-15,3167.37,44618100
eth-ethereum,ETH,2025-11-16,3093.51,94334198
eth-ethereum,ETH,2025-11-17,3025.5,106848953
eth-ethereum,ETH,2025-11-18,3122.0,134545031
eth-ethereum,ETH,2025-11-19,3022.4,154200861
eth-ethereum,ETH,2025-11-20,2830.0,125119317
eth-ethereum,ETH,2025-11-21,2765.39,125130881
eth-ethereum,ETH,2025-11-22,2767.09,19120374
eth-ethereum,ETH,2025-11-23,2801.0,33250808
eth-ethereum,ETH,2025-11-24,2951.88,64381678
eth-ethereum,ETH,2025-11-25,2959.04,64527747
eth-ethereum,ETH,2025-11-26,3026.95,83286402
eth-ethereum,ETH,2025-11-27,3014.85,32258193
eth-ethereum,ETH,2025-11-28,3032.32,40145720
eth-ethereum,ETH,2025-11-29,2990.01,22410480
eth-ethereum,ETH,2025-11-30,2991.95,22430646
eth-ethereum,ETH,2025-12-01,2799.79,138128655
eth-ethereum,ETH,2025-12-02,2997.97,75783178
eth-ethereum,ETH,2025-12-03,3189.39,95812370
eth-ethereum,ETH,2025-12-04,3133.94,91947682
eth-ethereum,ETH,2025-12-05,3023.8,79948727
eth-ethereum,ETH,2025-12-06,3040.62,18020674
eth-ethereum,ETH,2025-12-07,3060.35,51778481
eth-ethereum,ETH,2025-12-08,3124.35,72069204
eth-ethereum,ETH,2025-12-09,3318.37,140360015
eth-ethereum,ETH,2025-12-10,3324.64,149205332
eth-ethereum,ETH,2025-12-11,3236.85,130530535
eth-ethereum,ETH,2025-12-12,3085.09,99555729
eth-ethereum,ETH,2025-12-13,3115.15,28286227
eth-ethereum,ETH,2025-12-14,3062.77,71474615
eth-ethereum,ETH,2025-12-15,2964.51,124526178
eth-ethereum,ETH,2025-12-16,2961.9,79332037
eth-ethereum,ETH,2025-12-17,2833.01,132502493
eth-ethereum,ETH,2025-12-18,2826.65,161899121
eth-ethereum,ETH,2025-12-19,2977.94,120142063
eth-ethereum,ETH,2025-12-20,2977.08,30144003
eth-ethereum,ETH,2025-12-21,3001.35,82264603
eth-ethereum,ETH,2025-12-22,3007.03,84345675
eth-ethereum,ETH,2025-12-23,2963.44,61923002
eth-ethereum,ETH,2025-12-24,2945.49,45263284
eth-ethereum,ETH,2025-12-25,2902.89,24852747
eth-ethereum,ETH,2025-12-26,2925.71,65357936
eth-ethereum,ETH,2025-12-27,2947.1,19750658
eth-ethereum,ETH,2025-12-28,2948.59,25848125
eth-ethereum,ETH,2025-12-29,2934.84,111755493
eth-ethereum,ETH,2025-12-30,2970.49,98225005
eth-ethereum,ETH,2025-12-31,2967.13,50243763
eth-ethereum,ETH,2026-01-01,2999.8,27614818
eth-ethereum,ETH,2026-01-02,3124.04,102896236
eth-ethereum,ETH,2026-01-03,3125.5,48668424
eth-ethereum,ETH,2026-01-04,3143.42,36914560
eth-ethereum,ETH,2026-01-05,3224.67,101097208
eth-ethereum,ETH,2026-01-06,3295.29,86422663
eth-ethereum,ETH,2026-01-07,3166.37,60678837
eth-ethereum,ETH,2026-01-08,3103.77,66248375
eth-ethereum,ETH,2026-01-09,3084.39,69358978
eth-ethereum,ETH,2026-01-10,3081.4,18002791
eth-ethereum,ETH,2026-01-11,3118.03,61942211
eth-ethereum,ETH,2026-01-12,3091.93,88368232
eth-ethereum,ETH,2026-01-13,3323.63,137835634
eth-ethereum,ETH,2026-01-14,3354.58,163811390
eth-ethereum,ETH,2026-01-15,3317.62,87956213
eth-ethereum,ETH,2026-01-16,3295.01,58852092
eth-ethereum,ETH,2026-01-17,3308.93,64257619
eth-ethereum,ETH,2026-01-18,3282.62,32018954
eth-ethereum,ETH,2026-01-19,3187.31,104993335
eth-ethereum,ETH,2026-01-20,2936.29,152416271
eth-ethereum,ETH,2026-01-21,2979.9,169874124
eth-ethereum,ETH,2026-01-22,2948.85,44033975
eth-ethereum,ETH,2026-01-23,2953.01,72973301
eth-ethereum,ETH,2026-01-24,2948.77,21157174
eth-ethereum,ETH,2026-01-25,2814.76,88944980
eth-ethereum,ETH,2026-01-26,2926.63,79459982
eth-ethereum,ETH,2026-01-27,3022.12,81355676
eth-ethereum,ETH,2026-01-28,3006.19,97132937
eth-ethereum,ETH,2026-01-29,2817.93,102181161
eth-ethereum,ETH,2026-01-30,2702.42,136227841
eth-ethereum,ETH,2026-01-31,2448.6,187255390
eth-ethereum,ETH,2026-02-01,2267.31,100473516
eth-ethereum,ETH,2026-02-02,2344.99,170804755
eth-ethereum,ETH,2026-02-03,2230.61,128420256
eth-ethereum,ETH,2026-02-04,2142.84,155644633
eth-ethereum,ETH,2026-02-05,1823.85,196669583
eth-ethereum,ETH,2026-02-06,2062.18,147571074
eth-ethereum,ETH,2026-02-07,2086.26,101467830
eth-ethereum,ETH,2026-02-08,2088.62,36964298
eth-ethereum,ETH,2026-02-09,2103.7,73417170
eth-ethereum,ETH,2026-02-10,2021.58,60379290
eth-ethereum,ETH,2026-02-11,1940.52,75352096
eth-ethereum,ETH,2026-02-12,1946.08,34709017
eth-ethereum,ETH,2026-02-13,2047.86,37526323
eth-ethereum,ETH,2026-02-14,2085.56,24354153
eth-ethereum,ETH,2026-02-15,1965.46,54850230
eth-ethereum,ETH,2026-02-16,1997.94,29433210
eth-ethereum,ETH,2026-02-17,1991.84,35548817
eth-ethereum,ETH,2026-02-18,1955.31,37939588
eth-ethereum,ETH,2026-02-19,1948.33,31990489
eth-ethereum,ETH,2026-02-20,1968.71,89800413
eth-ethereum,ETH,2026-02-21,1973.59,26521323
eth-ethereum,ETH,2026-02-22,1957.4,18436969
eth-ethereum,ETH,2026-02-23,1856.01,65687025
eth-ethereum,ETH,2026-02-24,1851.81,67366351
eth-ethereum,ETH,2026-02-25,2056.79,92234291
eth-ethereum,ETH,2026-02-26,2027.58,69728737
eth-ethereum,ETH,2026-02-27,1929.13,61367603
eth-ethereum,ETH,2026-02-28,1965.0,64076073
eth-ethereum,ETH,2026-03-01,1939.3,62820077
eth-ethereum,ETH,2026-03-02,2027.17,56112017
eth-ethereum,ETH,2026-03-03,1983.19,63480939
eth-ethereum,ETH,2026-03-04,2129.35,119068075
eth-ethereum,ETH,2026-03-05,2073.24,67145248
eth-ethereum,ETH,2026-03-06,1978.92,49682396
eth-ethereum,ETH,2026-03-07,1969.38,45831875
eth-ethereum,ETH,2026-03-08,1937.24,53426552
eth-ethereum,ETH,2026-03-09,1994.57,63997916
eth-ethereum,ETH,2026-03-10,2037.16,78149520
eth-ethereum,ETH,2026-03-11,2052.18,53257573
eth-ethereum,ETH,2026-03-12,2073.83,47777482
eth-ethereum,ETH,2026-03-13,2093.25,119868995
eth-ethereum,ETH,2026-03-14,2096.52,23601344
eth-ethereum,ETH,2026-03-15,2178.97,58189723
eth-ethereum,ETH,2026-03-16,2352.65,140335825
eth-ethereum,ETH,2026-03-17,2318.03,114734859
eth-ethereum,ETH,2026-03-18,2203.68,73082197
eth-ethereum,ETH,2026-03-19,2137.77,114665327
eth-ethereum,ETH,2026-03-20,2146.26,81409172
eth-ethereum,ETH,2026-03-21,2085.46,28538659
eth-ethereum,ETH,2026-03-22,2053.71,79395539
eth-ethereum,ETH,2026-03-23,2151.36,136239562
eth-ethereum,ETH,2026-03-24,2155.73,98089277
eth-ethereum,ETH,2026-03-25,2168.53,83090940
eth-ethereum,ETH,2026-03-26,2059.17,84066385
eth-ethereum,ETH,2026-03-27,1991.66,68237884
eth-ethereum,ETH,2026-03-28,1993.71,38593641
eth-ethereum,ETH,2026-03-29,1983.07,37161086
eth-ethereum,ETH,2026-03-30,2024.67,74348817
eth-ethereum,ETH,2026-03-31,2103.97,60235440
eth-ethereum,ETH,2026-04-01,2140.1,53399955
eth-ethereum,ETH,2026-04-02,2056.93,58539922
eth-ethereum,ETH,2026-04-03,2053.54,20005306
eth-ethereum,ETH,2026-04-04,2065.03,19810143
eth-ethereum,ETH,2026-04-05,2108.25,29317094
eth-ethereum,ETH,2026-04-06,2107.24,64168566
eth-ethereum,ETH,2026-04-07,2240.22,74048668
eth-ethereum,ETH,2026-04-08,2190.38,59900870
eth-ethereum,ETH,2026-04-09,2189.56,38032183
eth-ethereum,ETH,2026-04-10,2245.89,49608946
eth-ethereum,ETH,2026-04-11,2285.62,36576246
eth-ethereum,ETH,2026-04-12,2191.77,35043917
eth-ethereum,ETH,2026-04-13,2369.39,74001783
eth-ethereum,ETH,2026-04-14,2323.21,72524251
eth-ethereum,ETH,2026-04-15,2360.32,44130778
eth-ethereum,ETH,2026-04-16,2348.89,46522900
eth-ethereum,ETH,2026-04-17,2420.5,78577081
eth-ethereum,ETH,2026-04-18,2351.31,42781780
eth-ethereum,ETH,2026-04-19,2263.67,57642789
eth-ethereum,ETH,2026-04-20,2315.0,37209484
eth-ethereum,ETH,2026-04-21,2328.11,51710105
eth-ethereum,ETH,2026-04-22,2374.95,68898772
eth-ethereum,ETH,2026-04-23,2330.81,47435575
eth-ethereum,ETH,2026-04-24,2315.72,29073648
eth-ethereum,ETH,2026-04-25,2319.82,13589167
eth-ethereum,ETH,2026-04-26,2369.5,31141319
eth-ethereum,ETH,2026-04-27,2303.5,54728163
eth-ethereum,ETH,2026-04-28,2289.05,32778220
eth-ethereum,ETH,2026-04-29,2252.11,52159154
eth-ethereum,ETH,2026-04-30,2256.51,32257216
eth-ethereum,ETH,2026-05-01,2295.4,29603414
eth-ethereum,ETH,2026-05-02,2316.62,10881732
eth-ethereum,ETH,2026-05-03,2322.47,60000203
eth-ethereum,ETH,2026-05-04,2345.82,51331415
eth-ethereum,ETH,2026-05-05,2360.63,44134525
eth-ethereum,ETH,2026-05-06,2351.0,45725932
eth-ethereum,ETH,2026-05-07,2290.77,46869418
eth-ethereum,ETH,2026-05-08,2307.12,22343364
eth-ethereum,ETH,2026-05-09,2326.17,19237871
eth-ethereum,ETH,2026-05-10,2370.56,54774298
eth-ethereum,ETH,2026-05-11,2339.4,30062126
eth-ethereum,ETH,2026-05-12,2274.63,42032104
eth-ethereum,ETH,2026-05-13,2257.79,34541645
eth-ethereum,ETH,2026-05-14,2282.72,29642348
eth-ethereum,ETH,2026-05-15,2223.6,36435509
eth-ethereum,ETH,2026-05-16,2179.99,18616112
eth-ethereum,ETH,2026-05-17,2129.74,38550984
eth-ethereum,ETH,2026-05-18,2128.63,82435073
eth-ethereum,ETH,2026-05-19,2109.86,40320562
eth-ethereum,ETH,2026-05-20,2127.3,30943158
eth-ethereum,ETH,2026-05-21,2131.98,31914113
eth-ethereum,ETH,2026-05-22,2063.58,31361109
eth-ethereum,ETH,2026-05-23,2115.28,34799387
eth-ethereum,ETH,2026-05-24,2097.46,30114091
eth-ethereum,ETH,2026-05-25,2111.05,41021744
eth-ethereum,ETH,2026-05-26,2070.8,29053866
eth-ethereum,ETH,2026-05-27,2021.81,29342861
eth-ethereum,ETH,2026-05-28,2006.96,53322952
eth-ethereum,ETH,2026-05-29,2011.61,57781283
eth-ethereum,ETH,2026-05-30,2019.12,17199006
eth-ethereum,ETH,2026-05-31,2004.09,16218545
eth-ethereum,ETH,2026-06-01,2003.99,42630720
eth-ethereum,ETH,2026-06-02,1857.22,74403579
eth-ethereum,ETH,2026-06-03,1810.58,61630768
eth-ethereum,ETH,2026-06-04,1768.9,59256769
eth-ethereum,ETH,2026-06-05,1583.16,108131381
eth-ethereum,ETH,2026-06-06,1568.99,34389402
eth-ethereum,ETH,2026-06-07,1690.22,73510408
eth-ethereum,ETH,2026-06-08,1689.91,52562479
eth-ethereum,ETH,2026-06-09,1638.31,69249490
eth-ethereum,ETH,2026-06-10,1620.37,59631259
eth-ethereum,ETH,2026-06-11,1671.53,41598892
eth-ethereum,ETH,2026-06-12,1665.21,27054075
eth-ethereum,ETH,2026-06-13,1680.48,24294686
eth-ethereum,ETH,2026-06-14,1725.08,24374236
eth-ethereum,ETH,2026-06-15,1795.36,82617684
eth-ethereum,ETH,2026-06-16,1791.29,71699165
eth-ethereum,ETH,2026-06-17,1748.99,42439863
eth-ethereum,ETH,2026-06-18,1709.09,30702794
eth-ethereum,ETH,2026-06-19,1709.67,17040918
eth-ethereum,ETH,2026-06-20,1739.0,14710791
eth-ethereum,ETH,2026-06-21,1704.98,25390029
eth-ethereum,ETH,2026-06-22,1726.64,32176819
eth-ethereum,ETH,2026-06-23,1665.12,44139930
eth-ethereum,ETH,2026-06-24,1619.85,71519462
eth-ethereum,ETH,2026-06-25,1565.05,47440629
eth-ethereum,ETH,2026-06-26,1576.45,60503870
eth-ethereum,ETH,2026-06-27,1571.61,30871451
eth-ethereum,ETH,2026-06-28,1569.49,29870765
eth-ethereum,ETH,2026-06-29,1610.44,41144107
eth-ethereum,ETH,2026-06-30,1569.91,40482453
eth-ethereum,ETH,2026-07-01,1607.9,72379953
eth-ethereum,ETH,2026-07-02,1698.69,53880745
eth-ethereum,ETH,2026-07-03,1757.04,49853967
eth-ethereum,ETH,2026-07-04,1778.72,27705675
eth-ethereum,ETH,2026-07-05,1784.48,30369095
eth-ethereum,ETH,2026-07-06,1798.55,45921702
eth-ethereum,ETH,2026-07-07,1769.69,40273222
eth-ethereum,ETH,2026-07-08,1742.03,46166448
eth-ethereum,ETH,2026-07-09,1743.93,25367467
eth-ethereum,ETH,2026-07-10,1795.54,39754867
eth-ethereum,ETH,2026-07-11,1786.52,42399743
eth-ethereum,ETH,2026-07-12,1805.53,29824371
eth-ethereum,ETH,2026-07-13,1774.65,66739073
eth-ethereum,ETH,2026-07-14,1890.06,56383966
eth-ethereum,ETH,2026-07-15,1916.61,60573723
eth-ethereum,ETH,2026-07-16,1863.33,60443758
eth-ethereum,ETH,2026-07-17,1840.56,50493383
eth-ethereum,ETH,2026-07-18,1861.54,18865051
eth-ethereum,ETH,2026-07-19,1871.33,27268990
eth-ethereum,ETH,2026-07-20,1903.56,48819670
eth-ethereum,ETH,2026-07-21,1928.41,37623174
eth-ethereum,ETH,2026-07-22,1933.37,45030275
eth-ethereum,ETH,2026-07-23,1877.03,35007509
eth-ethereum,ETH,2026-07-24,1860.28,30086152
eth-ethereum,ETH,2026-07-25,1873.37,15697362
eth-ethereum,ETH,2026-07-26,1953.47,28374201
eth-ethereum,ETH,2026-07-27,1891.1,62371607
eth-ethereum,ETH,2026-07-28,1919.88,42914506
eth-ethereum,ETH,2026-07-29,1908.21,34460966
eth-ethereum,ETH,2026-07-30,1916.66,19774628
eth-ethereum,ETH,2026-07-31,1860.49,32665800
eth-ethereum,ETH,2026-08-01,1843.51,20704696
eth-ethereum,ETH,2026-08-02,1882.88,26932819
eth-ethereum,ETH,2026-08-03,1858.77,37532655
eth-ethereum,ETH,2026-08-04,1868.45,43460586
eth-ethereum,ETH,2026-08-05,1907.01,41655402
eth-ethereum,ETH,2026-08-06,1902.26,26145260
eth-ethereum,ETH,2026-08-07,1913.0,20629061
eth-ethereum,ETH,2026-08-08,1915.15,10772202
eth-ethereum,ETH,2026-08-09,1908.63,14434297
eth-ethereum,ETH,2026-08-10,1871.15,25946304
eth-ethereum,ETH,2026-08-11,1881.01,23153265
eth-ethereum,ETH,2026-08-12,1878.32,31346740
eth-ethereum,ETH,2026-08-13,1884.56,16057108
eth-ethereum,ETH,2026-08-14,1880.21,14518608
eth-ethereum,ETH,2026-08-15,1881.19,7801970
eth-ethereum,ETH,2026-08-16,1873.89,7147755
eth-ethereum,ETH,2026-08-17,1912.46,22144198
eth-ethereum,ETH,2026-08-18,1916.04,16229134
eth-ethereum,ETH,2026-08-19,2251.9,152988067
eth-ethereum,ETH,2026-08-20,2326.33,147466741
eth-ethereum,ETH,2026-08-21,2515.72,140426152
eth-ethereum,ETH,2026-08-22,2422.94,76203708
eth-ethereum,ETH,2026-08-23,2462.4,76155706
eth-ethereum,ETH,2026-08-24,2482.69,82382717
eth-ethereum,ETH,2026-08-25,2442.55,55837132
eth-ethereum,ETH,2026-08-26,2507.08,49191998
eth-ethereum,ETH,2026-08-27,2511.32,77772372
eth-ethereum,ETH,2026-08-28,2442.73,86806871
eth-ethereum,ETH,2026-08-29,2457.38,14908595
eth-ethereum,ETH,2026-08-30,2416.95,52079139
eth-ethereum,ETH,2026-08-31,2467.12,31390291
eth-ethereum,ETH,2026-09-01,2417.26,53209124
eth-ethereum,ETH,2026-09-02,2390.98,51920216
eth-ethereum,ETH,2026-09-03,2507.42,91791467
eth-ethereum,ETH,2026-09-04,2456.27,62767371
eth-ethereum,ETH,2026-09-05,2480.62,42523063
eth-ethereum,ETH,2026-09-06,2514.35,58355784
eth-ethereum,ETH,2026-09-07,2489.67,47874574
eth-ethereum,ETH,2026-09-08,2484.92,61467253
eth-ethereum,ETH,2026-09-09,2468.02,69272845
eth-ethereum,ETH,2026-09-10,2437.29,75298752
eth-ethereum,ETH,2026-09-11,2515.99,154450527
eth-ethereum,ETH,2026-09-12,2525.44,43979259
eth-ethereum,ETH,2026-09-13,2475.94,54477984
eth-ethereum,ETH,2026-09-14,2515.81,116930513
eth-ethereum,ETH,2026-09-15,2396.41,184300180
eth-ethereum,ETH,2026-09-16,2416.61,122557313
eth-ethereum,ETH,2026-09-17,2445.34,78035300
eth-ethereum,ETH,2026-09-18,2611.32,168579413
eth-ethereum,ETH,2026-09-19,2631.55,73649092
eth-ethereum,ETH,2026-09-20,2645.06,87234000
eth-ethereum,ETH,2026-09-21,2775.84,209030216
eth-ethereum,ETH,2026-09-22,2753.25,94966781
eth-ethereum,ETH,2026-09-23,2683.99,128592513
eth-ethereum,ETH,2026-09-24,2687.24,72548534
eth-ethereum,ETH,2026-09-25,2691.35,72445427
eth-ethereum,ETH,2026-09-26,2695.35,31819853
eth-ethereum,ETH,2026-09-27,2688.02,40188480
eth-ethereum,ETH,2026-09-28,2687.45,96058461
eth-ethereum,ETH,2026-09-29,2676.7,96446458
eth-ethereum,ETH,2026-09-30,2669.76,1313553
usdt-tether,USDT,2025-09-30,0.99986,339588706
usdt-tether,USDT,2025-10-01,1.00032,224859942
usdt-tether,USDT,2025-10-02,1.00036,281123185
usdt-tether,USDT,2025-10-03,1.00045,380230776
usdt-tether,USDT,2025-10-04,1.00025,229337751
usdt-tether,USDT,2025-10-05,1.00008,114903413
usdt-tether,USDT,2025-10-06,1.00024,337862539
usdt-tether,USDT,2025-10-07,1.00022,322844764
usdt-tether,USDT,2025-10-08,1.00012,233608407
usdt-tether,USDT,2025-10-09,1.0003,275438025
usdt-tether,USDT,2025-10-10,1.0013,543674052
usdt-tether,USDT,2025-10-11,1.001,729365503
usdt-tether,USDT,2025-10-12,1.00095,306873302
usdt-tether,USDT,2025-10-13,1.00084,351735043
usdt-tether,USDT,2025-10-14,1.0004,366546258
usdt-tether,USDT,2025-10-15,1.00038,362379312
usdt-tether,USDT,2025-10-16,1.0001,329637216
usdt-tether,USDT,2025-10-17,1.00034,267995565
usdt-tether,USDT,2025-10-18,1.00021,146007002
usdt-tether,USDT,2025-10-19,1.00029,50940673
usdt-tether,USDT,2025-10-20,1.00026,271470845
usdt-tether,USDT,2025-10-21,1.00029,273966115
usdt-tether,USDT,2025-10-22,1.0001,325307874
usdt-tether,USDT,2025-10-23,1.00021,263741630
usdt-tether,USDT,2025-10-24,1.00015,219227611
usdt-tether,USDT,2025-10-25,1.00014,54340674
usdt-tether,USDT,2025-10-26,0.99999,88950542
usdt-tether,USDT,2025-10-27,0.99996,244186424
usdt-tether,USDT,2025-10-28,1.00008,169651602
usdt-tether,USDT,2025-10-29,1.00003,207927065
usdt-tether,USDT,2025-10-30,0.99981,246181626
usdt-tether,USDT,2025-10-31,0.99955,310183951
usdt-tether,USDT,2025-11-01,0.99958,58241514
usdt-tether,USDT,2025-11-02,0.99982,116036846
usdt-tether,USDT,2025-11-03,0.99971,210431653
usdt-tether,USDT,2025-11-04,0.9998,285037547
usdt-tether,USDT,2025-11-05,0.99985,251431709
usdt-tether,USDT,2025-11-06,0.99944,231828957
usdt-tether,USDT,2025-11-07,0.99959,334701656
usdt-tether,USDT,2025-11-08,0.9996,70368849
usdt-tether,USDT,2025-11-09,0.99969,48859178
usdt-tether,USDT,2025-11-10,0.99955,224978295
usdt-tether,USDT,2025-11-11,0.99951,94777042
usdt-tether,USDT,2025-11-12,0.99978,163319045
usdt-tether,USDT,2025-11-13,0.99926,172698310
usdt-tether,USDT,2025-11-14,0.9991,219704788
usdt-tether,USDT,2025-11-15,0.99928,41984277
usdt-tether,USDT,2025-11-16,0.9992,41213798
usdt-tether,USDT,2025-11-17,0.99881,256673235
usdt-tether,USDT,2025-11-18,0.99941,195718533
usdt-tether,USDT,2025-11-19,0.99887,193553765
usdt-tether,USDT,2025-11-20,0.99881,260368961
usdt-tether,USDT,2025-11-21,0.99928,252586913
usdt-tether,USDT,2025-11-22,0.99936,53651504
usdt-tether,USDT,2025-11-23,0.99959,33578742
usdt-tether,USDT,2025-11-24,0.99963,189904420
usdt-tether,USDT,2025-11-25,0.99954,219363320
usdt-tether,USDT,2025-11-26,0.9998,215306721
usdt-tether,USDT,2025-11-27,0.99978,95695178
usdt-tether,USDT,2025-11-28,1.0,163123512
usdt-tether,USDT,2025-11-29,1.00014,41899472
usdt-tether,USDT,2025-11-30,1.00004,85935347
usdt-tether,USDT,2025-12-01,0.99991,213504805
usdt-tether,USDT,2025-12-02,1.00023,153963008
usdt-tether,USDT,2025-12-03,1.00009,211041863
usdt-tether,USDT,2025-12-04,1.00009,205242798
usdt-tether,USDT,2025-12-05,1.00003,218259739
usdt-tether,USDT,2025-12-06,1.00011,52553303
usdt-tether,USDT,2025-12-07,1.0001,34186022
usdt-tether,USDT,2025-12-08,1.00003,185340389
usdt-tether,USDT,2025-12-09,1.00005,183295695
usdt-tether,USDT,2025-12-10,1.00013,125129070
usdt-tether,USDT,2025-12-11,1.00013,186018332
usdt-tether,USDT,2025-12-12,1.0001,138963927
usdt-tether,USDT,2025-12-13,1.00003,23249894
usdt-tether,USDT,2025-12-14,1.00006,26986174
usdt-tether,USDT,2025-12-15,0.99987,132074556
usdt-tether,USDT,2025-12-16,0.99981,106179192
usdt-tether,USDT,2025-12-17,0.99963,123116742
usdt-tether,USDT,2025-12-18,0.9994,122643171
usdt-tether,USDT,2025-12-19,0.9994,158494347
usdt-tether,USDT,2025-12-20,0.99959,35701758
usdt-tether,USDT,2025-12-21,0.99969,28011751
usdt-tether,USDT,2025-12-22,0.99932,199833500
usdt-tether,USDT,2025-12-23,0.99934,232624020
usdt-tether,USDT,2025-12-24,0.99926,145675445
usdt-tether,USDT,2025-12-25,0.99932,44863098
usdt-tether,USDT,2025-12-26,0.99919,119989315
usdt-tether,USDT,2025-12-27,0.99926,28181012
usdt-tether,USDT,2025-12-28,0.99917,36408332
usdt-tether,USDT,2025-12-29,0.99879,309453080
usdt-tether,USDT,2025-12-30,0.9988,224555401
usdt-tether,USDT,2025-12-31,0.99848,116253717
usdt-tether,USDT,2026-01-01,0.99861,84628184
usdt-tether,USDT,2026-01-02,0.99945,226645866
usdt-tether,USDT,2026-01-03,0.9995,55517873
usdt-tether,USDT,2026-01-04,0.99952,61827686
usdt-tether,USDT,2026-01-05,0.9999,225109829
usdt-tether,USDT,2026-01-06,0.99953,157908533
usdt-tether,USDT,2026-01-07,0.99896,104483346
usdt-tether,USDT,2026-01-08,0.99906,176546649
usdt-tether,USDT,2026-01-09,0.99866,182552709
usdt-tether,USDT,2026-01-10,0.99853,27888656
usdt-tether,USDT,2026-01-11,0.99853,46318998
usdt-tether,USDT,2026-01-12,0.99873,295659050
usdt-tether,USDT,2026-01-13,0.99935,205834867
usdt-tether,USDT,2026-01-14,0.99989,267609300
usdt-tether,USDT,2026-01-15,0.99965,180885690
usdt-tether,USDT,2026-01-16,0.99951,213996477
usdt-tether,USDT,2026-01-17,0.99954,28364444
usdt-tether,USDT,2026-01-18,0.99955,52780451
usdt-tether,USDT,2026-01-19,0.99932,118865488
usdt-tether,USDT,2026-01-20,0.99879,238294455
usdt-tether,USDT,2026-01-21,0.99903,265170681
usdt-tether,USDT,2026-01-22,0.99896,173099851
usdt-tether,USDT,2026-01-23,0.99864,193982744
usdt-tether,USDT,2026-01-24,0.99841,67497459
usdt-tether,USDT,2026-01-25,0.99884,69817798
usdt-tether,USDT,2026-01-26,0.99885,202603951
usdt-tether,USDT,2026-01-27,0.99862,153864979
usdt-tether,USDT,2026-01-28,0.99841,169413460
usdt-tether,USDT,2026-01-29,0.99829,156846710
usdt-tether,USDT,2026-01-30,0.99837,209287643
usdt-tether,USDT,2026-01-31,0.99874,160975538
usdt-tether,USDT,2026-02-01,0.99891,50524525
usdt-tether,USDT,2026-02-02,0.99904,206501873
usdt-tether,USDT,2026-02-03,0.99846,173553117
usdt-tether,USDT,2026-02-04,0.99785,293191704
usdt-tether,USDT,2026-02-05,0.99814,468237598
usdt-tether,USDT,2026-02-06,0.99938,372229700
usdt-tether,USDT,2026-02-07,0.99928,89685984
usdt-tether,USDT,2026-02-08,0.99937,38215586
usdt-tether,USDT,2026-02-09,0.9994,198474476
usdt-tether,USDT,2026-02-10,0.9994,291819257
usdt-tether,USDT,2026-02-11,0.99924,337081617
usdt-tether,USDT,2026-02-12,0.99919,243714113
usdt-tether,USDT,2026-02-13,0.99941,181130082
usdt-tether,USDT,2026-02-14,0.99941,53682904
usdt-tether,USDT,2026-02-15,0.99941,33699077
usdt-tether,USDT,2026-02-16,0.99948,79344470
usdt-tether,USDT,2026-02-17,0.99949,155956963
usdt-tether,USDT,2026-02-18,0.99954,151042161
usdt-tether,USDT,2026-02-19,0.99956,139959991
usdt-tether,USDT,2026-02-20,0.99957,157928145
usdt-tether,USDT,2026-02-21,0.99963,28364620
usdt-tether,USDT,2026-02-22,0.99963,29902036
usdt-tether,USDT,2026-02-23,0.99958,151225664
usdt-tether,USDT,2026-02-24,0.99998,182392542
usdt-tether,USDT,2026-02-25,1.00008,314043585
usdt-tether,USDT,2026-02-26,0.99994,173183784
usdt-tether,USDT,2026-02-27,0.99993,179460750
usdt-tether,USDT,2026-02-28,1.00007,49543604
usdt-tether,USDT,2026-03-01,1.00004,45034352
usdt-tether,USDT,2026-03-02,0.99994,203647331
usdt-tether,USDT,2026-03-03,0.99999,197285180
usdt-tether,USDT,2026-03-04,1.0001,270016516
usdt-tether,USDT,2026-03-05,1.00009,259820431
usdt-tether,USDT,2026-03-06,0.99995,163392742
usdt-tether,USDT,2026-03-07,1.0,37790317
usdt-tether,USDT,2026-03-08,0.99998,38653981
usdt-tether,USDT,2026-03-09,1.00014,174625065
usdt-tether,USDT,2026-03-10,1.00003,207164581
usdt-tether,USDT,2026-03-11,1.00009,145044585
usdt-tether,USDT,2026-03-12,1.00001,179883654
usdt-tether,USDT,2026-03-13,1.00012,150174167
usdt-tether,USDT,2026-03-14,1.00019,52238691
usdt-tether,USDT,2026-03-15,1.00015,65537545
usdt-tether,USDT,2026-03-16,1.00004,153202273
usdt-tether,USDT,2026-03-17,1.0002,184210796
usdt-tether,USDT,2026-03-18,1.00002,165933702
usdt-tether,USDT,2026-03-19,1.0,122314842
usdt-tether,USDT,2026-03-20,0.99984,110161615
usdt-tether,USDT,2026-03-21,0.99982,32660531
usdt-tether,USDT,2026-03-22,0.99975,38663424
usdt-tether,USDT,2026-03-23,0.99972,155900413
usdt-tether,USDT,2026-03-24,0.99956,243204761
usdt-tether,USDT,2026-03-25,0.99962,135006497
usdt-tether,USDT,2026-03-26,0.99933,144480881
usdt-tether,USDT,2026-03-27,0.99926,241927080
usdt-tether,USDT,2026-03-28,0.9992,43024057
usdt-tether,USDT,2026-03-29,0.99914,23349161
usdt-tether,USDT,2026-03-30,0.99911,213378177
usdt-tether,USDT,2026-03-31,0.99904,241511883
usdt-tether,USDT,2026-04-01,0.99987,172420378
usdt-tether,USDT,2026-04-02,0.99988,133184870
usdt-tether,USDT,2026-04-03,0.99985,70051121
usdt-tether,USDT,2026-04-04,0.99987,29382719
usdt-tether,USDT,2026-04-05,0.99959,28395588
usdt-tether,USDT,2026-04-06,0.9999,122425575
usdt-tether,USDT,2026-04-07,0.99986,181228570
usdt-tether,USDT,2026-04-08,0.9999,102114308
usdt-tether,USDT,2026-04-09,0.99999,116078965
usdt-tether,USDT,2026-04-10,1.0002,156053927
usdt-tether,USDT,2026-04-11,1.00025,81664191
usdt-tether,USDT,2026-04-12,1.0001,87887327
usdt-tether,USDT,2026-04-13,1.00025,315475328
usdt-tether,USDT,2026-04-14,1.0003,411802449
usdt-tether,USDT,2026-04-15,1.00011,272379933
usdt-tether,USDT,2026-04-16,1.00009,161104602
usdt-tether,USDT,2026-04-17,1.0002,333953952
usdt-tether,USDT,2026-04-18,1.00014,199572795
usdt-tether,USDT,2026-04-19,1.00021,283179777
usdt-tether,USDT,2026-04-20,1.00014,354925190
usdt-tether,USDT,2026-04-21,1.00015,255984403
usdt-tether,USDT,2026-04-22,1.00007,293161528
usdt-tether,USDT,2026-04-23,1.00013,292640402
usdt-tether,USDT,2026-04-24,1.0001,227773823
usdt-tether,USDT,2026-04-25,1.00016,72499780
usdt-tether,USDT,2026-04-26,1.00009,57787342
usdt-tether,USDT,2026-04-27,0.99983,208199122
usdt-tether,USDT,2026-04-28,0.99978,132018121
usdt-tether,USDT,2026-04-29,0.99956,181331182
usdt-tether,USDT,2026-04-30,0.99946,215734320
usdt-tether,USDT,2026-05-01,0.99973,113345391
usdt-tether,USDT,2026-05-02,0.99978,42793921
usdt-tether,USDT,2026-05-03,0.99976,66224989
usdt-tether,USDT,2026-05-04,0.99978,194263279
usdt-tether,USDT,2026-05-05,0.99984,192229615
usdt-tether,USDT,2026-05-06,0.99982,218150915
usdt-tether,USDT,2026-05-07,0.99986,184421799
usdt-tether,USDT,2026-05-08,0.99989,144690492
usdt-tether,USDT,2026-05-09,0.99979,37486283
usdt-tether,USDT,2026-05-10,0.99984,69297613
usdt-tether,USDT,2026-05-11,0.99967,144007375
usdt-tether,USDT,2026-05-12,0.99971,158791760
usdt-tether,USDT,2026-05-13,0.99952,149798682
usdt-tether,USDT,2026-05-14,0.99974,185343982
usdt-tether,USDT,2026-05-15,0.9994,185270058
usdt-tether,USDT,2026-05-16,0.99949,32906993
usdt-tether,USDT,2026-05-17,0.99932,24052918
usdt-tether,USDT,2026-05-18,0.99927,197922465
usdt-tether,USDT,2026-05-19,0.99899,192046189
usdt-tether,USDT,2026-05-20,0.999,166799515
usdt-tether,USDT,2026-05-21,0.999,116410405
usdt-tether,USDT,2026-05-22,0.99879,154248843
usdt-tether,USDT,2026-05-23,0.99869,32816105
usdt-tether,USDT,2026-05-24,0.99871,21946585
usdt-tether,USDT,2026-05-25,0.99897,64463163
usdt-tether,USDT,2026-05-26,0.99855,287900540
usdt-tether,USDT,2026-05-27,0.99842,332577756
usdt-tether,USDT,2026-05-28,0.99858,360902134
usdt-tether,USDT,2026-05-29,0.99858,230654059
usdt-tether,USDT,2026-05-30,0.99853,57425790
usdt-tether,USDT,2026-05-31,0.99852,30700140
usdt-tether,USDT,2026-06-01,0.99864,358795773
usdt-tether,USDT,2026-06-02,0.99865,341255703
usdt-tether,USDT,2026-06-03,0.99859,323887345
usdt-tether,USDT,2026-06-04,0.99889,158542866
usdt-tether,USDT,2026-06-05,0.9997,318336147
usdt-tether,USDT,2026-06-06,0.99953,40328089
usdt-tether,USDT,2026-06-07,0.99956,70797699
usdt-tether,USDT,2026-06-08,0.99967,195041858
usdt-tether,USDT,2026-06-09,0.99933,207354523
usdt-tether,USDT,2026-06-10,0.99896,189348958
usdt-tether,USDT,2026-06-11,0.99892,139819047
usdt-tether,USDT,2026-06-12,0.99939,193294610
usdt-tether,USDT,2026-06-13,0.99953,34183311
usdt-tether,USDT,2026-06-14,0.99929,65232303
usdt-tether,USDT,2026-06-15,0.99933,195727706
usdt-tether,USDT,2026-06-16,0.99892,183521019
usdt-tether,USDT,2026-06-17,0.99906,141531396
usdt-tether,USDT,2026-06-18,0.99885,175631300
usdt-tether,USDT,2026-06-19,0.99901,93422343
usdt-tether,USDT,2026-06-20,0.99876,25911563
usdt-tether,USDT,2026-06-21,0.99874,32870180
usdt-tether,USDT,2026-06-22,0.99882,212368234
usdt-tether,USDT,2026-06-23,0.9987,205542441
usdt-tether,USDT,2026-06-24,0.99843,182561112
usdt-tether,USDT,2026-06-25,0.99846,279552832
usdt-tether,USDT,2026-06-26,0.99851,330582465
usdt-tether,USDT,2026-06-27,0.99847,31043939
usdt-tether,USDT,2026-06-28,0.99839,25568537
usdt-tether,USDT,2026-06-29,0.99853,371786379
usdt-tether,USDT,2026-06-30,0.99845,226539648
usdt-tether,USDT,2026-07-01,0.99892,211089302
usdt-tether,USDT,2026-07-02,0.9988,223503431
usdt-tether,USDT,2026-07-03,0.99896,126447598
usdt-tether,USDT,2026-07-04,0.99908,20763591
usdt-tether,USDT,2026-07-05,0.99903,16320112
usdt-tether,USDT,2026-07-06,0.99931,178586030
usdt-tether,USDT,2026-07-07,0.99929,269282638
usdt-tether,USDT,2026-07-08,0.99917,128390859
usdt-tether,USDT,2026-07-09,0.99919,160643231
usdt-tether,USDT,2026-07-10,0.99927,148876461
usdt-tether,USDT,2026-07-11,0.99927,21663002
usdt-tether,USDT,2026-07-12,0.99932,24057878
usdt-tether,USDT,2026-07-13,0.99872,161705837
usdt-tether,USDT,2026-07-14,0.99928,228416832
usdt-tether,USDT,2026-07-15,0.99927,160141337
usdt-tether,USDT,2026-07-16,0.99914,117837496
usdt-tether,USDT,2026-07-17,0.99922,103500539
usdt-tether,USDT,2026-07-18,0.99933,26927126
usdt-tether,USDT,2026-07-19,0.99921,25140091
usdt-tether,USDT,2026-07-20,0.99924,217646563
usdt-tether,USDT,2026-07-21,0.99935,223994779
usdt-tether,USDT,2026-07-22,0.99941,232403572
usdt-tether,USDT,2026-07-23,0.99921,185194596
usdt-tether,USDT,2026-07-24,0.99904,176902131
usdt-tether,USDT,2026-07-25,0.99902,45456742
usdt-tether,USDT,2026-07-26,0.99907,28593366
usdt-tether,USDT,2026-07-27,0.99904,182604067
usdt-tether,USDT,2026-07-28,0.99876,137219648
usdt-tether,USDT,2026-07-29,0.99872,240951834
usdt-tether,USDT,2026-07-30,0.99908,211643937
usdt-tether,USDT,2026-07-31,0.99891,202846150
usdt-tether,USDT,2026-08-01,0.99901,20344415
usdt-tether,USDT,2026-08-02,0.99883,14321009
usdt-tether,USDT,2026-08-03,0.99901,210905309
usdt-tether,USDT,2026-08-04,0.99914,196380074
usdt-tether,USDT,2026-08-05,0.99898,218934180
usdt-tether,USDT,2026-08-06,0.99906,136381377
usdt-tether,USDT,2026-08-07,0.99935,177697745
usdt-tether,USDT,2026-08-08,0.99912,19460791
usdt-tether,USDT,2026-08-09,0.99916,26119679
usdt-tether,USDT,2026-08-10,0.99899,138345007
usdt-tether,USDT,2026-08-11,0.99908,156406978
usdt-tether,USDT,2026-08-12,0.99888,148809745
usdt-tether,USDT,2026-08-13,0.999,138083056
usdt-tether,USDT,2026-08-14,0.99902,189795632
usdt-tether,USDT,2026-08-15,0.99892,20953413
usdt-tether,USDT,2026-08-16,0.9989,23446077
usdt-tether,USDT,2026-08-17,0.999,194087971
usdt-tether,USDT,2026-08-18,0.99926,218464232
usdt-tether,USDT,2026-08-19,0.99942,309753734
usdt-tether,USDT,2026-08-20,0.99966,287064694
usdt-tether,USDT,2026-08-21,0.9998,336683991
usdt-tether,USDT,2026-08-22,0.99979,66873936
usdt-tether,USDT,2026-08-23,0.99992,41905241
usdt-tether,USDT,2026-08-24,0.99986,281475236
usdt-tether,USDT,2026-08-25,0.99983,214040350
usdt-tether,USDT,2026-08-26,0.99995,231310451
usdt-tether,USDT,2026-08-27,1.00013,260069098
usdt-tether,USDT,2026-08-28,0.99989,329456262
usdt-tether,USDT,2026-08-29,0.99993,37882494
usdt-tether,USDT,2026-08-30,0.99984,83768040
usdt-tether,USDT,2026-08-31,0.9997,234798631
usdt-tether,USDT,2026-09-01,0.9994,144660046
usdt-tether,USDT,2026-09-02,0.99956,265381242
usdt-tether,USDT,2026-09-03,0.99998,262308145
usdt-tether,USDT,2026-09-04,1.00019,281313393
usdt-tether,USDT,2026-09-05,1.00004,56677109
usdt-tether,USDT,2026-09-06,0.99995,50775274
usdt-tether,USDT,2026-09-07,0.99977,104776613
usdt-tether,USDT,2026-09-08,0.99991,235117475
usdt-tether,USDT,2026-09-09,0.99971,328474458
usdt-tether,USDT,2026-09-10,0.9996,347270384
usdt-tether,USDT,2026-09-11,0.99972,287327902
usdt-tether,USDT,2026-09-12,0.99982,34462935
usdt-tether,USDT,2026-09-13,0.99951,42559408
usdt-tether,USDT,2026-09-14,0.99985,296995346
usdt-tether,USDT,2026-09-15,0.99927,207594045
usdt-tether,USDT,2026-09-16,0.99915,375074182
usdt-tether,USDT,2026-09-17,0.99912,234724624
usdt-tether,USDT,2026-09-18,0.9997,208140656
usdt-tether,USDT,2026-09-19,0.99966,56355938
usdt-tether,USDT,2026-09-20,0.99973,32493649
usdt-tether,USDT,2026-09-21,0.99983,351086080
usdt-tether,USDT,2026-09-22,0.99986,256777149
usdt-tether,USDT,2026-09-23,0.99979,271580926
usdt-tether,USDT,2026-09-24,0.99968,222738793
usdt-tether,USDT,2026-09-25,0.99979,171338539
usdt-tether,USDT,2026-09-26,0.99975,37220710
usdt-tether,USDT,2026-09-27,0.99975,71193100
usdt-tether,USDT,2026-09-28,0.9995,273337765
usdt-tether,USDT,2026-09-29,0.99955,321000783
usdt-tether,USDT,2026-09-30,0.99954,2463672
bnb-binance-coin,BNB,2025-09-30,1008.65,1774587
bnb-binance-coin,BNB,2025-10-01,1026.69,2721949
bnb-binance-coin,BNB,2025-10-02,1091.16,6615575
bnb-binance-coin,BNB,2025-10-03,1190.56,9905130
bnb-binance-coin,BNB,2025-10-04,1150.88,4306882
bnb-binance-coin,BNB,2025-10-05,1167.82,3815205
bnb-binance-coin,BNB,2025-10-06,1224.99,10512823
bnb-binance-coin,BNB,2025-10-07,1306.13,17725853
bnb-binance-coin,BNB,2025-10-08,1308.21,14684391
bnb-binance-coin,BNB,2025-10-09,1256.53,10209958
bnb-binance-coin,BNB,2025-10-10,1176.75,13679436
bnb-binance-coin,BNB,2025-10-11,1136.14,7454625
bnb-binance-coin,BNB,2025-10-12,1303.45,15829750
bnb-binance-coin,BNB,2025-10-13,1293.46,9700057
bnb-binance-coin,BNB,2025-10-14,1209.43,7176980
bnb-binance-coin,BNB,2025-10-15,1162.57,5501967
bnb-binance-coin,BNB,2025-10-16,1146.96,4841952
bnb-binance-coin,BNB,2025-10-17,1072.68,5202867
bnb-binance-coin,BNB,2025-10-18,1093.11,2239436
bnb-binance-coin,BNB,2025-10-19,1110.64,3237542
bnb-binance-coin,BNB,2025-10-20,1102.66,2164909
bnb-binance-coin,BNB,2025-10-21,1057.82,2294028
bnb-binance-coin,BNB,2025-10-22,1072.28,3174981
bnb-binance-coin,BNB,2025-10-23,1127.69,5382633
bnb-binance-coin,BNB,2025-10-24,1109.03,2581355
bnb-binance-coin,BNB,2025-10-25,1117.0,1190640
bnb-binance-coin,BNB,2025-10-26,1137.83,2361714
bnb-binance-coin,BNB,2025-10-27,1138.95,7681920
bnb-binance-coin,BNB,2025-10-28,1103.87,3278180
bnb-binance-coin,BNB,2025-10-29,1107.33,5307062
bnb-binance-coin,BNB,2025-10-30,1079.01,2690171
bnb-binance-coin,BNB,2025-10-31,1088.77,1544443
bnb-binance-coin,BNB,2025-11-01,1094.93,497501
bnb-binance-coin,BNB,2025-11-02,1083.38,814924
bnb-binance-coin,BNB,2025-11-03,993.15,3283751
bnb-binance-coin,BNB,2025-11-04,936.92,9807857
bnb-binance-coin,BNB,2025-11-05,959.99,2906303
bnb-binance-coin,BNB,2025-11-06,949.56,1044973
bnb-binance-coin,BNB,2025-11-07,990.73,6884146
bnb-binance-coin,BNB,2025-11-08,990.18,1902417
bnb-binance-coin,BNB,2025-11-09,996.14,844947
bnb-binance-coin,BNB,2025-11-10,991.97,1890114
bnb-binance-coin,BNB,2025-11-11,957.54,903143
bnb-binance-coin,BNB,2025-11-12,952.42,1114265
bnb-binance-coin,BNB,2025-11-13,926.64,6263884
bnb-binance-coin,BNB,2025-11-14,915.24,1359074
bnb-binance-coin,BNB,2025-11-15,931.36,2537621
bnb-binance-coin,BNB,2025-11-16,926.82,1382450
bnb-binance-coin,BNB,2025-11-17,906.24,1403218
bnb-binance-coin,BNB,2025-11-18,932.5,968572
bnb-binance-coin,BNB,2025-11-19,896.75,1222751
bnb-binance-coin,BNB,2025-11-20,865.83,1138038
bnb-binance-coin,BNB,2025-11-21,830.11,1680220
bnb-binance-coin,BNB,2025-11-22,833.15,677726
bnb-binance-coin,BNB,2025-11-23,843.42,601073
bnb-binance-coin,BNB,2025-11-24,864.98,1297854
bnb-binance-coin,BNB,2025-11-25,862.39,500207
bnb-binance-coin,BNB,2025-11-26,891.73,862245
bnb-binance-coin,BNB,2025-11-27,895.54,602553
bnb-binance-coin,BNB,2025-11-28,887.65,580541
bnb-binance-coin,BNB,2025-11-29,873.17,213138
bnb-binance-coin,BNB,2025-11-30,875.72,383007
bnb-binance-coin,BNB,2025-12-01,827.29,1404730
bnb-binance-coin,BNB,2025-12-02,876.74,795755
bnb-binance-coin,BNB,2025-12-03,920.8,1762274
bnb-binance-coin,BNB,2025-12-04,900.31,1588893
bnb-binance-coin,BNB,2025-12-05,884.26,1773375
bnb-binance-coin,BNB,2025-12-06,890.72,257927
bnb-binance-coin,BNB,2025-12-07,894.7,2108301
bnb-binance-coin,BNB,2025-12-08,897.24,1439698
bnb-binance-coin,BNB,2025-12-09,897.21,672092
bnb-binance-coin,BNB,2025-12-10,893.7,696957
bnb-binance-coin,BNB,2025-12-11,885.98,1813499
bnb-binance-coin,BNB,2025-12-12,881.81,1146944
bnb-binance-coin,BNB,2025-12-13,896.49,327510
bnb-binance-coin,BNB,2025-12-14,877.61,297817
bnb-binance-coin,BNB,2025-12-15,858.79,528741
bnb-binance-coin,BNB,2025-12-16,874.63,546926
bnb-binance-coin,BNB,2025-12-17,843.07,661151
bnb-binance-coin,BNB,2025-12-18,828.88,725454
bnb-binance-coin,BNB,2025-12-19,856.08,648162
bnb-binance-coin,BNB,2025-12-20,853.82,368186
bnb-binance-coin,BNB,2025-12-21,857.52,212605
bnb-binance-coin,BNB,2025-12-22,857.78,458747
bnb-binance-coin,BNB,2025-12-23,843.77,341039
bnb-binance-coin,BNB,2025-12-24,846.2,314375
bnb-binance-coin,BNB,2025-12-25,829.69,229349
bnb-binance-coin,BNB,2025-12-26,834.13,321869
bnb-binance-coin,BNB,2025-12-27,844.62,362228
bnb-binance-coin,BNB,2025-12-28,858.92,734103
bnb-binance-coin,BNB,2025-12-29,851.31,367472
bnb-binance-coin,BNB,2025-12-30,860.75,331308
bnb-binance-coin,BNB,2025-12-31,862.72,429730
bnb-binance-coin,BNB,2026-01-01,863.01,361805
bnb-binance-coin,BNB,2026-01-02,880.98,2589854
bnb-binance-coin,BNB,2026-01-03,878.26,2367346
bnb-binance-coin,BNB,2026-01-04,894.71,684806
bnb-binance-coin,BNB,2026-01-05,910.24,3157318
bnb-binance-coin,BNB,2026-01-06,917.62,1302271
bnb-binance-coin,BNB,2026-01-07,899.54,819054
bnb-binance-coin,BNB,2026-01-08,891.6,1169367
bnb-binance-coin,BNB,2026-01-09,895.44,498992
bnb-binance-coin,BNB,2026-01-10,906.73,616858
bnb-binance-coin,BNB,2026-01-11,902.63,524164
bnb-binance-coin,BNB,2026-01-12,904.84,990997
bnb-binance-coin,BNB,2026-01-13,943.25,2027490
bnb-binance-coin,BNB,2026-01-14,948.55,1863384
bnb-binance-coin,BNB,2026-01-15,931.03,1125569
bnb-binance-coin,BNB,2026-01-16,937.6,581197
bnb-binance-coin,BNB,2026-01-17,946.88,641086
bnb-binance-coin,BNB,2026-01-18,931.73,676437
bnb-binance-coin,BNB,2026-01-19,923.22,11935154
bnb-binance-coin,BNB,2026-01-20,882.92,9757654
bnb-binance-coin,BNB,2026-01-21,882.51,15334666
bnb-binance-coin,BNB,2026-01-22,886.93,709303
bnb-binance-coin,BNB,2026-01-23,890.49,537470
bnb-binance-coin,BNB,2026-01-24,886.14,224113
bnb-binance-coin,BNB,2026-01-25,865.03,1011426
bnb-binance-coin,BNB,2026-01-26,878.39,994936
bnb-binance-coin,BNB,2026-01-27,897.13,737969
bnb-binance-coin,BNB,2026-01-28,900.96,702026
bnb-binance-coin,BNB,2026-01-29,867.07,1553537
bnb-binance-coin,BNB,2026-01-30,857.21,1805038
bnb-binance-coin,BNB,2026-01-31,780.6,5833528
bnb-binance-coin,BNB,2026-02-01,758.29,2044758
bnb-binance-coin,BNB,2026-02-02,772.83,2787308
bnb-binance-coin,BNB,2026-02-03,753.63,2598449
bnb-binance-coin,BNB,2026-02-04,695.64,2225375
bnb-binance-coin,BNB,2026-02-05,606.7,3570679
bnb-binance-coin,BNB,2026-02-06,657.58,2200741
bnb-binance-coin,BNB,2026-02-07,647.41,1332176
bnb-binance-coin,BNB,2026-02-08,640.2,536546
bnb-binance-coin,BNB,2026-02-09,636.15,488783
bnb-binance-coin,BNB,2026-02-10,619.36,298820
bnb-binance-coin,BNB,2026-02-11,606.63,1626208
bnb-binance-coin,BNB,2026-02-12,613.96,408814
bnb-binance-coin,BNB,2026-02-13,618.77,689773
bnb-binance-coin,BNB,2026-02-14,632.33,412641
bnb-binance-coin,BNB,2026-02-15,614.67,609769
bnb-binance-coin,BNB,2026-02-16,626.9,272589
bnb-binance-coin,BNB,2026-02-17,617.54,286785
bnb-binance-coin,BNB,2026-02-18,604.33,258840
bnb-binance-coin,BNB,2026-02-19,607.64,746208
bnb-binance-coin,BNB,2026-02-20,625.89,630717
bnb-binance-coin,BNB,2026-02-21,626.03,327866
bnb-binance-coin,BNB,2026-02-22,614.63,230297
bnb-binance-coin,BNB,2026-02-23,596.14,818827
bnb-binance-coin,BNB,2026-02-24,584.05,278756
bnb-binance-coin,BNB,2026-02-25,629.58,572029
bnb-binance-coin,BNB,2026-02-26,625.74,329666
bnb-binance-coin,BNB,2026-02-27,614.24,350198
bnb-binance-coin,BNB,2026-02-28,617.03,317039
bnb-binance-coin,BNB,2026-03-01,616.79,596917
bnb-binance-coin,BNB,2026-03-02,637.37,506813
bnb-binance-coin,BNB,2026-03-03,633.62,607770
bnb-binance-coin,BNB,2026-03-04,658.5,699627
bnb-binance-coin,BNB,2026-03-05,647.43,996693
bnb-binance-coin,BNB,2026-03-06,627.62,884231
bnb-binance-coin,BNB,2026-03-07,620.21,385906
bnb-binance-coin,BNB,2026-03-08,611.95,480313
bnb-binance-coin,BNB,2026-03-09,634.67,538430
bnb-binance-coin,BNB,2026-03-10,642.05,384593
bnb-binance-coin,BNB,2026-03-11,651.41,642187
bnb-binance-coin,BNB,2026-03-12,651.58,418209
bnb-binance-coin,BNB,2026-03-13,656.08,1923412
bnb-binance-coin,BNB,2026-03-14,657.82,180442
bnb-binance-coin,BNB,2026-03-15,673.91,900211
bnb-binance-coin,BNB,2026-03-16,679.59,601278
bnb-binance-coin,BNB,2026-03-17,668.6,843864
bnb-binance-coin,BNB,2026-03-18,652.1,996321
bnb-binance-coin,BNB,2026-03-19,639.08,661188
bnb-binance-coin,BNB,2026-03-20,642.04,511921
bnb-binance-coin,BNB,2026-03-21,630.25,158932
bnb-binance-coin,BNB,2026-03-22,626.39,274343
bnb-binance-coin,BNB,2026-03-23,638.88,1939642
bnb-binance-coin,BNB,2026-03-24,638.05,286081
bnb-binance-coin,BNB,2026-03-25,647.38,361154
bnb-binance-coin,BNB,2026-03-26,628.64,372107
bnb-binance-coin,BNB,2026-03-27,613.46,528400
bnb-binance-coin,BNB,2026-03-28,610.6,215443
bnb-binance-coin,BNB,2026-03-29,605.47,440600
bnb-binance-coin,BNB,2026-03-30,608.36,899200
bnb-binance-coin,BNB,2026-03-31,616.84,725760
bnb-binance-coin,BNB,2026-04-01,610.6,561965
bnb-binance-coin,BNB,2026-04-02,583.17,526738
bnb-binance-coin,BNB,2026-04-03,588.24,260087
bnb-binance-coin,BNB,2026-04-04,593.52,188406
bnb-binance-coin,BNB,2026-04-05,601.4,189563
bnb-binance-coin,BNB,2026-04-06,600.21,288040
bnb-binance-coin,BNB,2026-04-07,620.21,463824
bnb-binance-coin,BNB,2026-04-08,601.17,506875
bnb-binance-coin,BNB,2026-04-09,602.75,641130
bnb-binance-coin,BNB,2026-04-10,605.97,330091
bnb-binance-coin,BNB,2026-04-11,607.38,199740
bnb-binance-coin,BNB,2026-04-12,592.41,283665
bnb-binance-coin,BNB,2026-04-13,615.02,533017
bnb-binance-coin,BNB,2026-04-14,614.09,462800
bnb-binance-coin,BNB,2026-04-15,622.8,1658267
bnb-binance-coin,BNB,2026-04-16,635.91,497230
bnb-binance-coin,BNB,2026-04-17,643.8,1290213
bnb-binance-coin,BNB,2026-04-18,630.05,655492
bnb-binance-coin,BNB,2026-04-19,616.32,280194
bnb-binance-coin,BNB,2026-04-20,629.42,389587
bnb-binance-coin,BNB,2026-04-21,632.03,358381
bnb-binance-coin,BNB,2026-04-22,637.77,634184
bnb-binance-coin,BNB,2026-04-23,638.56,575867
bnb-binance-coin,BNB,2026-04-24,636.53,288325
bnb-binance-coin,BNB,2026-04-25,628.63,252900
bnb-binance-coin,BNB,2026-04-26,635.98,191505
bnb-binance-coin,BNB,2026-04-27,626.98,452240
bnb-binance-coin,BNB,2026-04-28,624.43,569640
bnb-binance-coin,BNB,2026-04-29,617.22,359668
bnb-binance-coin,BNB,2026-04-30,614.89,337104
bnb-binance-coin,BNB,2026-05-01,615.16,252726
bnb-binance-coin,BNB,2026-05-02,617.93,343713
bnb-binance-coin,BNB,2026-05-03,617.28,370616
bnb-binance-coin,BNB,2026-05-04,622.58,481515
bnb-binance-coin,BNB,2026-05-05,630.52,1417872
bnb-binance-coin,BNB,2026-05-06,647.69,979033
bnb-binance-coin,BNB,2026-05-07,637.22,978890
bnb-binance-coin,BNB,2026-05-08,649.44,973256
bnb-binance-coin,BNB,2026-05-09,649.83,365118
bnb-binance-coin,BNB,2026-05-10,663.36,1102451
bnb-binance-coin,BNB,2026-05-11,669.86,853161
bnb-binance-coin,BNB,2026-05-12,664.78,708579
bnb-binance-coin,BNB,2026-05-13,671.28,891872
bnb-binance-coin,BNB,2026-05-14,678.08,1615241
bnb-binance-coin,BNB,2026-05-15,672.07,3689232
bnb-binance-coin,BNB,2026-05-16,656.07,937131
bnb-binance-coin,BNB,2026-05-17,648.97,2548239
bnb-binance-coin,BNB,2026-05-18,642.99,2515298
bnb-binance-coin,BNB,2026-05-19,639.43,488875
bnb-binance-coin,BNB,2026-05-20,648.87,490893
bnb-binance-coin,BNB,2026-05-21,657.55,659027
bnb-binance-coin,BNB,2026-05-22,649.81,472147
bnb-binance-coin,BNB,2026-05-23,655.58,693806
bnb-binance-coin,BNB,2026-05-24,655.92,440276
bnb-binance-coin,BNB,2026-05-25,662.35,592183
bnb-binance-coin,BNB,2026-05-26,655.58,487632
bnb-binance-coin,BNB,2026-05-27,648.0,674151
bnb-binance-coin,BNB,2026-05-28,637.47,610942
bnb-binance-coin,BNB,2026-05-29,642.27,541101
bnb-binance-coin,BNB,2026-05-30,717.94,4470192
bnb-binance-coin,BNB,2026-05-31,709.34,3397074
bnb-binance-coin,BNB,2026-06-01,692.19,2752504
bnb-binance-coin,BNB,2026-06-02,649.99,1986985
bnb-binance-coin,BNB,2026-06-03,619.59,1411707
bnb-binance-coin,BNB,2026-06-04,603.92,1317824
bnb-binance-coin,BNB,2026-06-05,571.97,1708009
bnb-binance-coin,BNB,2026-06-06,574.11,484414
bnb-binance-coin,BNB,2026-06-07,604.01,497763
bnb-binance-coin,BNB,2026-06-08,601.54,575370
bnb-binance-coin,BNB,2026-06-09,593.12,477009
bnb-binance-coin,BNB,2026-06-10,585.98,460508
bnb-binance-coin,BNB,2026-06-11,604.94,751012
bnb-binance-coin,BNB,2026-06-12,603.47,839764
bnb-binance-coin,BNB,2026-06-13,609.71,1079546
bnb-binance-coin,BNB,2026-06-14,616.54,375147
bnb-binance-coin,BNB,2026-06-15,617.62,958816
bnb-binance-coin,BNB,2026-06-16,604.5,847461
bnb-binance-coin,BNB,2026-06-17,601.22,488884
bnb-binance-coin,BNB,2026-06-18,578.03,608422
bnb-binance-coin,BNB,2026-06-19,581.17,425813
bnb-binance-coin,BNB,2026-06-20,587.75,306288
bnb-binance-coin,BNB,2026-06-21,583.55,420205
bnb-binance-coin,BNB,2026-06-22,589.57,215896
bnb-binance-coin,BNB,2026-06-23,577.49,372442
bnb-binance-coin,BNB,2026-06-24,563.58,608404
bnb-binance-coin,BNB,2026-06-25,559.65,730413
bnb-binance-coin,BNB,2026-06-26,566.83,774479
bnb-binance-coin,BNB,2026-06-27,556.45,342473
bnb-binance-coin,BNB,2026-06-28,550.49,328319
bnb-binance-coin,BNB,2026-06-29,558.61,381207
bnb-binance-coin,BNB,2026-06-30,545.61,437612
bnb-binance-coin,BNB,2026-07-01,550.04,601344
bnb-binance-coin,BNB,2026-07-02,557.99,658394
bnb-binance-coin,BNB,2026-07-03,573.48,260161
bnb-binance-coin,BNB,2026-07-04,574.76,287076
bnb-binance-coin,BNB,2026-07-05,589.49,1216195
bnb-binance-coin,BNB,2026-07-06,585.61,604207
bnb-binance-coin,BNB,2026-07-07,576.52,826087
bnb-binance-coin,BNB,2026-07-08,568.47,394234
bnb-binance-coin,BNB,2026-07-09,568.41,216537
bnb-binance-coin,BNB,2026-07-10,574.94,280501
bnb-binance-coin,BNB,2026-07-11,574.54,290059
bnb-binance-coin,BNB,2026-07-12,574.25,150691
bnb-binance-coin,BNB,2026-07-13,566.86,268941
bnb-binance-coin,BNB,2026-07-14,580.96,831843
bnb-binance-coin,BNB,2026-07-15,580.27,610048
bnb-binance-coin,BNB,2026-07-16,571.99,1114439
bnb-binance-coin,BNB,2026-07-17,567.87,353473
bnb-binance-coin,BNB,2026-07-18,570.33,181729
bnb-binance-coin,BNB,2026-07-19,570.46,176182
bnb-binance-coin,BNB,2026-07-20,570.89,209513
bnb-binance-coin,BNB,2026-07-21,573.65,379494
bnb-binance-coin,BNB,2026-07-22,570.88,223868
bnb-binance-coin,BNB,2026-07-23,567.03,217170
bnb-binance-coin,BNB,2026-07-24,564.45,241929
bnb-binance-coin,BNB,2026-07-25,568.52,273337
bnb-binance-coin,BNB,2026-07-26,574.74,237614
bnb-binance-coin,BNB,2026-07-27,565.77,302655
bnb-binance-coin,BNB,2026-07-28,570.56,292059
bnb-binance-coin,BNB,2026-07-29,571.44,670336
bnb-binance-coin,BNB,2026-07-30,592.21,791893
bnb-binance-coin,BNB,2026-07-31,586.46,654290
bnb-binance-coin,BNB,2026-08-01,574.71,367741
bnb-binance-coin,BNB,2026-08-02,587.81,295808
bnb-binance-coin,BNB,2026-08-03,588.85,575062
bnb-binance-coin,BNB,2026-08-04,592.79,307023
bnb-binance-coin,BNB,2026-08-05,593.29,881305
bnb-binance-coin,BNB,2026-08-06,591.8,1231585
bnb-binance-coin,BNB,2026-08-07,592.15,531456
bnb-binance-coin,BNB,2026-08-08,600.07,1109355
bnb-binance-coin,BNB,2026-08-09,601.83,978738
bnb-binance-coin,BNB,2026-08-10,598.62,535722
bnb-binance-coin,BNB,2026-08-11,616.49,921338
bnb-binance-coin,BNB,2026-08-12,609.59,1602281
bnb-binance-coin,BNB,2026-08-13,610.16,674350
bnb-binance-coin,BNB,2026-08-14,607.65,668631
bnb-binance-coin,BNB,2026-08-15,607.06,786848
bnb-binance-coin,BNB,2026-08-16,602.43,573348
bnb-binance-coin,BNB,2026-08-17,605.1,736019
bnb-binance-coin,BNB,2026-08-18,603.53,1022802
bnb-binance-coin,BNB,2026-08-19,627.04,1873094
bnb-binance-coin,BNB,2026-08-20,654.69,2914199
bnb-binance-coin,BNB,2026-08-21,687.07,1432850
bnb-binance-coin,BNB,2026-08-22,696.09,2392592
bnb-binance-coin,BNB,2026-08-23,702.23,2102597
bnb-binance-coin,BNB,2026-08-24,704.29,1695913
bnb-binance-coin,BNB,2026-08-25,694.25,1844401
bnb-binance-coin,BNB,2026-08-26,708.05,1110033
bnb-binance-coin,BNB,2026-08-27,711.92,1119481
bnb-binance-coin,BNB,2026-08-28,691.43,871266
bnb-binance-coin,BNB,2026-08-29,692.66,330182
bnb-binance-coin,BNB,2026-08-30,685.16,399323
bnb-binance-coin,BNB,2026-08-31,691.14,730255
bnb-binance-coin,BNB,2026-09-01,682.76,1160101
bnb-binance-coin,BNB,2026-09-02,688.66,1030356
bnb-binance-coin,BNB,2026-09-03,725.18,2570860
bnb-binance-coin,BNB,2026-09-04,721.65,3490855
bnb-binance-coin,BNB,2026-09-05,766.53,7098823
bnb-binance-coin,BNB,2026-09-06,752.91,2212897
bnb-binance-coin,BNB,2026-09-07,739.8,2810199
bnb-binance-coin,BNB,2026-09-08,752.41,2219975
bnb-binance-coin,BNB,2026-09-09,722.65,2355280
bnb-binance-coin,BNB,2026-09-10,708.4,2721870
bnb-binance-coin,BNB,2026-09-11,726.55,2328468
bnb-binance-coin,BNB,2026-09-12,727.37,1119323
bnb-binance-coin,BNB,2026-09-13,716.52,1722482
bnb-binance-coin,BNB,2026-09-14,720.47,1686221
bnb-binance-coin,BNB,2026-09-15,712.12,1164643
bnb-binance-coin,BNB,2026-09-16,725.21,1810538
bnb-binance-coin,BNB,2026-09-17,737.52,2138404
bnb-binance-coin,BNB,2026-09-18,760.93,3944848
bnb-binance-coin,BNB,2026-09-19,761.82,2421234
bnb-binance-coin,BNB,2026-09-20,771.85,1361740
bnb-binance-coin,BNB,2026-09-21,799.63,2498866
bnb-binance-coin,BNB,2026-09-22,788.1,2969415
bnb-binance-coin,BNB,2026-09-23,767.24,2492818
bnb-binance-coin,BNB,2026-09-24,776.44,1548509
bnb-binance-coin,BNB,2026-09-25,777.06,2075418
bnb-binance-coin,BNB,2026-09-26,773.42,926168
bnb-binance-coin,BNB,2026-09-27,778.41,803106
bnb-binance-coin,BNB,2026-09-28,763.6,1429342
bnb-binance-coin,BNB,2026-09-29,758.31,1843377
bnb-binance-coin,BNB,2026-09-30,759.3,76186
xrp-xrp,XRP,2025-09-30,2.84623,38624273
xrp-xrp,XRP,2025-10-01,2.94802,68030498
xrp-xrp,XRP,2025-10-02,3.04009,91275773
xrp-xrp,XRP,2025-10-03,3.04195,61581049
xrp-xrp,XRP,2025-10-04,2.9689,55412574
xrp-xrp,XRP,2025-10-05,2.97001,52389319
xrp-xrp,XRP,2025-10-06,2.99065,49033967
xrp-xrp,XRP,2025-10-07,2.85331,53629937
xrp-xrp,XRP,2025-10-08,2.87911,38380829
xrp-xrp,XRP,2025-10-09,2.8035,53976341
xrp-xrp,XRP,2025-10-10,2.37396,198188597
xrp-xrp,XRP,2025-10-11,2.38495,84968057
xrp-xrp,XRP,2025-10-12,2.52997,61709112
xrp-xrp,XRP,2025-10-13,2.60678,67104763
xrp-xrp,XRP,2025-10-14,2.50468,94511046
xrp-xrp,XRP,2025-10-15,2.41206,40880917
xrp-xrp,XRP,2025-10-16,2.32853,63364752
xrp-xrp,XRP,2025-10-17,2.29415,63525901
xrp-xrp,XRP,2025-10-18,2.36063,18565735
xrp-xrp,XRP,2025-10-19,2.39173,24572585
xrp-xrp,XRP,2025-10-20,2.49602,39748066
xrp-xrp,XRP,2025-10-21,2.42382,40268644
xrp-xrp,XRP,2025-10-22,2.36508,29769460
xrp-xrp,XRP,2025-10-23,2.39528,21507883
xrp-xrp,XRP,2025-10-24,2.51106,33623466
xrp-xrp,XRP,2025-10-25,2.59628,43720588
xrp-xrp,XRP,2025-10-26,2.64608,39361704
xrp-xrp,XRP,2025-10-27,2.63404,40980542
xrp-xrp,XRP,2025-10-28,2.60575,43827564
xrp-xrp,XRP,2025-10-29,2.5502,33264208
xrp-xrp,XRP,2025-10-30,2.43873,64287179
xrp-xrp,XRP,2025-10-31,2.50853,47029302
xrp-xrp,XRP,2025-11-01,2.50527,7028168
xrp-xrp,XRP,2025-11-02,2.52718,20514797
xrp-xrp,XRP,2025-11-03,2.30942,55086745
xrp-xrp,XRP,2025-11-04,2.20506,65520655
xrp-xrp,XRP,2025-11-05,2.34307,39480089
xrp-xrp,XRP,2025-11-06,2.21179,35355663
xrp-xrp,XRP,2025-11-07,2.31355,52406318
xrp-xrp,XRP,2025-11-08,2.28456,20738269
xrp-xrp,XRP,2025-11-09,2.36571,24267835
xrp-xrp,XRP,2025-11-10,2.52519,78015348
xrp-xrp,XRP,2025-11-11,2.3904,36608926
xrp-xrp,XRP,2025-11-12,2.38714,36193265
xrp-xrp,XRP,2025-11-13,2.32089,74357665
xrp-xrp,XRP,2025-11-14,2.24342,57973596
xrp-xrp,XRP,2025-11-15,2.23592,26858440
xrp-xrp,XRP,2025-11-16,2.21327,46026150
xrp-xrp,XRP,2025-11-17,2.1621,62812879
xrp-xrp,XRP,2025-11-18,2.21611,59015878
xrp-xrp,XRP,2025-11-19,2.10774,78847754
xrp-xrp,XRP,2025-11-20,1.99757,59503693
xrp-xrp,XRP,2025-11-21,1.94946,77359738
xrp-xrp,XRP,2025-11-22,1.94945,22450505
xrp-xrp,XRP,2025-11-23,2.04847,40956418
xrp-xrp,XRP,2025-11-24,2.22693,77446818
xrp-xrp,XRP,2025-11-25,2.20191,47685932
xrp-xrp,XRP,2025-11-26,2.22337,34869060
xrp-xrp,XRP,2025-11-27,2.2,25756888
xrp-xrp,XRP,2025-11-28,2.17966,47604420
xrp-xrp,XRP,2025-11-29,2.20284,20869350
xrp-xrp,XRP,2025-11-30,2.15423,26394991
xrp-xrp,XRP,2025-12-01,2.03001,52595234
xrp-xrp,XRP,2025-12-02,2.15367,36672739
xrp-xrp,XRP,2025-12-03,2.19844,33996798
xrp-xrp,XRP,2025-12-04,2.09615,27356583
xrp-xrp,XRP,2025-12-05,2.03579,26362031
xrp-xrp,XRP,2025-12-06,2.03126,13987068
xrp-xrp,XRP,2025-12-07,2.0447,31630750
xrp-xrp,XRP,2025-12-08,2.0725,35456447
xrp-xrp,XRP,2025-12-09,2.10674,46533899
xrp-xrp,XRP,2025-12-10,2.04225,37183934
xrp-xrp,XRP,2025-12-11,2.03441,33535825
xrp-xrp,XRP,2025-12-12,2.00772,25757276
xrp-xrp,XRP,2025-12-13,2.02288,10568663
xrp-xrp,XRP,2025-12-14,1.97863,12780722
xrp-xrp,XRP,2025-12-15,1.89842,38282986
xrp-xrp,XRP,2025-12-16,1.92935,29150761
xrp-xrp,XRP,2025-12-17,1.86226,40437447
xrp-xrp,XRP,2025-12-18,1.80629,51611748
xrp-xrp,XRP,2025-12-19,1.90805,41527514
xrp-xrp,XRP,2025-12-20,1.93271,18008561
xrp-xrp,XRP,2025-12-21,1.92147,11734939
xrp-xrp,XRP,2025-12-22,1.90333,27445412
xrp-xrp,XRP,2025-12-23,1.87222,19961595
xrp-xrp,XRP,2025-12-24,1.86072,15201351
xrp-xrp,XRP,2025-12-25,1.83175,12831721
xrp-xrp,XRP,2025-12-26,1.84233,15390323
xrp-xrp,XRP,2025-12-27,1.87186,8855898
xrp-xrp,XRP,2025-12-28,1.86381,8502096
xrp-xrp,XRP,2025-12-29,1.84863,23328212
xrp-xrp,XRP,2025-12-30,1.87552,15081157
xrp-xrp,XRP,2025-12-31,1.83915,32189629
xrp-xrp,XRP,2026-01-01,1.8769,22962681
xrp-xrp,XRP,2026-01-02,2.006,43510326
xrp-xrp,XRP,2026-01-03,2.01737,35593609
xrp-xrp,XRP,2026-01-04,2.09055,41919539
xrp-xrp,XRP,2026-01-05,2.34735,148872324
xrp-xrp,XRP,2026-01-06,2.30245,159267809
xrp-xrp,XRP,2026-01-07,2.16342,69564622
xrp-xrp,XRP,2026-01-08,2.12151,66114766
xrp-xrp,XRP,2026-01-09,2.09316,49922666
xrp-xrp,XRP,2026-01-10,2.08803,22674686
xrp-xrp,XRP,2026-01-11,2.07174,22365621
xrp-xrp,XRP,2026-01-12,2.05175,48359679
xrp-xrp,XRP,2026-01-13,2.16431,50575572
xrp-xrp,XRP,2026-01-14,2.13878,46071479
xrp-xrp,XRP,2026-01-15,2.07816,35465458
xrp-xrp,XRP,2026-01-16,2.06668,30690529
xrp-xrp,XRP,2026-01-17,2.0622,20102362
xrp-xrp,XRP,2026-01-18,1.99081,24313933
xrp-xrp,XRP,2026-01-19,1.98446,53015383
xrp-xrp,XRP,2026-01-20,1.8878,30928329
xrp-xrp,XRP,2026-01-21,1.94611,41220697
xrp-xrp,XRP,2026-01-22,1.92185,19118130
xrp-xrp,XRP,2026-01-23,1.91729,25943094
xrp-xrp,XRP,2026-01-24,1.91152,7475448
xrp-xrp,XRP,2026-01-25,1.83356,31006634
xrp-xrp,XRP,2026-01-26,1.90195,30420587
xrp-xrp,XRP,2026-01-27,1.91287,17005906
xrp-xrp,XRP,2026-01-28,1.90843,16602944
xrp-xrp,XRP,2026-01-29,1.80463,56551144
xrp-xrp,XRP,2026-01-30,1.73257,56704437
xrp-xrp,XRP,2026-01-31,1.64564,67295435
xrp-xrp,XRP,2026-02-01,1.58837,42840238
xrp-xrp,XRP,2026-02-02,1.61777,54761236
xrp-xrp,XRP,2026-02-03,1.57702,34234504
xrp-xrp,XRP,2026-02-04,1.5087,43542730
xrp-xrp,XRP,2026-02-05,1.21169,126513479
xrp-xrp,XRP,2026-02-06,1.4681,115187477
xrp-xrp,XRP,2026-02-07,1.42259,34460227
xrp-xrp,XRP,2026-02-08,1.43,20624574
xrp-xrp,XRP,2026-02-09,1.43646,35212305
xrp-xrp,XRP,2026-02-10,1.39925,23428194
xrp-xrp,XRP,2026-02-11,1.36882,31497138
xrp-xrp,XRP,2026-02-12,1.36229,24030241
xrp-xrp,XRP,2026-02-13,1.40663,25222293
xrp-xrp,XRP,2026-02-14,1.50878,24658680
xrp-xrp,XRP,2026-02-15,1.47439,60619601
xrp-xrp,XRP,2026-02-16,1.4869,27548181
xrp-xrp,XRP,2026-02-17,1.47305,29727268
xrp-xrp,XRP,2026-02-18,1.42111,20295086
xrp-xrp,XRP,2026-02-19,1.40619,21266055
xrp-xrp,XRP,2026-02-20,1.4287,21585716
xrp-xrp,XRP,2026-02-21,1.43017,12226593
xrp-xrp,XRP,2026-02-22,1.39246,11449340
xrp-xrp,XRP,2026-02-23,1.35145,33128744
xrp-xrp,XRP,2026-02-24,1.34837,25450049
xrp-xrp,XRP,2026-02-25,1.43371,57038219
xrp-xrp,XRP,2026-02-26,1.40265,40202315
xrp-xrp,XRP,2026-02-27,1.35625,32753892
xrp-xrp,XRP,2026-02-28,1.3765,41107445
xrp-xrp,XRP,2026-03-01,1.35254,26690553
xrp-xrp,XRP,2026-03-02,1.38996,43169313
xrp-xrp,XRP,2026-03-03,1.3609,30156861
xrp-xrp,XRP,2026-03-04,1.43095,43990183
xrp-xrp,XRP,2026-03-05,1.40423,21284546
xrp-xrp,XRP,2026-03-06,1.3633,23479492
xrp-xrp,XRP,2026-03-07,1.35666,6455412
xrp-xrp,XRP,2026-03-08,1.34033,10812713
xrp-xrp,XRP,2026-03-09,1.3632,15803473
xrp-xrp,XRP,2026-03-10,1.38665,25566831
xrp-xrp,XRP,2026-03-11,1.38454,20906468
xrp-xrp,XRP,2026-03-12,1.3853,19068612
xrp-xrp,XRP,2026-03-13,1.39936,46777891
xrp-xrp,XRP,2026-03-14,1.4067,6986479
xrp-xrp,XRP,2026-03-15,1.44939,21048780
xrp-xrp,XRP,2026-03-16,1.54327,49074960
xrp-xrp,XRP,2026-03-17,1.51856,56948376
xrp-xrp,XRP,2026-03-18,1.46509,41385408
xrp-xrp,XRP,2026-03-19,1.44753,23880589
xrp-xrp,XRP,2026-03-20,1.44483,19915264
xrp-xrp,XRP,2026-03-21,1.40901,11815371
xrp-xrp,XRP,2026-03-22,1.38473,15921862
xrp-xrp,XRP,2026-03-23,1.43195,28820243
xrp-xrp,XRP,2026-03-24,1.4155,21830735
xrp-xrp,XRP,2026-03-25,1.4142,15675703
xrp-xrp,XRP,2026-03-26,1.36002,16106178
xrp-xrp,XRP,2026-03-27,1.3249,35975515
xrp-xrp,XRP,2026-03-28,1.33262,8816531
xrp-xrp,XRP,2026-03-29,1.32671,10872441
xrp-xrp,XRP,2026-03-30,1.32307,18860882
xrp-xrp,XRP,2026-03-31,1.3402,16224680
xrp-xrp,XRP,2026-04-01,1.34753,16870697
xrp-xrp,XRP,2026-04-02,1.32027,23227222
xrp-xrp,XRP,2026-04-03,1.31824,13927229
xrp-xrp,XRP,2026-04-04,1.31474,4617922
xrp-xrp,XRP,2026-04-05,1.32576,11701168
xrp-xrp,XRP,2026-04-06,1.32109,18924722
xrp-xrp,XRP,2026-04-07,1.379,22374980
xrp-xrp,XRP,2026-04-08,1.34295,20974493
xrp-xrp,XRP,2026-04-09,1.34377,25246394
xrp-xrp,XRP,2026-04-10,1.3569,13746445
xrp-xrp,XRP,2026-04-11,1.35505,13786306
xrp-xrp,XRP,2026-04-12,1.32472,11978479
xrp-xrp,XRP,2026-04-13,1.37634,19189721
xrp-xrp,XRP,2026-04-14,1.36221,22646921
xrp-xrp,XRP,2026-04-15,1.392,21308203
xrp-xrp,XRP,2026-04-16,1.45337,31331828
xrp-xrp,XRP,2026-04-17,1.47712,44682252
xrp-xrp,XRP,2026-04-18,1.43282,22413001
xrp-xrp,XRP,2026-04-19,1.39467,16246923
xrp-xrp,XRP,2026-04-20,1.425,18179970
xrp-xrp,XRP,2026-04-21,1.43391,17891808
xrp-xrp,XRP,2026-04-22,1.42958,23963061
xrp-xrp,XRP,2026-04-23,1.43914,14387648
xrp-xrp,XRP,2026-04-24,1.43387,27846081
xrp-xrp,XRP,2026-04-25,1.42428,6441446
xrp-xrp,XRP,2026-04-26,1.4309,7835788
xrp-xrp,XRP,2026-04-27,1.40065,22468423
xrp-xrp,XRP,2026-04-28,1.38028,12543191
xrp-xrp,XRP,2026-04-29,1.36862,18570893
xrp-xrp,XRP,2026-04-30,1.36746,12341769
xrp-xrp,XRP,2026-05-01,1.38549,12220672
xrp-xrp,XRP,2026-05-02,1.39359,6328895
xrp-xrp,XRP,2026-05-03,1.38763,6970969
xrp-xrp,XRP,2026-05-04,1.39166,16368685
xrp-xrp,XRP,2026-05-05,1.41284,11094159
xrp-xrp,XRP,2026-05-06,1.42468,27445110
xrp-xrp,XRP,2026-05-07,1.38663,12517664
xrp-xrp,XRP,2026-05-08,1.41793,12134160
xrp-xrp,XRP,2026-05-09,1.42018,9601868
xrp-xrp,XRP,2026-05-10,1.4729,33904594
xrp-xrp,XRP,2026-05-11,1.47747,23387945
xrp-xrp,XRP,2026-05-12,1.43667,18588788
xrp-xrp,XRP,2026-05-13,1.42664,17890613
xrp-xrp,XRP,2026-05-14,1.48508,55100776
xrp-xrp,XRP,2026-05-15,1.43352,25368721
xrp-xrp,XRP,2026-05-16,1.41334,14519728
xrp-xrp,XRP,2026-05-17,1.4012,16045029
xrp-xrp,XRP,2026-05-18,1.38937,18589023
xrp-xrp,XRP,2026-05-19,1.36043,19133470
xrp-xrp,XRP,2026-05-20,1.36589,12839562
xrp-xrp,XRP,2026-05-21,1.37232,12501200
xrp-xrp,XRP,2026-05-22,1.33246,18111616
xrp-xrp,XRP,2026-05-23,1.35674,14629079
xrp-xrp,XRP,2026-05-24,1.34911,9444088
xrp-xrp,XRP,2026-05-25,1.34903,6261732
xrp-xrp,XRP,2026-05-26,1.32722,16687357
xrp-xrp,XRP,2026-05-27,1.30569,14652486
xrp-xrp,XRP,2026-05-28,1.31354,28482066
xrp-xrp,XRP,2026-05-29,1.32794,24881192
xrp-xrp,XRP,2026-05-30,1.33878,16570334
xrp-xrp,XRP,2026-05-31,1.33089,7843075
xrp-xrp,XRP,2026-06-01,1.29573,18928807
xrp-xrp,XRP,2026-06-02,1.21015,36831080
xrp-xrp,XRP,2026-06-03,1.19959,28426444
xrp-xrp,XRP,2026-06-04,1.1677,40140780
xrp-xrp,XRP,2026-06-05,1.09744,44971907
xrp-xrp,XRP,2026-06-06,1.09292,23543127
xrp-xrp,XRP,2026-06-07,1.15493,26866895
xrp-xrp,XRP,2026-06-08,1.16764,25818846
xrp-xrp,XRP,2026-06-09,1.1366,24079754
xrp-xrp,XRP,2026-06-10,1.0964,21843363
xrp-xrp,XRP,2026-06-11,1.14064,16796787
xrp-xrp,XRP,2026-06-12,1.13171,20621966
xrp-xrp,XRP,2026-06-13,1.14979,8902073
xrp-xrp,XRP,2026-06-14,1.18537,15092484
xrp-xrp,XRP,2026-06-15,1.2374,51776731
xrp-xrp,XRP,2026-06-16,1.21594,24296476
xrp-xrp,XRP,2026-06-17,1.18587,28458895
xrp-xrp,XRP,2026-06-18,1.14534,19044660
xrp-xrp,XRP,2026-06-19,1.13531,14469681
xrp-xrp,XRP,2026-06-20,1.14892,9566268
xrp-xrp,XRP,2026-06-21,1.12362,7471031
xrp-xrp,XRP,2026-06-22,1.12844,18244239
xrp-xrp,XRP,2026-06-23,1.10903,18239704
xrp-xrp,XRP,2026-06-24,1.07173,30722580
xrp-xrp,XRP,2026-06-25,1.04156,34320561
xrp-xrp,XRP,2026-06-26,1.04761,34961500
xrp-xrp,XRP,2026-06-27,1.04607,15717725
xrp-xrp,XRP,2026-06-28,1.04696,8081942
xrp-xrp,XRP,2026-06-29,1.05745,23851284
xrp-xrp,XRP,2026-06-30,1.03854,20190815
xrp-xrp,XRP,2026-07-01,1.05162,23580137
xrp-xrp,XRP,2026-07-02,1.08698,30355678
xrp-xrp,XRP,2026-07-03,1.13427,27926632
xrp-xrp,XRP,2026-07-04,1.15626,31534659
xrp-xrp,XRP,2026-07-05,1.15617,22558969
xrp-xrp,XRP,2026-07-06,1.1438,24074385
xrp-xrp,XRP,2026-07-07,1.11123,14383623
xrp-xrp,XRP,2026-07-08,1.08991,18972896
xrp-xrp,XRP,2026-07-09,1.09259,9700607
xrp-xrp,XRP,2026-07-10,1.10386,10609171
xrp-xrp,XRP,2026-07-11,1.09638,7452204
xrp-xrp,XRP,2026-07-12,1.08544,8213495
xrp-xrp,XRP,2026-07-13,1.06617,13040689
xrp-xrp,XRP,2026-07-14,1.11084,16571548
xrp-xrp,XRP,2026-07-15,1.11252,14446607
xrp-xrp,XRP,2026-07-16,1.08638,9372406
xrp-xrp,XRP,2026-07-17,1.08818,8095656
xrp-xrp,XRP,2026-07-18,1.09205,8531549
xrp-xrp,XRP,2026-07-19,1.09699,4964967
xrp-xrp,XRP,2026-07-20,1.1116,11860401
xrp-xrp,XRP,2026-07-21,1.14289,19941121
xrp-xrp,XRP,2026-07-22,1.14164,11602253
xrp-xrp,XRP,2026-07-23,1.10721,12571910
xrp-xrp,XRP,2026-07-24,1.09103,11585678
xrp-xrp,XRP,2026-07-25,1.09685,4904962
xrp-xrp,XRP,2026-07-26,1.11194,5167255
xrp-xrp,XRP,2026-07-27,1.06522,15324201
xrp-xrp,XRP,2026-07-28,1.0678,11957298
xrp-xrp,XRP,2026-07-29,1.07243,14079622
xrp-xrp,XRP,2026-07-30,1.08201,5671992
xrp-xrp,XRP,2026-07-31,1.06081,11788219
xrp-xrp,XRP,2026-08-01,1.05952,5357384
xrp-xrp,XRP,2026-08-02,1.08569,6806100
xrp-xrp,XRP,2026-08-03,1.07483,7565859
xrp-xrp,XRP,2026-08-04,1.07311,8064462
xrp-xrp,XRP,2026-08-05,1.06121,9681309
xrp-xrp,XRP,2026-08-06,1.0343,24285237
xrp-xrp,XRP,2026-08-07,1.0206,22695210
xrp-xrp,XRP,2026-08-08,1.03865,9453295
xrp-xrp,XRP,2026-08-09,1.02907,5732182
xrp-xrp,XRP,2026-08-10,1.01095,10685541
xrp-xrp,XRP,2026-08-11,1.02221,19000389
xrp-xrp,XRP,2026-08-12,1.00461,5919660
xrp-xrp,XRP,2026-08-13,1.00855,11988150
xrp-xrp,XRP,2026-08-14,0.99859,11920402
xrp-xrp,XRP,2026-08-15,1.00175,5380733
xrp-xrp,XRP,2026-08-16,0.99245,4489186
xrp-xrp,XRP,2026-08-17,1.00223,11209129
xrp-xrp,XRP,2026-08-18,1.00107,9078581
xrp-xrp,XRP,2026-08-19,1.10537,48575985
xrp-xrp,XRP,2026-08-20,1.268,114808281
xrp-xrp,XRP,2026-08-21,1.45425,182050998
xrp-xrp,XRP,2026-08-22,1.46177,328286449
xrp-xrp,XRP,2026-08-23,1.51989,100998233
xrp-xrp,XRP,2026-08-24,1.48115,89732216
xrp-xrp,XRP,2026-08-25,1.4335,66268569
xrp-xrp,XRP,2026-08-26,1.42282,96197937
xrp-xrp,XRP,2026-08-27,1.45357,54165842
xrp-xrp,XRP,2026-08-28,1.38376,88574195
xrp-xrp,XRP,2026-08-29,1.39661,17945746
xrp-xrp,XRP,2026-08-30,1.35751,27481173
xrp-xrp,XRP,2026-08-31,1.37943,32647796
xrp-xrp,XRP,2026-09-01,1.35111,31143694
xrp-xrp,XRP,2026-09-02,1.35075,48820585
xrp-xrp,XRP,2026-09-03,1.45113,87211737
xrp-xrp,XRP,2026-09-04,1.39896,58870458
xrp-xrp,XRP,2026-09-05,1.41238,37556697
xrp-xrp,XRP,2026-09-06,1.42357,35728172
xrp-xrp,XRP,2026-09-07,1.39644,50140851
xrp-xrp,XRP,2026-09-08,1.4172,56156759
xrp-xrp,XRP,2026-09-09,1.39493,56175038
xrp-xrp,XRP,2026-09-10,1.33398,50173204
xrp-xrp,XRP,2026-09-11,1.35614,67042008
xrp-xrp,XRP,2026-09-12,1.36616,30169858
xrp-xrp,XRP,2026-09-13,1.34064,25030112
xrp-xrp,XRP,2026-09-14,1.42315,120528924
xrp-xrp,XRP,2026-09-15,1.28257,158468399
xrp-xrp,XRP,2026-09-16,1.29828,77991178
xrp-xrp,XRP,2026-09-17,1.296,60191603
xrp-xrp,XRP,2026-09-18,1.39609,124125339
xrp-xrp,XRP,2026-09-19,1.41018,70933151
xrp-xrp,XRP,2026-09-20,1.41013,59309499
xrp-xrp,XRP,2026-09-21,1.53636,147859503
xrp-xrp,XRP,2026-09-22,1.57231,164308373
xrp-xrp,XRP,2026-09-23,1.50078,158338931
xrp-xrp,XRP,2026-09-24,1.53423,72606454
xrp-xrp,XRP,2026-09-25,1.56815,143411599
xrp-xrp,XRP,2026-09-26,1.52708,60592621
xrp-xrp,XRP,2026-09-27,1.51642,48913807
xrp-xrp,XRP,2026-09-28,1.49612,64465969
xrp-xrp,XRP,2026-09-29,1.49011,90182721
xrp-xrp,XRP,2026-09-30,1.49076,1279307
usdc-usd-coin,USDC,2025-09-30,0.9996,63872484
usdc-usd-coin,USDC,2025-10-01,0.9998,102910157
usdc-usd-coin,USDC,2025-10-02,0.9997,99793906
usdc-usd-coin,USDC,2025-10-03,0.9998,118176914
usdc-usd-coin,USDC,2025-10-04,0.9997,34938925
usdc-usd-coin,USDC,2025-10-05,0.9998,33095485
usdc-usd-coin,USDC,2025-10-06,0.9998,112441350
usdc-usd-coin,USDC,2025-10-07,0.9996,114869755
usdc-usd-coin,USDC,2025-10-08,0.9997,91550360
usdc-usd-coin,USDC,2025-10-09,0.9997,80491065
usdc-usd-coin,USDC,2025-10-10,0.9999,251482068
usdc-usd-coin,USDC,2025-10-11,0.9998,151326092
usdc-usd-coin,USDC,2025-10-12,1.0,116463738
usdc-usd-coin,USDC,2025-10-13,0.9999,130904368
usdc-usd-coin,USDC,2025-10-14,0.9998,141648834
usdc-usd-coin,USDC,2025-10-15,0.9999,107647869
usdc-usd-coin,USDC,2025-10-16,0.9998,122215822
usdc-usd-coin,USDC,2025-10-17,0.9999,116611819
usdc-usd-coin,USDC,2025-10-18,0.9998,27393471
usdc-usd-coin,USDC,2025-10-19,0.9999,25465834
usdc-usd-coin,USDC,2025-10-20,0.9998,95122989
usdc-usd-coin,USDC,2025-10-21,0.9998,83052352
usdc-usd-coin,USDC,2025-10-22,0.9998,113555662
usdc-usd-coin,USDC,2025-10-23,0.9999,69585355
usdc-usd-coin,USDC,2025-10-24,0.9999,48471265
usdc-usd-coin,USDC,2025-10-25,0.9999,7968518
usdc-usd-coin,USDC,2025-10-26,0.9998,22960360
usdc-usd-coin,USDC,2025-10-27,0.9998,66035281
usdc-usd-coin,USDC,2025-10-28,0.9998,94879124
usdc-usd-coin,USDC,2025-10-29,0.9998,68195869
usdc-usd-coin,USDC,2025-10-30,0.9997,65434745
usdc-usd-coin,USDC,2025-10-31,0.9998,81637188
usdc-usd-coin,USDC,2025-11-01,0.9998,21627356
usdc-usd-coin,USDC,2025-11-02,0.9998,28384769
usdc-usd-coin,USDC,2025-11-03,0.9997,81609475
usdc-usd-coin,USDC,2025-11-04,0.9997,148070905
usdc-usd-coin,USDC,2025-11-05,0.9997,107997795
usdc-usd-coin,USDC,2025-11-06,0.9997,75752139
usdc-usd-coin,USDC,2025-11-07,0.9999,131806869
usdc-usd-coin,USDC,2025-11-08,0.9997,38204932
usdc-usd-coin,USDC,2025-11-09,0.9998,24495266
usdc-usd-coin,USDC,2025-11-10,0.9999,73655417
usdc-usd-coin,USDC,2025-11-11,0.9997,58806117
usdc-usd-coin,USDC,2025-11-12,0.9997,56685198
usdc-usd-coin,USDC,2025-11-13,0.9997,87631834
usdc-usd-coin,USDC,2025-11-14,0.9997,59468129
usdc-usd-coin,USDC,2025-11-15,0.9998,19357969
usdc-usd-coin,USDC,2025-11-16,0.9997,28331529
usdc-usd-coin,USDC,2025-11-17,0.9997,108142635
usdc-usd-coin,USDC,2025-11-18,0.9997,92302971
usdc-usd-coin,USDC,2025-11-19,0.9997,98548599
usdc-usd-coin,USDC,2025-11-20,0.9997,83428814
usdc-usd-coin,USDC,2025-11-21,0.9997,78440417
usdc-usd-coin,USDC,2025-11-22,0.9996,35978809
usdc-usd-coin,USDC,2025-11-23,0.9997,40624177
usdc-usd-coin,USDC,2025-11-24,0.9997,99013593
usdc-usd-coin,USDC,2025-11-25,0.9997,68556564
usdc-usd-coin,USDC,2025-11-26,0.9997,66866206
usdc-usd-coin,USDC,2025-11-27,0.9998,46952421
usdc-usd-coin,USDC,2025-11-28,0.9997,61510488
usdc-usd-coin,USDC,2025-11-29,0.9997,53425187
usdc-usd-coin,USDC,2025-11-30,0.9997,10067654
usdc-usd-coin,USDC,2025-12-01,0.9997,111830924
usdc-usd-coin,USDC,2025-12-02,0.9999,105753716
usdc-usd-coin,USDC,2025-12-03,0.9998,95097979
usdc-usd-coin,USDC,2025-12-04,0.9998,57733412
usdc-usd-coin,USDC,2025-12-05,0.9998,58680741
usdc-usd-coin,USDC,2025-12-06,0.9997,16422452
usdc-usd-coin,USDC,2025-12-07,0.9998,11161724
usdc-usd-coin,USDC,2025-12-08,0.9997,61018110
usdc-usd-coin,USDC,2025-12-09,0.9998,64921960
usdc-usd-coin,USDC,2025-12-10,0.9997,53187749
usdc-usd-coin,USDC,2025-12-11,0.9998,54963724
usdc-usd-coin,USDC,2025-12-12,0.9998,52273331
usdc-usd-coin,USDC,2025-12-13,0.9997,16553441
usdc-usd-coin,USDC,2025-12-14,0.9998,35641855
usdc-usd-coin,USDC,2025-12-15,0.9998,79610551
usdc-usd-coin,USDC,2025-12-16,0.9998,62256084
usdc-usd-coin,USDC,2025-12-17,0.9999,70006991
usdc-usd-coin,USDC,2025-12-18,0.9998,73955906
usdc-usd-coin,USDC,2025-12-19,0.9997,67310532
usdc-usd-coin,USDC,2025-12-20,0.9998,18425408
usdc-usd-coin,USDC,2025-12-21,0.9998,25690098
usdc-usd-coin,USDC,2025-12-22,0.9997,93375090
usdc-usd-coin,USDC,2025-12-23,0.9998,106733468
usdc-usd-coin,USDC,2025-12-24,0.9998,53564906
usdc-usd-coin,USDC,2025-12-25,0.9996,11901879
usdc-usd-coin,USDC,2025-12-26,0.9998,29235868
usdc-usd-coin,USDC,2025-12-27,0.9997,13653391
usdc-usd-coin,USDC,2025-12-28,0.9997,11779469
usdc-usd-coin,USDC,2025-12-29,0.9997,101340938
usdc-usd-coin,USDC,2025-12-30,0.9997,96321845
usdc-usd-coin,USDC,2025-12-31,0.9996,71144561
usdc-usd-coin,USDC,2026-01-01,0.9997,32115164
usdc-usd-coin,USDC,2026-01-02,0.9996,90359200
usdc-usd-coin,USDC,2026-01-03,0.9997,33754772
usdc-usd-coin,USDC,2026-01-04,0.9997,37230733
usdc-usd-coin,USDC,2026-01-05,0.9997,99547997
usdc-usd-coin,USDC,2026-01-06,0.9998,74933732
usdc-usd-coin,USDC,2026-01-07,0.9997,92842503
usdc-usd-coin,USDC,2026-01-08,0.9997,86362478
usdc-usd-coin,USDC,2026-01-09,0.9996,70964119
usdc-usd-coin,USDC,2026-01-10,0.9996,11089838
usdc-usd-coin,USDC,2026-01-11,0.9997,16183036
usdc-usd-coin,USDC,2026-01-12,0.9998,66088256
usdc-usd-coin,USDC,2026-01-13,0.9998,74136101
usdc-usd-coin,USDC,2026-01-14,0.9996,66979922
usdc-usd-coin,USDC,2026-01-15,0.9998,34663798
usdc-usd-coin,USDC,2026-01-16,0.9998,68862688
usdc-usd-coin,USDC,2026-01-17,0.9997,8612760
usdc-usd-coin,USDC,2026-01-18,0.9997,13428018
usdc-usd-coin,USDC,2026-01-19,0.9997,53043043
usdc-usd-coin,USDC,2026-01-20,0.9998,109605148
usdc-usd-coin,USDC,2026-01-21,0.9997,74196360
usdc-usd-coin,USDC,2026-01-22,0.9997,61553558
usdc-usd-coin,USDC,2026-01-23,0.9995,40945589
usdc-usd-coin,USDC,2026-01-24,0.9997,18629440
usdc-usd-coin,USDC,2026-01-25,0.9997,39065263
usdc-usd-coin,USDC,2026-01-26,0.9997,55550311
usdc-usd-coin,USDC,2026-01-27,0.9996,79230789
usdc-usd-coin,USDC,2026-01-28,0.9996,77439244
usdc-usd-coin,USDC,2026-01-29,0.9996,75014849
usdc-usd-coin,USDC,2026-01-30,0.9997,77785628
usdc-usd-coin,USDC,2026-01-31,0.9995,53370431
usdc-usd-coin,USDC,2026-02-01,0.9997,30716960
usdc-usd-coin,USDC,2026-02-02,0.9997,101419378
usdc-usd-coin,USDC,2026-02-03,0.9996,79746584
usdc-usd-coin,USDC,2026-02-04,0.9998,95983851
usdc-usd-coin,USDC,2026-02-05,0.9997,142232215
usdc-usd-coin,USDC,2026-02-06,0.9998,149124869
usdc-usd-coin,USDC,2026-02-07,0.9998,38826563
usdc-usd-coin,USDC,2026-02-08,0.9999,21486657
usdc-usd-coin,USDC,2026-02-09,0.9998,63871362
usdc-usd-coin,USDC,2026-02-10,0.9999,39314062
usdc-usd-coin,USDC,2026-02-11,0.9998,40331897
usdc-usd-coin,USDC,2026-02-12,0.9998,56457077
usdc-usd-coin,USDC,2026-02-13,0.9999,45907578
usdc-usd-coin,USDC,2026-02-14,0.9998,26416438
usdc-usd-coin,USDC,2026-02-15,1.0,18225867
usdc-usd-coin,USDC,2026-02-16,1.0,44446687
usdc-usd-coin,USDC,2026-02-17,1.0,50109122
usdc-usd-coin,USDC,2026-02-18,0.9999,63536118
usdc-usd-coin,USDC,2026-02-19,1.0,62643903
usdc-usd-coin,USDC,2026-02-20,0.9998,63788335
usdc-usd-coin,USDC,2026-02-21,0.9999,20801193
usdc-usd-coin,USDC,2026-02-22,0.9999,17242944
usdc-usd-coin,USDC,2026-02-23,0.9998,65891650
usdc-usd-coin,USDC,2026-02-24,1.0,59234699
usdc-usd-coin,USDC,2026-02-25,0.9999,66776699
usdc-usd-coin,USDC,2026-02-26,1.0,49220020
usdc-usd-coin,USDC,2026-02-27,1.0,67021120
usdc-usd-coin,USDC,2026-02-28,0.9999,23092896
usdc-usd-coin,USDC,2026-03-01,1.0,37891696
usdc-usd-coin,USDC,2026-03-02,0.9998,58625592
usdc-usd-coin,USDC,2026-03-03,0.9999,67700307
usdc-usd-coin,USDC,2026-03-04,1.0,64231723
usdc-usd-coin,USDC,2026-03-05,0.9999,40695151
usdc-usd-coin,USDC,2026-03-06,1.0,57920637
usdc-usd-coin,USDC,2026-03-07,0.9999,22335143
usdc-usd-coin,USDC,2026-03-08,0.9999,15823621
usdc-usd-coin,USDC,2026-03-09,0.9999,37382321
usdc-usd-coin,USDC,2026-03-10,0.9999,67605457
usdc-usd-coin,USDC,2026-03-11,0.9999,33173874
usdc-usd-coin,USDC,2026-03-12,1.0,35575417
usdc-usd-coin,USDC,2026-03-13,0.9999,54284958
usdc-usd-coin,USDC,2026-03-14,0.9999,18522149
usdc-usd-coin,USDC,2026-03-15,0.9999,22533097
usdc-usd-coin,USDC,2026-03-16,1.0,54157817
usdc-usd-coin,USDC,2026-03-17,0.9999,38475978
usdc-usd-coin,USDC,2026-03-18,1.0,45687789
usdc-usd-coin,USDC,2026-03-19,1.0,31314213
usdc-usd-coin,USDC,2026-03-20,1.0,47681399
usdc-usd-coin,USDC,2026-03-21,0.9999,21014187
usdc-usd-coin,USDC,2026-03-22,0.9999,25577372
usdc-usd-coin,USDC,2026-03-23,0.9998,49174583
usdc-usd-coin,USDC,2026-03-24,0.9998,42994307
usdc-usd-coin,USDC,2026-03-25,0.9998,59251626
usdc-usd-coin,USDC,2026-03-26,0.9997,40624867
usdc-usd-coin,USDC,2026-03-27,0.9998,43738060
usdc-usd-coin,USDC,2026-03-28,0.9997,18437787
usdc-usd-coin,USDC,2026-03-29,0.9998,14031807
usdc-usd-coin,USDC,2026-03-30,0.9997,66035168
usdc-usd-coin,USDC,2026-03-31,0.9997,68772193
usdc-usd-coin,USDC,2026-04-01,0.9999,61194614
usdc-usd-coin,USDC,2026-04-02,0.9999,50456268
usdc-usd-coin,USDC,2026-04-03,0.9999,29883737
usdc-usd-coin,USDC,2026-04-04,0.9999,13731303
usdc-usd-coin,USDC,2026-04-05,0.9998,15919413
usdc-usd-coin,USDC,2026-04-06,0.9998,40947097
usdc-usd-coin,USDC,2026-04-07,0.9999,38443623
usdc-usd-coin,USDC,2026-04-08,0.9998,43272040
usdc-usd-coin,USDC,2026-04-09,0.9999,33540260
usdc-usd-coin,USDC,2026-04-10,0.9998,30879438
usdc-usd-coin,USDC,2026-04-11,0.9999,15327836
usdc-usd-coin,USDC,2026-04-12,0.9998,13859421
usdc-usd-coin,USDC,2026-04-13,0.9997,47980883
usdc-usd-coin,USDC,2026-04-14,0.9998,36488541
usdc-usd-coin,USDC,2026-04-15,0.9999,55510203
usdc-usd-coin,USDC,2026-04-16,0.9998,103727910
usdc-usd-coin,USDC,2026-04-17,0.9997,47114816
usdc-usd-coin,USDC,2026-04-18,0.9997,18405045
usdc-usd-coin,USDC,2026-04-19,0.9998,21545841
usdc-usd-coin,USDC,2026-04-20,0.9999,44847874
usdc-usd-coin,USDC,2026-04-21,0.9997,36335470
usdc-usd-coin,USDC,2026-04-22,0.9997,30952110
usdc-usd-coin,USDC,2026-04-23,0.9998,35546705
usdc-usd-coin,USDC,2026-04-24,0.9997,37457325
usdc-usd-coin,USDC,2026-04-25,0.9998,21052656
usdc-usd-coin,USDC,2026-04-26,0.9998,16483441
usdc-usd-coin,USDC,2026-04-27,0.9998,52310238
usdc-usd-coin,USDC,2026-04-28,0.9998,33992545
usdc-usd-coin,USDC,2026-04-29,0.9998,54846089
usdc-usd-coin,USDC,2026-04-30,0.9997,35681315
usdc-usd-coin,USDC,2026-05-01,0.9998,41524328
usdc-usd-coin,USDC,2026-05-02,0.9998,14449966
usdc-usd-coin,USDC,2026-05-03,0.9998,25494730
usdc-usd-coin,USDC,2026-05-04,0.9999,57244485
usdc-usd-coin,USDC,2026-05-05,0.9998,50452223
usdc-usd-coin,USDC,2026-05-06,0.9997,50136203
usdc-usd-coin,USDC,2026-05-07,0.9999,79070159
usdc-usd-coin,USDC,2026-05-08,0.9999,52194919
usdc-usd-coin,USDC,2026-05-09,0.9998,17825424
usdc-usd-coin,USDC,2026-05-10,0.9999,33713346
usdc-usd-coin,USDC,2026-05-11,0.9999,123069282
usdc-usd-coin,USDC,2026-05-12,0.9998,42878585
usdc-usd-coin,USDC,2026-05-13,0.9997,67402830
usdc-usd-coin,USDC,2026-05-14,0.9997,77809421
usdc-usd-coin,USDC,2026-05-15,0.9998,40356175
usdc-usd-coin,USDC,2026-05-16,0.9997,11147341
usdc-usd-coin,USDC,2026-05-17,0.9998,15366378
usdc-usd-coin,USDC,2026-05-18,0.9998,41244223
usdc-usd-coin,USDC,2026-05-19,0.9997,51703574
usdc-usd-coin,USDC,2026-05-20,0.9997,49895894
usdc-usd-coin,USDC,2026-05-21,0.9996,30947015
usdc-usd-coin,USDC,2026-05-22,0.9996,47480848
usdc-usd-coin,USDC,2026-05-23,0.9996,23124271
usdc-usd-coin,USDC,2026-05-24,0.9996,29567936
usdc-usd-coin,USDC,2026-05-25,0.9996,34316926
usdc-usd-coin,USDC,2026-05-26,0.9996,66012249
usdc-usd-coin,USDC,2026-05-27,0.9996,36011912
usdc-usd-coin,USDC,2026-05-28,0.9995,93132764
usdc-usd-coin,USDC,2026-05-29,0.9996,102058392
usdc-usd-coin,USDC,2026-05-30,0.9996,31715059
usdc-usd-coin,USDC,2026-05-31,0.9995,48496804
usdc-usd-coin,USDC,2026-06-01,0.9996,91864910
usdc-usd-coin,USDC,2026-06-02,0.9996,103292909
usdc-usd-coin,USDC,2026-06-03,0.9997,134926789
usdc-usd-coin,USDC,2026-06-04,0.9997,151178296
usdc-usd-coin,USDC,2026-06-05,0.9998,195964735
usdc-usd-coin,USDC,2026-06-06,0.9997,21822757
usdc-usd-coin,USDC,2026-06-07,0.9997,39030482
usdc-usd-coin,USDC,2026-06-08,0.9997,93339270
usdc-usd-coin,USDC,2026-06-09,0.9997,116989237
usdc-usd-coin,USDC,2026-06-10,0.9998,135383486
usdc-usd-coin,USDC,2026-06-11,0.9997,71993110
usdc-usd-coin,USDC,2026-06-12,0.9997,113480760
usdc-usd-coin,USDC,2026-06-13,0.9997,16635548
usdc-usd-coin,USDC,2026-06-14,0.9997,12886490
usdc-usd-coin,USDC,2026-06-15,0.9997,63624271
usdc-usd-coin,USDC,2026-06-16,0.9997,54251829
usdc-usd-coin,USDC,2026-06-17,0.9997,53187994
usdc-usd-coin,USDC,2026-06-18,0.9999,53310055
usdc-usd-coin,USDC,2026-06-19,0.9996,23410518
usdc-usd-coin,USDC,2026-06-20,0.9998,7061805
usdc-usd-coin,USDC,2026-06-21,0.9997,14549071
usdc-usd-coin,USDC,2026-06-22,0.9997,39953956
usdc-usd-coin,USDC,2026-06-23,0.9998,68190997
usdc-usd-coin,USDC,2026-06-24,0.9997,50088219
usdc-usd-coin,USDC,2026-06-25,0.9996,102633713
usdc-usd-coin,USDC,2026-06-26,0.9997,110367102
usdc-usd-coin,USDC,2026-06-27,0.9997,9995429
usdc-usd-coin,USDC,2026-06-28,0.9996,8227678
usdc-usd-coin,USDC,2026-06-29,0.9996,101161260
usdc-usd-coin,USDC,2026-06-30,0.9996,69538932
usdc-usd-coin,USDC,2026-07-01,0.9997,61867512
usdc-usd-coin,USDC,2026-07-02,0.9997,61655086
usdc-usd-coin,USDC,2026-07-03,0.9999,49566892
usdc-usd-coin,USDC,2026-07-04,0.9997,7658154
usdc-usd-coin,USDC,2026-07-05,0.9998,9927617
usdc-usd-coin,USDC,2026-07-06,0.9998,39025436
usdc-usd-coin,USDC,2026-07-07,0.9999,71348587
usdc-usd-coin,USDC,2026-07-08,0.9998,29943206
usdc-usd-coin,USDC,2026-07-09,0.9997,80637323
usdc-usd-coin,USDC,2026-07-10,0.9998,92416662
usdc-usd-coin,USDC,2026-07-11,0.9997,26876709
usdc-usd-coin,USDC,2026-07-12,0.9998,10670355
usdc-usd-coin,USDC,2026-07-13,0.9997,85040003
usdc-usd-coin,USDC,2026-07-14,0.9999,84689054
usdc-usd-coin,USDC,2026-07-15,0.9998,72212464
usdc-usd-coin,USDC,2026-07-16,0.9998,83300719
usdc-usd-coin,USDC,2026-07-17,0.9999,63502386
usdc-usd-coin,USDC,2026-07-18,0.9999,10829714
usdc-usd-coin,USDC,2026-07-19,0.9998,7631797
usdc-usd-coin,USDC,2026-07-20,0.9998,64058414
usdc-usd-coin,USDC,2026-07-21,0.9999,58488679
usdc-usd-coin,USDC,2026-07-22,1.0,65302648
usdc-usd-coin,USDC,2026-07-23,0.9999,61215682
usdc-usd-coin,USDC,2026-07-24,0.9999,40160446
usdc-usd-coin,USDC,2026-07-25,0.9998,19825678
usdc-usd-coin,USDC,2026-07-26,0.9999,11347355
usdc-usd-coin,USDC,2026-07-27,0.9998,50847222
usdc-usd-coin,USDC,2026-07-28,0.9999,95843192
usdc-usd-coin,USDC,2026-07-29,0.9997,122446523
usdc-usd-coin,USDC,2026-07-30,0.9997,179903482
usdc-usd-coin,USDC,2026-07-31,0.9998,49897274
usdc-usd-coin,USDC,2026-08-01,0.9998,11130031
usdc-usd-coin,USDC,2026-08-02,0.9998,7229062
usdc-usd-coin,USDC,2026-08-03,0.9998,58577362
usdc-usd-coin,USDC,2026-08-04,0.9998,90547559
usdc-usd-coin,USDC,2026-08-05,0.9998,67716386
usdc-usd-coin,USDC,2026-08-06,0.9998,53943488
usdc-usd-coin,USDC,2026-08-07,0.9998,57852079
usdc-usd-coin,USDC,2026-08-08,0.9999,12917304
usdc-usd-coin,USDC,2026-08-09,0.9998,12979131
usdc-usd-coin,USDC,2026-08-10,0.9998,39239561
usdc-usd-coin,USDC,2026-08-11,0.9998,37812632
usdc-usd-coin,USDC,2026-08-12,0.9998,51647052
usdc-usd-coin,USDC,2026-08-13,0.9998,34429167
usdc-usd-coin,USDC,2026-08-14,0.9998,40275007
usdc-usd-coin,USDC,2026-08-15,0.9999,10746310
usdc-usd-coin,USDC,2026-08-16,0.9999,12138083
usdc-usd-coin,USDC,2026-08-17,0.9998,67595313
usdc-usd-coin,USDC,2026-08-18,0.9998,91473805
usdc-usd-coin,USDC,2026-08-19,0.9998,137024209
usdc-usd-coin,USDC,2026-08-20,0.9999,101575311
usdc-usd-coin,USDC,2026-08-21,1.0,126400731
usdc-usd-coin,USDC,2026-08-22,0.9999,64604712
usdc-usd-coin,USDC,2026-08-23,1.0,33182854
usdc-usd-coin,USDC,2026-08-24,0.9999,77697078
usdc-usd-coin,USDC,2026-08-25,0.9998,92547994
usdc-usd-coin,USDC,2026-08-26,1.0,80785456
usdc-usd-coin,USDC,2026-08-27,1.0,79421743
usdc-usd-coin,USDC,2026-08-28,0.9999,82791959
usdc-usd-coin,USDC,2026-08-29,1.0,13391640
usdc-usd-coin,USDC,2026-08-30,0.9998,33539581
usdc-usd-coin,USDC,2026-08-31,1.0,64839486
usdc-usd-coin,USDC,2026-09-01,0.9999,86550451
usdc-usd-coin,USDC,2026-09-02,0.9998,69920630
usdc-usd-coin,USDC,2026-09-03,0.9999,140404943
usdc-usd-coin,USDC,2026-09-04,0.9999,85109321
usdc-usd-coin,USDC,2026-09-05,0.9999,17388698
usdc-usd-coin,USDC,2026-09-06,0.9999,25537107
usdc-usd-coin,USDC,2026-09-07,0.9999,40876035
usdc-usd-coin,USDC,2026-09-08,0.9999,71806785
usdc-usd-coin,USDC,2026-09-09,0.9999,91913525
usdc-usd-coin,USDC,2026-09-10,0.9999,73435579
usdc-usd-coin,USDC,2026-09-11,0.9998,81394985
usdc-usd-coin,USDC,2026-09-12,0.9999,9627999
usdc-usd-coin,USDC,2026-09-13,0.9998,57704189
usdc-usd-coin,USDC,2026-09-14,0.9999,69900836
usdc-usd-coin,USDC,2026-09-15,0.9999,95832810
usdc-usd-coin,USDC,2026-09-16,0.9998,151973327
usdc-usd-coin,USDC,2026-09-17,0.9998,60010048
usdc-usd-coin,USDC,2026-09-18,0.9998,100506443
usdc-usd-coin,USDC,2026-09-19,0.9999,20618749
usdc-usd-coin,USDC,2026-09-20,0.9998,21189385
usdc-usd-coin,USDC,2026-09-21,0.9999,121723083
usdc-usd-coin,USDC,2026-09-22,0.9999,87580793
usdc-usd-coin,USDC,2026-09-23,0.9999,79956388
usdc-usd-coin,USDC,2026-09-24,0.9999,57019453
usdc-usd-coin,USDC,2026-09-25,0.9999,176590992
usdc-usd-coin,USDC,2026-09-26,0.9999,23860129
usdc-usd-coin,USDC,2026-09-27,0.9998,21040681
usdc-usd-coin,USDC,2026-09-28,0.9999,232215348
usdc-usd-coin,USDC,2026-09-29,0.9999,147941037
usdc-usd-coin,USDC,2026-09-30,1.0,337657
sol-solana,SOL,2025-09-30,208.73,65640519
sol-solana,SOL,2025-10-01,222.13,91164617
sol-solana,SOL,2025-10-02,234.9,91364734
sol-solana,SOL,2025-10-03,232.83,66489008
sol-solana,SOL,2025-10-04,228.03,37335029
sol-solana,SOL,2025-10-05,228.63,97183599
sol-solana,SOL,2025-10-06,232.55,60945506
sol-solana,SOL,2025-10-07,220.1,81322739
sol-solana,SOL,2025-10-08,229.04,63503078
sol-solana,SOL,2025-10-09,220.97,64414646
sol-solana,SOL,2025-10-10,188.84,221900855
sol-solana,SOL,2025-10-11,177.8,99939841
sol-solana,SOL,2025-10-12,197.32,77446324
sol-solana,SOL,2025-10-13,208.75,73595764
sol-solana,SOL,2025-10-14,202.51,120049488
sol-solana,SOL,2025-10-15,193.95,59775248
sol-solana,SOL,2025-10-16,184.86,72462642
sol-solana,SOL,2025-10-17,182.02,89564608
sol-solana,SOL,2025-10-18,187.64,32584171
sol-solana,SOL,2025-10-19,187.93,44476428
sol-solana,SOL,2025-10-20,189.72,53035146
sol-solana,SOL,2025-10-21,185.75,66388729
sol-solana,SOL,2025-10-22,180.15,54244214
sol-solana,SOL,2025-10-23,191.4,49043118
sol-solana,SOL,2025-10-24,193.58,48964689
sol-solana,SOL,2025-10-25,193.89,21536426
sol-solana,SOL,2025-10-26,200.02,32557593
sol-solana,SOL,2025-10-27,198.71,47064095
sol-solana,SOL,2025-10-28,194.24,55494666
sol-solana,SOL,2025-10-29,194.07,67016247
sol-solana,SOL,2025-10-30,184.63,79398156
sol-solana,SOL,2025-10-31,187.11,37899129
sol-solana,SOL,2025-11-01,186.33,20734937
sol-solana,SOL,2025-11-02,187.96,25481550
sol-solana,SOL,2025-11-03,166.02,85183959
sol-solana,SOL,2025-11-04,155.05,107555827
sol-solana,SOL,2025-11-05,162.43,64122112
sol-solana,SOL,2025-11-06,155.24,42043344
sol-solana,SOL,2025-11-07,161.7,52877244
sol-solana,SOL,2025-11-08,157.99,19136426
sol-solana,SOL,2025-11-09,164.49,25684939
sol-solana,SOL,2025-11-10,167.25,45651191
sol-solana,SOL,2025-11-11,154.54,43850754
sol-solana,SOL,2025-11-12,153.31,44138225
sol-solana,SOL,2025-11-13,144.65,62235634
sol-solana,SOL,2025-11-14,138.71,65822814
sol-solana,SOL,2025-11-15,139.51,29571540
sol-solana,SOL,2025-11-16,137.07,34690754
sol-solana,SOL,2025-11-17,130.84,54045728
sol-solana,SOL,2025-11-18,140.61,60078060
sol-solana,SOL,2025-11-19,136.92,41661307
sol-solana,SOL,2025-11-20,133.49,70798975
sol-solana,SOL,2025-11-21,128.57,67659388
sol-solana,SOL,2025-11-22,127.52,16312504
sol-solana,SOL,2025-11-23,130.53,43622437
sol-solana,SOL,2025-11-24,138.39,87735322
sol-solana,SOL,2025-11-25,138.91,69073579
sol-solana,SOL,2025-11-26,143.02,57596637
sol-solana,SOL,2025-11-27,140.83,22288517
sol-solana,SOL,2025-11-28,137.36,32355568
sol-solana,SOL,2025-11-29,135.95,13795895
sol-solana,SOL,2025-11-30,133.55,19322734
sol-solana,SOL,2025-12-01,126.7,54201739
sol-solana,SOL,2025-12-02,138.66,67984049
sol-solana,SOL,2025-12-03,144.72,48737735
sol-solana,SOL,2025-12-04,139.04,32276097
sol-solana,SOL,2025-12-05,133.31,41028816
sol-solana,SOL,2025-12-06,132.23,12840324
sol-solana,SOL,2025-12-07,132.35,27661445
sol-solana,SOL,2025-12-08,133.25,50743998
sol-solana,SOL,2025-12-09,137.88,62568760
sol-solana,SOL,2025-12-10,136.3,62646177
sol-solana,SOL,2025-12-11,136.36,64456659
sol-solana,SOL,2025-12-12,132.23,63651744
sol-solana,SOL,2025-12-13,133.17,20410797
sol-solana,SOL,2025-12-14,129.34,25061021
sol-solana,SOL,2025-12-15,127.75,71420463
sol-solana,SOL,2025-12-16,129.15,45209682
sol-solana,SOL,2025-12-17,123.22,78278534
sol-solana,SOL,2025-12-18,119.55,89645894
sol-solana,SOL,2025-12-19,126.21,55725462
sol-solana,SOL,2025-12-20,125.79,14788317
sol-solana,SOL,2025-12-21,125.99,25527403
sol-solana,SOL,2025-12-22,125.78,44739525
sol-solana,SOL,2025-12-23,123.91,26404386
sol-solana,SOL,2025-12-24,122.45,21045892
sol-solana,SOL,2025-12-25,119.97,18488770
sol-solana,SOL,2025-12-26,122.17,34473976
sol-solana,SOL,2025-12-27,124.63,13236268
sol-solana,SOL,2025-12-28,125.14,10410087
sol-solana,SOL,2025-12-29,123.13,43526723
sol-solana,SOL,2025-12-30,124.88,24641447
sol-solana,SOL,2025-12-31,124.43,33322404
sol-solana,SOL,2026-01-01,126.72,18557966
sol-solana,SOL,2026-01-02,132.22,45580957
sol-solana,SOL,2026-01-03,133.3,19162807
sol-solana,SOL,2026-01-04,134.13,16302171
sol-solana,SOL,2026-01-05,137.89,55334285
sol-solana,SOL,2026-01-06,141.0,76573619
sol-solana,SOL,2026-01-07,136.29,26470645
sol-solana,SOL,2026-01-08,138.26,46368914
sol-solana,SOL,2026-01-09,135.79,47463177
sol-solana,SOL,2026-01-10,135.67,13566788
sol-solana,SOL,2026-01-11,139.45,32419384
sol-solana,SOL,2026-01-12,139.08,69652399
sol-solana,SOL,2026-01-13,145.43,72966323
sol-solana,SOL,2026-01-14,146.69,93106265
sol-solana,SOL,2026-01-15,142.38,46114156
sol-solana,SOL,2026-01-16,144.84,30861119
sol-solana,SOL,2026-01-17,143.68,22008571
sol-solana,SOL,2026-01-18,137.8,31448285
sol-solana,SOL,2026-01-19,133.36,62608702
sol-solana,SOL,2026-01-20,125.66,48243196
sol-solana,SOL,2026-01-21,129.41,76472475
sol-solana,SOL,2026-01-22,128.32,25322433
sol-solana,SOL,2026-01-23,127.29,36212579
sol-solana,SOL,2026-01-24,127.02,8093624
sol-solana,SOL,2026-01-25,118.74,51426660
sol-solana,SOL,2026-01-26,124.08,35394529
sol-solana,SOL,2026-01-27,127.03,27629852
sol-solana,SOL,2026-01-28,125.16,25345359
sol-solana,SOL,2026-01-29,117.62,56479187
sol-solana,SOL,2026-01-30,117.43,62330517
sol-solana,SOL,2026-01-31,105.44,92579115
sol-solana,SOL,2026-02-01,100.63,52015174
sol-solana,SOL,2026-02-02,104.46,62193414
sol-solana,SOL,2026-02-03,97.75,56171414
sol-solana,SOL,2026-02-04,91.94,67269597
sol-solana,SOL,2026-02-05,78.18,116738523
sol-solana,SOL,2026-02-06,87.42,123019655
sol-solana,SOL,2026-02-07,87.55,40657864
sol-solana,SOL,2026-02-08,86.95,24837991
sol-solana,SOL,2026-02-09,86.72,32372406
sol-solana,SOL,2026-02-10,82.94,30126315
sol-solana,SOL,2026-02-11,79.23,44762161
sol-solana,SOL,2026-02-12,78.32,37433644
sol-solana,SOL,2026-02-13,84.29,30400600
sol-solana,SOL,2026-02-14,88.04,32143857
sol-solana,SOL,2026-02-15,86.09,51815007
sol-solana,SOL,2026-02-16,86.42,28478845
sol-solana,SOL,2026-02-17,85.02,31985534
sol-solana,SOL,2026-02-18,81.56,32565189
sol-solana,SOL,2026-02-19,82.49,21981119
sol-solana,SOL,2026-02-20,84.62,38673059
sol-solana,SOL,2026-02-21,85.2,19524602
sol-solana,SOL,2026-02-22,82.73,16249963
sol-solana,SOL,2026-02-23,77.86,50890352
sol-solana,SOL,2026-02-24,78.96,29191925
sol-solana,SOL,2026-02-25,88.05,47678589
sol-solana,SOL,2026-02-26,85.89,29992937
sol-solana,SOL,2026-02-27,81.87,36272808
sol-solana,SOL,2026-02-28,84.38,35886920
sol-solana,SOL,2026-03-01,83.58,34054001
sol-solana,SOL,2026-03-02,86.59,37285897
sol-solana,SOL,2026-03-03,86.99,41510073
sol-solana,SOL,2026-03-04,90.89,57633310
sol-solana,SOL,2026-03-05,88.79,35765443
sol-solana,SOL,2026-03-06,84.69,44181521
sol-solana,SOL,2026-03-07,83.23,16458488
sol-solana,SOL,2026-03-08,81.58,26343572
sol-solana,SOL,2026-03-09,85.0,51625223
sol-solana,SOL,2026-03-10,85.9,41664151
sol-solana,SOL,2026-03-11,86.58,38016182
sol-solana,SOL,2026-03-12,86.83,31266144
sol-solana,SOL,2026-03-13,88.2,56021469
sol-solana,SOL,2026-03-14,88.05,14766323
sol-solana,SOL,2026-03-15,92.33,27188974
sol-solana,SOL,2026-03-16,96.17,58897081
sol-solana,SOL,2026-03-17,94.65,44751425
sol-solana,SOL,2026-03-18,90.11,34842655
sol-solana,SOL,2026-03-19,88.88,23603430
sol-solana,SOL,2026-03-20,89.86,17740064
sol-solana,SOL,2026-03-21,87.56,14424565
sol-solana,SOL,2026-03-22,86.19,32499180
sol-solana,SOL,2026-03-23,91.43,36098694
sol-solana,SOL,2026-03-24,90.78,30490511
sol-solana,SOL,2026-03-25,91.66,28277307
sol-solana,SOL,2026-03-26,86.48,34145920
sol-solana,SOL,2026-03-27,83.05,25370724
sol-solana,SOL,2026-03-28,82.02,23053740
sol-solana,SOL,2026-03-29,81.34,14497946
sol-solana,SOL,2026-03-30,82.49,33615442
sol-solana,SOL,2026-03-31,83.11,36129969
sol-solana,SOL,2026-04-01,81.17,38953906
sol-solana,SOL,2026-04-02,78.95,30013248
sol-solana,SOL,2026-04-03,80.39,17396463
sol-solana,SOL,2026-04-04,80.82,9661024
sol-solana,SOL,2026-04-05,81.86,16785210
sol-solana,SOL,2026-04-06,80.04,27219266
sol-solana,SOL,2026-04-07,85.57,32975070
sol-solana,SOL,2026-04-08,82.6,30077467
sol-solana,SOL,2026-04-09,83.37,21855696
sol-solana,SOL,2026-04-10,84.85,20654810
sol-solana,SOL,2026-04-11,84.95,13219393
sol-solana,SOL,2026-04-12,81.54,17849797
sol-solana,SOL,2026-04-13,86.58,25494355
sol-solana,SOL,2026-04-14,83.77,31398015
sol-solana,SOL,2026-04-15,84.92,27271839
sol-solana,SOL,2026-04-16,89.15,42684372
sol-solana,SOL,2026-04-17,88.85,43768574
sol-solana,SOL,2026-04-18,86.17,19470274
sol-solana,SOL,2026-04-19,83.5,30190296
sol-solana,SOL,2026-04-20,85.31,29806646
sol-solana,SOL,2026-04-21,86.03,30798379
sol-solana,SOL,2026-04-22,86.93,24458802
sol-solana,SOL,2026-04-23,86.15,24248264
sol-solana,SOL,2026-04-24,86.23,23725425
sol-solana,SOL,2026-04-25,86.21,8115741
sol-solana,SOL,2026-04-26,86.94,15111499
sol-solana,SOL,2026-04-27,84.82,24224701
sol-solana,SOL,2026-04-28,84.05,13514286
sol-solana,SOL,2026-04-29,83.02,19475371
sol-solana,SOL,2026-04-30,83.05,9426272
sol-solana,SOL,2026-05-01,83.74,16057168
sol-solana,SOL,2026-05-02,84.25,7140000
sol-solana,SOL,2026-05-03,83.91,7821885
sol-solana,SOL,2026-05-04,84.1,18675571
sol-solana,SOL,2026-05-05,86.31,16971390
sol-solana,SOL,2026-05-06,89.14,33586268
sol-solana,SOL,2026-05-07,88.41,29066584
sol-solana,SOL,2026-05-08,92.01,25506148
sol-solana,SOL,2026-05-09,93.16,22960028
sol-solana,SOL,2026-05-10,96.46,34905411
sol-solana,SOL,2026-05-11,97.35,39894586
sol-solana,SOL,2026-05-12,94.27,27809725
sol-solana,SOL,2026-05-13,91.11,40180931
sol-solana,SOL,2026-05-14,92.15,27783727
sol-solana,SOL,2026-05-15,89.22,21309125
sol-solana,SOL,2026-05-16,86.5,14671244
sol-solana,SOL,2026-05-17,85.2,13804286
sol-solana,SOL,2026-05-18,85.33,15135294
sol-solana,SOL,2026-05-19,84.23,14434505
sol-solana,SOL,2026-05-20,86.06,26539680
sol-solana,SOL,2026-05-21,87.26,16371619
sol-solana,SOL,2026-05-22,84.28,19622653
sol-solana,SOL,2026-05-23,85.66,29230068
sol-solana,SOL,2026-05-24,85.18,13653418
sol-solana,SOL,2026-05-25,84.96,9802357
sol-solana,SOL,2026-05-26,83.6,11891437
sol-solana,SOL,2026-05-27,82.31,11168407
sol-solana,SOL,2026-05-28,82.02,16857109
sol-solana,SOL,2026-05-29,81.9,19381625
sol-solana,SOL,2026-05-30,82.6,8158574
sol-solana,SOL,2026-05-31,82.32,8732529
sol-solana,SOL,2026-06-01,81.17,23975057
sol-solana,SOL,2026-06-02,74.12,39597335
sol-solana,SOL,2026-06-03,71.53,24471543
sol-solana,SOL,2026-06-04,68.82,45352022
sol-solana,SOL,2026-06-05,63.61,59613835
sol-solana,SOL,2026-06-06,62.16,32630946
sol-solana,SOL,2026-06-07,66.47,27708462
sol-solana,SOL,2026-06-08,66.82,23804427
sol-solana,SOL,2026-06-09,64.89,21142198
sol-solana,SOL,2026-06-10,63.13,20690400
sol-solana,SOL,2026-06-11,66.85,22546424
sol-solana,SOL,2026-06-12,66.79,17556565
sol-solana,SOL,2026-06-13,68.87,12104316
sol-solana,SOL,2026-06-14,71.24,13577510
sol-solana,SOL,2026-06-15,73.95,31253041
sol-solana,SOL,2026-06-16,73.39,24862211
sol-solana,SOL,2026-06-17,71.98,28007300
sol-solana,SOL,2026-06-18,69.64,36899665
sol-solana,SOL,2026-06-19,69.7,16680219
sol-solana,SOL,2026-06-20,73.14,22321758
sol-solana,SOL,2026-06-21,72.42,14026186
sol-solana,SOL,2026-06-22,71.88,24382853
sol-solana,SOL,2026-06-23,69.61,25274442
sol-solana,SOL,2026-06-24,67.98,37354270
sol-solana,SOL,2026-06-25,67.61,28635122
sol-solana,SOL,2026-06-26,71.79,36832927
sol-solana,SOL,2026-06-27,70.39,14320248
sol-solana,SOL,2026-06-28,71.28,13756608
sol-solana,SOL,2026-06-29,75.04,32541092
sol-solana,SOL,2026-06-30,73.56,23298153
sol-solana,SOL,2026-07-01,77.37,37184131
sol-solana,SOL,2026-07-02,80.62,43642865
sol-solana,SOL,2026-07-03,82.29,21336333
sol-solana,SOL,2026-07-04,81.7,22188724
sol-solana,SOL,2026-07-05,81.51,17552666
sol-solana,SOL,2026-07-06,81.9,24584191
sol-solana,SOL,2026-07-07,80.5,22658540
sol-solana,SOL,2026-07-08,77.77,27735798
sol-solana,SOL,2026-07-09,77.99,20293099
sol-solana,SOL,2026-07-10,78.07,17600608
sol-solana,SOL,2026-07-11,76.74,11726508
sol-solana,SOL,2026-07-12,76.85,14337232
sol-solana,SOL,2026-07-13,74.9,17590408
sol-solana,SOL,2026-07-14,77.82,21149218
sol-solana,SOL,2026-07-15,77.22,21883198
sol-solana,SOL,2026-07-16,75.27,13455722
sol-solana,SOL,2026-07-17,74.98,10541066
sol-solana,SOL,2026-07-18,75.47,4843821
sol-solana,SOL,2026-07-19,76.34,6903565
sol-solana,SOL,2026-07-20,77.79,20951549
sol-solana,SOL,2026-07-21,78.09,10212020
sol-solana,SOL,2026-07-22,77.92,9547738
sol-solana,SOL,2026-07-23,75.82,12203853
sol-solana,SOL,2026-07-24,73.88,18987478
sol-solana,SOL,2026-07-25,74.47,7621073
sol-solana,SOL,2026-07-26,76.7,6887479
sol-solana,SOL,2026-07-27,74.13,14850313
sol-solana,SOL,2026-07-28,73.74,14209785
sol-solana,SOL,2026-07-29,73.57,14559893
sol-solana,SOL,2026-07-30,74.44,8009146
sol-solana,SOL,2026-07-31,72.79,10828526
sol-solana,SOL,2026-08-01,71.88,9183790
sol-solana,SOL,2026-08-02,73.54,8282422
sol-solana,SOL,2026-08-03,73.49,10436335
sol-solana,SOL,2026-08-04,73.69,9134643
sol-solana,SOL,2026-08-05,73.97,10196499
sol-solana,SOL,2026-08-06,72.63,9876110
sol-solana,SOL,2026-08-07,73.64,9353257
sol-solana,SOL,2026-08-08,75.94,15602120
sol-solana,SOL,2026-08-09,76.21,8339002
sol-solana,SOL,2026-08-10,75.91,14247852
sol-solana,SOL,2026-08-11,76.22,14209135
sol-solana,SOL,2026-08-12,75.56,10432921
sol-solana,SOL,2026-08-13,76.19,11183601
sol-solana,SOL,2026-08-14,75.33,12976618
sol-solana,SOL,2026-08-15,75.29,4516502
sol-solana,SOL,2026-08-16,74.55,6317169
sol-solana,SOL,2026-08-17,75.96,10627748
sol-solana,SOL,2026-08-18,77.0,7802698
sol-solana,SOL,2026-08-19,85.33,39763556
sol-solana,SOL,2026-08-20,87.66,23925016
sol-solana,SOL,2026-08-21,93.72,48428578
sol-solana,SOL,2026-08-22,93.81,59370881
sol-solana,SOL,2026-08-23,95.41,36779403
sol-solana,SOL,2026-08-24,98.99,40446793
sol-solana,SOL,2026-08-25,96.59,54169641
sol-solana,SOL,2026-08-26,102.07,35324113
sol-solana,SOL,2026-08-27,109.15,60178905
sol-solana,SOL,2026-08-28,104.14,83909428
sol-solana,SOL,2026-08-29,105.61,19832258
sol-solana,SOL,2026-08-30,101.8,32255729
sol-solana,SOL,2026-08-31,103.04,29999182
sol-solana,SOL,2026-09-01,99.93,49857997
sol-solana,SOL,2026-09-02,100.4,47007004
sol-solana,SOL,2026-09-03,103.95,50881101
sol-solana,SOL,2026-09-04,101.94,38149120
sol-solana,SOL,2026-09-05,103.17,32261271
sol-solana,SOL,2026-09-06,106.54,44089546
sol-solana,SOL,2026-09-07,103.78,33917298
sol-solana,SOL,2026-09-08,103.37,54807314
sol-solana,SOL,2026-09-09,101.54,49180301
sol-solana,SOL,2026-09-10,98.64,37246122
sol-solana,SOL,2026-09-11,102.43,68495642
sol-solana,SOL,2026-09-12,101.75,14475227
sol-solana,SOL,2026-09-13,99.25,20246370
sol-solana,SOL,2026-09-14,102.56,54312605
sol-solana,SOL,2026-09-15,96.82,60849111
sol-solana,SOL,2026-09-16,98.54,46115722
sol-solana,SOL,2026-09-17,101.52,72370453
sol-solana,SOL,2026-09-18,112.69,106935981
sol-solana,SOL,2026-09-19,111.02,51957340
sol-solana,SOL,2026-09-20,111.14,52419349
sol-solana,SOL,2026-09-21,118.87,90900083
sol-solana,SOL,2026-09-22,118.53,59761693
sol-solana,SOL,2026-09-23,115.01,62743883
sol-solana,SOL,2026-09-24,117.02,49007130
sol-solana,SOL,2026-09-25,122.14,67528799
sol-solana,SOL,2026-09-26,121.37,32738525
sol-solana,SOL,2026-09-27,121.98,43357077
sol-solana,SOL,2026-09-28,118.83,46082959
sol-solana,SOL,2026-09-29,119.1,56016121
sol-solana,SOL,2026-09-30,118.83,685075
trx-tron,TRX,2025-09-30,0.333724,1187336
trx-tron,TRX,2025-10-01,0.34193,1016678
trx-tron,TRX,2025-10-02,0.342871,702952
trx-tron,TRX,2025-10-03,0.342141,985312
trx-tron,TRX,2025-10-04,0.340574,579371
trx-tron,TRX,2025-10-05,0.341514,1086173
trx-tron,TRX,2025-10-06,0.346133,1326540
trx-tron,TRX,2025-10-07,0.337962,1136935
trx-tron,TRX,2025-10-08,0.342116,1221092
trx-tron,TRX,2025-10-09,0.336897,1156643
trx-tron,TRX,2025-10-10,0.321239,3736723
trx-tron,TRX,2025-10-11,0.314594,2000284
trx-tron,TRX,2025-10-12,0.323061,1836314
trx-tron,TRX,2025-10-13,0.322877,1166041
trx-tron,TRX,2025-10-14,0.316831,1712539
trx-tron,TRX,2025-10-15,0.319408,1028049
trx-tron,TRX,2025-10-16,0.316132,1055263
trx-tron,TRX,2025-10-17,0.309091,1561268
trx-tron,TRX,2025-10-18,0.313074,434529
trx-tron,TRX,2025-10-19,0.320288,536852
trx-tron,TRX,2025-10-20,0.322529,610479
trx-tron,TRX,2025-10-21,0.321813,1258736
trx-tron,TRX,2025-10-22,0.322692,741766
trx-tron,TRX,2025-10-23,0.313922,593897
trx-tron,TRX,2025-10-24,0.303657,1222708
trx-tron,TRX,2025-10-25,0.2972,2378954
trx-tron,TRX,2025-10-26,0.300314,670719
trx-tron,TRX,2025-10-27,0.298196,840849
trx-tron,TRX,2025-10-28,0.29564,1135392
trx-tron,TRX,2025-10-29,0.296,826535
trx-tron,TRX,2025-10-30,0.292489,648486
trx-tron,TRX,2025-10-31,0.296177,376672
trx-tron,TRX,2025-11-01,0.297298,239871
trx-tron,TRX,2025-11-02,0.298507,272096
trx-tron,TRX,2025-11-03,0.281171,1502947
trx-tron,TRX,2025-11-04,0.285515,2121653
trx-tron,TRX,2025-11-05,0.288976,821687
trx-tron,TRX,2025-11-06,0.283691,452076
trx-tron,TRX,2025-11-07,0.292117,983576
trx-tron,TRX,2025-11-08,0.291321,349012
trx-tron,TRX,2025-11-09,0.290619,406134
trx-tron,TRX,2025-11-10,0.296365,714860
trx-tron,TRX,2025-11-11,0.296631,1123414
trx-tron,TRX,2025-11-12,0.294607,819573
trx-tron,TRX,2025-11-13,0.293002,767371
trx-tron,TRX,2025-11-14,0.29229,1831314
trx-tron,TRX,2025-11-15,0.294634,423960
trx-tron,TRX,2025-11-16,0.292036,1085262
trx-tron,TRX,2025-11-17,0.291427,782594
trx-tron,TRX,2025-11-18,0.29019,1435148
trx-tron,TRX,2025-11-19,0.286625,1900624
trx-tron,TRX,2025-11-20,0.280079,1566089
trx-tron,TRX,2025-11-21,0.276358,3171574
trx-tron,TRX,2025-11-22,0.274051,419395
trx-tron,TRX,2025-11-23,0.274848,580106
trx-tron,TRX,2025-11-24,0.274774,742103
trx-tron,TRX,2025-11-25,0.274472,538693
trx-tron,TRX,2025-11-26,0.276462,516608
trx-tron,TRX,2025-11-27,0.28023,442880
trx-tron,TRX,2025-11-28,0.281041,443101
trx-tron,TRX,2025-11-29,0.280838,555428
trx-tron,TRX,2025-11-30,0.281632,398672
trx-tron,TRX,2025-12-01,0.276879,1049822
trx-tron,TRX,2025-12-02,0.281119,430636
trx-tron,TRX,2025-12-03,0.280513,817113
trx-tron,TRX,2025-12-04,0.286256,1118583
trx-tron,TRX,2025-12-05,0.2856,596003
trx-tron,TRX,2025-12-06,0.28706,409402
trx-tron,TRX,2025-12-07,0.286865,452490
trx-tron,TRX,2025-12-08,0.28129,1547990
trx-tron,TRX,2025-12-09,0.282207,996106
trx-tron,TRX,2025-12-10,0.280078,796104
trx-tron,TRX,2025-12-11,0.280524,657935
trx-tron,TRX,2025-12-12,0.273737,525873
trx-tron,TRX,2025-12-13,0.271099,589153
trx-tron,TRX,2025-12-14,0.277233,729956
trx-tron,TRX,2025-12-15,0.278264,993971
trx-tron,TRX,2025-12-16,0.280111,676570
trx-tron,TRX,2025-12-17,0.279462,1352961
trx-tron,TRX,2025-12-18,0.27906,1203392
trx-tron,TRX,2025-12-19,0.279735,819643
trx-tron,TRX,2025-12-20,0.281751,332998
trx-tron,TRX,2025-12-21,0.288295,731365
trx-tron,TRX,2025-12-22,0.284362,874370
trx-tron,TRX,2025-12-23,0.283332,1062786
trx-tron,TRX,2025-12-24,0.280091,422935
trx-tron,TRX,2025-12-25,0.278629,330384
trx-tron,TRX,2025-12-26,0.27948,308215
trx-tron,TRX,2025-12-27,0.284672,249994
trx-tron,TRX,2025-12-28,0.284792,304841
trx-tron,TRX,2025-12-29,0.284662,658098
trx-tron,TRX,2025-12-30,0.286045,440265
trx-tron,TRX,2025-12-31,0.284106,759051
trx-tron,TRX,2026-01-01,0.286529,339855
trx-tron,TRX,2026-01-02,0.288826,807952
trx-tron,TRX,2026-01-03,0.295483,656510
trx-tron,TRX,2026-01-04,0.293936,928385
trx-tron,TRX,2026-01-05,0.292094,2877505
trx-tron,TRX,2026-01-06,0.294014,959976
trx-tron,TRX,2026-01-07,0.29789,1067920
trx-tron,TRX,2026-01-08,0.294641,1321866
trx-tron,TRX,2026-01-09,0.298112,809533
trx-tron,TRX,2026-01-10,0.301929,436303
trx-tron,TRX,2026-01-11,0.299182,783525
trx-tron,TRX,2026-01-12,0.299488,1110053
trx-tron,TRX,2026-01-13,0.306904,1206344
trx-tron,TRX,2026-01-14,0.30475,1617258
trx-tron,TRX,2026-01-15,0.31254,2467611
trx-tron,TRX,2026-01-16,0.308971,1790770
trx-tron,TRX,2026-01-17,0.318409,712530
trx-tron,TRX,2026-01-18,0.317574,943807
trx-tron,TRX,2026-01-19,0.31167,2258089
trx-tron,TRX,2026-01-20,0.296446,1779530
trx-tron,TRX,2026-01-21,0.299019,1815785
trx-tron,TRX,2026-01-22,0.304863,681946
trx-tron,TRX,2026-01-23,0.297478,1230509
trx-tron,TRX,2026-01-24,0.294967,480669
trx-tron,TRX,2026-01-25,0.295318,648925
trx-tron,TRX,2026-01-26,0.29622,715203
trx-tron,TRX,2026-01-27,0.294262,659379
trx-tron,TRX,2026-01-28,0.29498,1720202
trx-tron,TRX,2026-01-29,0.294557,1506630
trx-tron,TRX,2026-01-30,0.293825,1711255
trx-tron,TRX,2026-01-31,0.286334,3455597
trx-tron,TRX,2026-02-01,0.284432,2578991
trx-tron,TRX,2026-02-02,0.283137,1749184
trx-tron,TRX,2026-02-03,0.285625,1707105
trx-tron,TRX,2026-02-04,0.282799,1411911
trx-tron,TRX,2026-02-05,0.268957,4022775
trx-tron,TRX,2026-02-06,0.2739,3427228
trx-tron,TRX,2026-02-07,0.27799,1067147
trx-tron,TRX,2026-02-08,0.277615,470478
trx-tron,TRX,2026-02-09,0.278735,1095242
trx-tron,TRX,2026-02-10,0.277897,737985
trx-tron,TRX,2026-02-11,0.278169,1619750
trx-tron,TRX,2026-02-12,0.279771,650641
trx-tron,TRX,2026-02-13,0.282001,841887
trx-tron,TRX,2026-02-14,0.282454,347256
trx-tron,TRX,2026-02-15,0.280362,565288
trx-tron,TRX,2026-02-16,0.284323,505462
trx-tron,TRX,2026-02-17,0.282089,612558
trx-tron,TRX,2026-02-18,0.278643,689523
trx-tron,TRX,2026-02-19,0.284614,490097
trx-tron,TRX,2026-02-20,0.285505,815392
trx-tron,TRX,2026-02-21,0.288949,516768
trx-tron,TRX,2026-02-22,0.290463,2892686
trx-tron,TRX,2026-02-23,0.281657,791068
trx-tron,TRX,2026-02-24,0.283598,849951
trx-tron,TRX,2026-02-25,0.285221,651147
trx-tron,TRX,2026-02-26,0.28562,557469
trx-tron,TRX,2026-02-27,0.282805,709240
trx-tron,TRX,2026-02-28,0.281933,944191
trx-tron,TRX,2026-03-01,0.280685,709430
trx-tron,TRX,2026-03-02,0.283225,1187792
trx-tron,TRX,2026-03-03,0.280472,1540902
trx-tron,TRX,2026-03-04,0.286996,1123726
trx-tron,TRX,2026-03-05,0.285213,873319
trx-tron,TRX,2026-03-06,0.28455,742373
trx-tron,TRX,2026-03-07,0.286621,512822
trx-tron,TRX,2026-03-08,0.289157,1198674
trx-tron,TRX,2026-03-09,0.285638,1298554
trx-tron,TRX,2026-03-10,0.285816,2621700
trx-tron,TRX,2026-03-11,0.29103,1019562
trx-tron,TRX,2026-03-12,0.289091,901460
trx-tron,TRX,2026-03-13,0.293445,1032465
trx-tron,TRX,2026-03-14,0.297873,599960
trx-tron,TRX,2026-03-15,0.298774,530027
trx-tron,TRX,2026-03-16,0.295538,785272
trx-tron,TRX,2026-03-17,0.306848,1584658
trx-tron,TRX,2026-03-18,0.30451,1012268
trx-tron,TRX,2026-03-19,0.303613,1757626
trx-tron,TRX,2026-03-20,0.309431,1660372
trx-tron,TRX,2026-03-21,0.311362,1086605
trx-tron,TRX,2026-03-22,0.310198,1657877
trx-tron,TRX,2026-03-23,0.308089,1057457
trx-tron,TRX,2026-03-24,0.30588,1148485
trx-tron,TRX,2026-03-25,0.314411,937895
trx-tron,TRX,2026-03-26,0.311383,1021119
trx-tron,TRX,2026-03-27,0.311108,1536686
trx-tron,TRX,2026-03-28,0.316456,1208307
trx-tron,TRX,2026-03-29,0.32155,1236306
trx-tron,TRX,2026-03-30,0.319664,1474897
trx-tron,TRX,2026-03-31,0.313148,1696018
trx-tron,TRX,2026-04-01,0.31553,1021782
trx-tron,TRX,2026-04-02,0.315276,868560
trx-tron,TRX,2026-04-03,0.315196,699199
trx-tron,TRX,2026-04-04,0.317514,527152
trx-tron,TRX,2026-04-05,0.318802,706771
trx-tron,TRX,2026-04-06,0.316613,673439
trx-tron,TRX,2026-04-07,0.315415,912830
trx-tron,TRX,2026-04-08,0.317958,702446
trx-tron,TRX,2026-04-09,0.320455,1166050
trx-tron,TRX,2026-04-10,0.319373,1106722
trx-tron,TRX,2026-04-11,0.318839,1857756
trx-tron,TRX,2026-04-12,0.321245,724473
trx-tron,TRX,2026-04-13,0.320439,944048
trx-tron,TRX,2026-04-14,0.323865,2191722
trx-tron,TRX,2026-04-15,0.327196,1198404
trx-tron,TRX,2026-04-16,0.327047,1259179
trx-tron,TRX,2026-04-17,0.327906,1474346
trx-tron,TRX,2026-04-18,0.329641,550990
trx-tron,TRX,2026-04-19,0.329075,1034205
trx-tron,TRX,2026-04-20,0.329101,1028794
trx-tron,TRX,2026-04-21,0.332838,1022870
trx-tron,TRX,2026-04-22,0.329709,1002285
trx-tron,TRX,2026-04-23,0.328929,819645
trx-tron,TRX,2026-04-24,0.323257,1336042
trx-tron,TRX,2026-04-25,0.323999,2032883
trx-tron,TRX,2026-04-26,0.323432,495215
trx-tron,TRX,2026-04-27,0.325382,3215005
trx-tron,TRX,2026-04-28,0.323197,3326521
trx-tron,TRX,2026-04-29,0.323033,1444047
trx-tron,TRX,2026-04-30,0.326596,788779
trx-tron,TRX,2026-05-01,0.326899,768689
trx-tron,TRX,2026-05-02,0.330066,775807
trx-tron,TRX,2026-05-03,0.338568,1799662
trx-tron,TRX,2026-05-04,0.341036,2131471
trx-tron,TRX,2026-05-05,0.34474,1069867
trx-tron,TRX,2026-05-06,0.346266,1739971
trx-tron,TRX,2026-05-07,0.349003,1938949
trx-tron,TRX,2026-05-08,0.350468,1557546
trx-tron,TRX,2026-05-09,0.350228,1126719
trx-tron,TRX,2026-05-10,0.350665,642433
trx-tron,TRX,2026-05-11,0.351123,4570917
trx-tron,TRX,2026-05-12,0.349142,1852458
trx-tron,TRX,2026-05-13,0.349463,1190228
trx-tron,TRX,2026-05-14,0.353739,1584925
trx-tron,TRX,2026-05-15,0.351988,1020105
trx-tron,TRX,2026-05-16,0.355016,850095
trx-tron,TRX,2026-05-17,0.355186,747716
trx-tron,TRX,2026-05-18,0.355383,968242
trx-tron,TRX,2026-05-19,0.355896,1438965
trx-tron,TRX,2026-05-20,0.358907,1464230
trx-tron,TRX,2026-05-21,0.36504,1091323
trx-tron,TRX,2026-05-22,0.361787,1007522
trx-tron,TRX,2026-05-23,0.362555,795494
trx-tron,TRX,2026-05-24,0.365216,839781
trx-tron,TRX,2026-05-25,0.371457,2128109
trx-tron,TRX,2026-05-26,0.375145,1815700
trx-tron,TRX,2026-05-27,0.367571,1051573
trx-tron,TRX,2026-05-28,0.352524,3679323
trx-tron,TRX,2026-05-29,0.343942,2960821
trx-tron,TRX,2026-05-30,0.347662,1112743
trx-tron,TRX,2026-05-31,0.350985,937721
trx-tron,TRX,2026-06-01,0.343145,2947662
trx-tron,TRX,2026-06-02,0.3322,4267679
trx-tron,TRX,2026-06-03,0.33273,1743513
trx-tron,TRX,2026-06-04,0.332188,3933584
trx-tron,TRX,2026-06-05,0.319993,4679162
trx-tron,TRX,2026-06-06,0.324237,1464717
trx-tron,TRX,2026-06-07,0.326696,2302252
trx-tron,TRX,2026-06-08,0.326604,819842
trx-tron,TRX,2026-06-09,0.322683,1142687
trx-tron,TRX,2026-06-10,0.320766,1917646
trx-tron,TRX,2026-06-11,0.316705,2993761
trx-tron,TRX,2026-06-12,0.315286,1639683
trx-tron,TRX,2026-06-13,0.317191,524100
trx-tron,TRX,2026-06-14,0.321611,954444
trx-tron,TRX,2026-06-15,0.318097,1448887
trx-tron,TRX,2026-06-16,0.316718,1293947
trx-tron,TRX,2026-06-17,0.321564,892205
trx-tron,TRX,2026-06-18,0.320497,1952973
trx-tron,TRX,2026-06-19,0.323624,696147
trx-tron,TRX,2026-06-20,0.326426,907421
trx-tron,TRX,2026-06-21,0.327378,482151
trx-tron,TRX,2026-06-22,0.333735,958793
trx-tron,TRX,2026-06-23,0.328898,699924
trx-tron,TRX,2026-06-24,0.327055,1249551
trx-tron,TRX,2026-06-25,0.323441,1691650
trx-tron,TRX,2026-06-26,0.320055,1674003
trx-tron,TRX,2026-06-27,0.320852,1062983
trx-tron,TRX,2026-06-28,0.3217,627007
trx-tron,TRX,2026-06-29,0.320879,833940
trx-tron,TRX,2026-06-30,0.315004,898988
trx-tron,TRX,2026-07-01,0.315691,910148
trx-tron,TRX,2026-07-02,0.317215,977790
trx-tron,TRX,2026-07-03,0.323064,1172384
trx-tron,TRX,2026-07-04,0.324909,432438
trx-tron,TRX,2026-07-05,0.329027,718703
trx-tron,TRX,2026-07-06,0.329427,756588
trx-tron,TRX,2026-07-07,0.33156,1053922
trx-tron,TRX,2026-07-08,0.328199,1337533
trx-tron,TRX,2026-07-09,0.331973,694613
trx-tron,TRX,2026-07-10,0.330283,853117
trx-tron,TRX,2026-07-11,0.329608,297279
trx-tron,TRX,2026-07-12,0.331281,386027
trx-tron,TRX,2026-07-13,0.323934,1275718
trx-tron,TRX,2026-07-14,0.325675,1162399
trx-tron,TRX,2026-07-15,0.32428,887312
trx-tron,TRX,2026-07-16,0.322999,626386
trx-tron,TRX,2026-07-17,0.322468,721609
trx-tron,TRX,2026-07-18,0.325597,452972
trx-tron,TRX,2026-07-19,0.326728,336827
trx-tron,TRX,2026-07-20,0.326629,1018842
trx-tron,TRX,2026-07-21,0.329532,895682
trx-tron,TRX,2026-07-22,0.328782,654686
trx-tron,TRX,2026-07-23,0.32864,827399
trx-tron,TRX,2026-07-24,0.330544,2376835
trx-tron,TRX,2026-07-25,0.331296,694069
trx-tron,TRX,2026-07-26,0.332125,643972
trx-tron,TRX,2026-07-27,0.324688,2045798
trx-tron,TRX,2026-07-28,0.324426,1743983
trx-tron,TRX,2026-07-29,0.325365,1299744
trx-tron,TRX,2026-07-30,0.328323,1052685
trx-tron,TRX,2026-07-31,0.32567,648756
trx-tron,TRX,2026-08-01,0.327663,429161
trx-tron,TRX,2026-08-02,0.326491,517714
trx-tron,TRX,2026-08-03,0.328558,705185
trx-tron,TRX,2026-08-04,0.326848,1421461
trx-tron,TRX,2026-08-05,0.327032,755480
trx-tron,TRX,2026-08-06,0.32684,478405
trx-tron,TRX,2026-08-07,0.327415,651786
trx-tron,TRX,2026-08-08,0.328726,392836
trx-tron,TRX,2026-08-09,0.329652,434339
trx-tron,TRX,2026-08-10,0.33049,576614
trx-tron,TRX,2026-08-11,0.334835,1547030
trx-tron,TRX,2026-08-12,0.335888,732755
trx-tron,TRX,2026-08-13,0.334273,1258796
trx-tron,TRX,2026-08-14,0.332515,803727
trx-tron,TRX,2026-08-15,0.330907,228146
trx-tron,TRX,2026-08-16,0.33078,402231
trx-tron,TRX,2026-08-17,0.33098,781134
trx-tron,TRX,2026-08-18,0.332481,1209961
trx-tron,TRX,2026-08-19,0.334401,1907482
trx-tron,TRX,2026-08-20,0.337372,1497930
trx-tron,TRX,2026-08-21,0.343473,1066504
trx-tron,TRX,2026-08-22,0.344215,2142529
trx-tron,TRX,2026-08-23,0.344075,589021
trx-tron,TRX,2026-08-24,0.344983,681371
trx-tron,TRX,2026-08-25,0.336272,1228364
trx-tron,TRX,2026-08-26,0.336085,1646616
trx-tron,TRX,2026-08-27,0.337762,888578
trx-tron,TRX,2026-08-28,0.341291,958872
trx-tron,TRX,2026-08-29,0.340845,581757
trx-tron,TRX,2026-08-30,0.336108,598748
trx-tron,TRX,2026-08-31,0.332456,994642
trx-tron,TRX,2026-09-01,0.322166,2889215
trx-tron,TRX,2026-09-02,0.325096,2195760
trx-tron,TRX,2026-09-03,0.330709,1542916
trx-tron,TRX,2026-09-04,0.331476,1696518
trx-tron,TRX,2026-09-05,0.333794,849981
trx-tron,TRX,2026-09-06,0.335129,736133
trx-tron,TRX,2026-09-07,0.33449,1003182
trx-tron,TRX,2026-09-08,0.338693,1136620
trx-tron,TRX,2026-09-09,0.33894,909303
trx-tron,TRX,2026-09-10,0.339899,1373000
trx-tron,TRX,2026-09-11,0.338567,1722540
trx-tron,TRX,2026-09-12,0.339697,1349548
trx-tron,TRX,2026-09-13,0.338179,787521
trx-tron,TRX,2026-09-14,0.338045,1449167
trx-tron,TRX,2026-09-15,0.332733,1874543
trx-tron,TRX,2026-09-16,0.335377,1141778
trx-tron,TRX,2026-09-17,0.334636,921488
trx-tron,TRX,2026-09-18,0.33824,1029800
trx-tron,TRX,2026-09-19,0.339694,1257740
trx-tron,TRX,2026-09-20,0.34245,1420340
trx-tron,TRX,2026-09-21,0.344652,1813182
trx-tron,TRX,2026-09-22,0.342019,1860432
trx-tron,TRX,2026-09-23,0.342168,1429395
trx-tron,TRX,2026-09-24,0.340168,1173282
trx-tron,TRX,2026-09-25,0.338144,1380393
trx-tron,TRX,2026-09-26,0.334253,866482
trx-tron,TRX,2026-09-27,0.333425,910633
trx-tron,TRX,2026-09-28,0.33535,1207822
trx-tron,TRX,2026-09-29,0.334565,1617435
trx-tron,TRX,2026-09-30,0.334272,123866
zec-zcash,ZEC,2025-09-30,74.19,3699649
zec-zcash,ZEC,2025-10-01,120.1,19078016
zec-zcash,ZEC,2025-10-02,131.91,31669941
zec-zcash,ZEC,2025-10-03,127.45,13865374
zec-zcash,ZEC,2025-10-04,157.04,17731150
zec-zcash,ZEC,2025-10-05,165.75,12935521
zec-zcash,ZEC,2025-10-06,156.0,9674764
zec-zcash,ZEC,2025-10-07,127.2,12729382
zec-zcash,ZEC,2025-10-08,176.92,22446348
zec-zcash,ZEC,2025-10-09,213.01,54242476
zec-zcash,ZEC,2025-10-10,225.0,96802490
zec-zcash,ZEC,2025-10-11,291.01,42249577
zec-zcash,ZEC,2025-10-12,260.83,29426170
zec-zcash,ZEC,2025-10-13,248.99,22580590
zec-zcash,ZEC,2025-10-14,247.07,26083884
zec-zcash,ZEC,2025-10-15,229.78,24259681
zec-zcash,ZEC,2025-10-16,204.72,20263820
zec-zcash,ZEC,2025-10-17,218.0,33296720
zec-zcash,ZEC,2025-10-18,221.31,7914853
zec-zcash,ZEC,2025-10-19,236.75,9611136
zec-zcash,ZEC,2025-10-20,268.26,22670148
zec-zcash,ZEC,2025-10-21,263.48,35353702
zec-zcash,ZEC,2025-10-22,238.66,35739018
zec-zcash,ZEC,2025-10-23,243.72,15929984
zec-zcash,ZEC,2025-10-24,269.78,16917268
zec-zcash,ZEC,2025-10-25,276.16,8539939
zec-zcash,ZEC,2025-10-26,325.5,61952129
zec-zcash,ZEC,2025-10-27,342.04,44733918
zec-zcash,ZEC,2025-10-28,315.93,29082263
zec-zcash,ZEC,2025-10-29,351.44,23441078
zec-zcash,ZEC,2025-10-30,345.52,37208564
zec-zcash,ZEC,2025-10-31,404.5,58156264
zec-zcash,ZEC,2025-11-01,412.24,43169943
zec-zcash,ZEC,2025-11-02,418.12,35528045
zec-zcash,ZEC,2025-11-03,434.1,30395819
zec-zcash,ZEC,2025-11-04,439.86,105699058
zec-zcash,ZEC,2025-11-05,478.7,60366792
zec-zcash,ZEC,2025-11-06,536.0,62767156
zec-zcash,ZEC,2025-11-07,643.79,185243757
zec-zcash,ZEC,2025-11-08,603.94,138661808
zec-zcash,ZEC,2025-11-09,615.59,77391788
zec-zcash,ZEC,2025-11-10,521.92,92553824
zec-zcash,ZEC,2025-11-11,443.08,76274186
zec-zcash,ZEC,2025-11-12,505.27,74581453
zec-zcash,ZEC,2025-11-13,519.7,75249271
zec-zcash,ZEC,2025-11-14,608.0,78447819
zec-zcash,ZEC,2025-11-15,670.21,148081431
zec-zcash,ZEC,2025-11-16,698.91,126226011
zec-zcash,ZEC,2025-11-17,610.59,80645672
zec-zcash,ZEC,2025-11-18,624.8,85804286
zec-zcash,ZEC,2025-11-19,674.0,82714638
zec-zcash,ZEC,2025-11-20,655.37,71535904
zec-zcash,ZEC,2025-11-21,551.0,106204021
zec-zcash,ZEC,2025-11-22,518.19,76735986
zec-zcash,ZEC,2025-11-23,572.83,47287318
zec-zcash,ZEC,2025-11-24,519.53,51543132
zec-zcash,ZEC,2025-11-25,511.46,50625181
zec-zcash,ZEC,2025-11-26,527.67,32380476
zec-zcash,ZEC,2025-11-27,489.8,23516432
zec-zcash,ZEC,2025-11-28,451.44,29313252
zec-zcash,ZEC,2025-11-29,460.25,10957757
zec-zcash,ZEC,2025-11-30,427.51,13204391
zec-zcash,ZEC,2025-12-01,344.71,59644088
zec-zcash,ZEC,2025-12-02,313.04,42986323
zec-zcash,ZEC,2025-12-03,339.15,47637944
zec-zcash,ZEC,2025-12-04,367.33,18812829
zec-zcash,ZEC,2025-12-05,360.19,32513064
zec-zcash,ZEC,2025-12-06,341.52,13961653
zec-zcash,ZEC,2025-12-07,342.92,15263273
zec-zcash,ZEC,2025-12-08,405.39,41176682
zec-zcash,ZEC,2025-12-09,432.7,33003996
zec-zcash,ZEC,2025-12-10,404.55,22211324
zec-zcash,ZEC,2025-12-11,450.73,35985704
zec-zcash,ZEC,2025-12-12,455.24,20852649
zec-zcash,ZEC,2025-12-13,443.68,23930486
zec-zcash,ZEC,2025-12-14,404.16,18851181
zec-zcash,ZEC,2025-12-15,413.88,29149564
zec-zcash,ZEC,2025-12-16,404.71,16504208
zec-zcash,ZEC,2025-12-17,376.6,12077813
zec-zcash,ZEC,2025-12-18,388.32,18810436
zec-zcash,ZEC,2025-12-19,443.75,16861515
zec-zcash,ZEC,2025-12-20,447.2,9567124
zec-zcash,ZEC,2025-12-21,441.06,10283602
zec-zcash,ZEC,2025-12-22,431.21,14625319
zec-zcash,ZEC,2025-12-23,417.22,7564590
zec-zcash,ZEC,2025-12-24,448.44,16849525
zec-zcash,ZEC,2025-12-25,438.18,6780507
zec-zcash,ZEC,2025-12-26,447.95,5909114
zec-zcash,ZEC,2025-12-27,515.88,28467892
zec-zcash,ZEC,2025-12-28,529.54,17696130
zec-zcash,ZEC,2025-12-29,540.22,21336014
zec-zcash,ZEC,2025-12-30,529.4,10653985
zec-zcash,ZEC,2025-12-31,511.62,24374808
zec-zcash,ZEC,2026-01-01,525.45,14714838
zec-zcash,ZEC,2026-01-02,487.86,23899208
zec-zcash,ZEC,2026-01-03,511.68,10042616
zec-zcash,ZEC,2026-01-04,501.69,4987756
zec-zcash,ZEC,2026-01-05,503.74,12070727
zec-zcash,ZEC,2026-01-06,502.34,10304005
zec-zcash,ZEC,2026-01-07,469.45,13212181
zec-zcash,ZEC,2026-01-08,421.52,54178582
zec-zcash,ZEC,2026-01-09,417.74,14162408
zec-zcash,ZEC,2026-01-10,375.45,19226355
zec-zcash,ZEC,2026-01-11,380.97,18271786
zec-zcash,ZEC,2026-01-12,406.88,16707021
zec-zcash,ZEC,2026-01-13,403.84,14635608
zec-zcash,ZEC,2026-01-14,447.42,18960041
zec-zcash,ZEC,2026-01-15,414.41,13718241
zec-zcash,ZEC,2026-01-16,410.88,7044788
zec-zcash,ZEC,2026-01-17,400.27,5684008
zec-zcash,ZEC,2026-01-18,376.77,7665961
zec-zcash,ZEC,2026-01-19,368.99,11182803
zec-zcash,ZEC,2026-01-20,349.48,22781135
zec-zcash,ZEC,2026-01-21,355.47,12709169
zec-zcash,ZEC,2026-01-22,365.25,12073612
zec-zcash,ZEC,2026-01-23,367.27,12448222
zec-zcash,ZEC,2026-01-24,359.2,9805506
zec-zcash,ZEC,2026-01-25,329.06,9830745
zec-zcash,ZEC,2026-01-26,367.0,14776513
zec-zcash,ZEC,2026-01-27,399.41,15026341
zec-zcash,ZEC,2026-01-28,370.11,8865289
zec-zcash,ZEC,2026-01-29,353.06,10863839
zec-zcash,ZEC,2026-01-30,339.7,12461370
zec-zcash,ZEC,2026-01-31,302.47,16777252
zec-zcash,ZEC,2026-02-01,305.24,7915981
zec-zcash,ZEC,2026-02-02,295.03,5969160
zec-zcash,ZEC,2026-02-03,270.28,11656794
zec-zcash,ZEC,2026-02-04,250.92,7914166
zec-zcash,ZEC,2026-02-05,204.66,19350509
zec-zcash,ZEC,2026-02-06,240.1,14614159
zec-zcash,ZEC,2026-02-07,240.49,5453807
zec-zcash,ZEC,2026-02-08,239.55,6801995
zec-zcash,ZEC,2026-02-09,240.21,8122176
zec-zcash,ZEC,2026-02-10,233.34,3665839
zec-zcash,ZEC,2026-02-11,240.46,10154587
zec-zcash,ZEC,2026-02-12,232.87,5820193
zec-zcash,ZEC,2026-02-13,267.16,8581984
zec-zcash,ZEC,2026-02-14,323.31,16341211
zec-zcash,ZEC,2026-02-15,297.85,7175915
zec-zcash,ZEC,2026-02-16,294.13,9044621
zec-zcash,ZEC,2026-02-17,296.24,9177726
zec-zcash,ZEC,2026-02-18,264.88,10563059
zec-zcash,ZEC,2026-02-19,262.22,6564483
zec-zcash,ZEC,2026-02-20,258.85,5023983
zec-zcash,ZEC,2026-02-21,259.98,3843380
zec-zcash,ZEC,2026-02-22,244.49,4032447
zec-zcash,ZEC,2026-02-23,237.49,6064380
zec-zcash,ZEC,2026-02-24,242.97,4139979
zec-zcash,ZEC,2026-02-25,243.97,7617338
zec-zcash,ZEC,2026-02-26,238.55,5544067
zec-zcash,ZEC,2026-02-27,219.52,4596794
zec-zcash,ZEC,2026-02-28,220.37,4387631
zec-zcash,ZEC,2026-03-01,213.13,2713060
zec-zcash,ZEC,2026-03-02,223.79,3144208
zec-zcash,ZEC,2026-03-03,220.82,3817308
zec-zcash,ZEC,2026-03-04,243.75,7659601
zec-zcash,ZEC,2026-03-05,226.63,3592703
zec-zcash,ZEC,2026-03-06,209.99,3878830
zec-zcash,ZEC,2026-03-07,197.49,5308709
zec-zcash,ZEC,2026-03-08,197.82,2111220
zec-zcash,ZEC,2026-03-09,214.85,3797272
zec-zcash,ZEC,2026-03-10,222.78,5429786
zec-zcash,ZEC,2026-03-11,212.95,2842556
zec-zcash,ZEC,2026-03-12,208.39,8803846
zec-zcash,ZEC,2026-03-13,208.04,5849486
zec-zcash,ZEC,2026-03-14,213.6,1360340
zec-zcash,ZEC,2026-03-15,229.67,8830563
zec-zcash,ZEC,2026-03-16,276.82,15806261
zec-zcash,ZEC,2026-03-17,272.56,11246839
zec-zcash,ZEC,2026-03-18,248.85,9409223
zec-zcash,ZEC,2026-03-19,235.01,9554842
zec-zcash,ZEC,2026-03-20,234.2,5209542
zec-zcash,ZEC,2026-03-21,220.32,2646555
zec-zcash,ZEC,2026-03-22,217.38,2391903
zec-zcash,ZEC,2026-03-23,228.53,5840086
zec-zcash,ZEC,2026-03-24,242.35,4340449
zec-zcash,ZEC,2026-03-25,231.68,4312589
zec-zcash,ZEC,2026-03-26,222.21,4569258
zec-zcash,ZEC,2026-03-27,215.49,3015783
zec-zcash,ZEC,2026-03-28,213.43,2412561
zec-zcash,ZEC,2026-03-29,215.03,2875766
zec-zcash,ZEC,2026-03-30,225.55,4610664
zec-zcash,ZEC,2026-03-31,248.72,14655580
zec-zcash,ZEC,2026-04-01,251.42,7807037
zec-zcash,ZEC,2026-04-02,241.22,7289260
zec-zcash,ZEC,2026-04-03,234.44,3396340
zec-zcash,ZEC,2026-04-04,251.29,3762748
zec-zcash,ZEC,2026-04-05,244.92,3362864
zec-zcash,ZEC,2026-04-06,251.65,5605687
zec-zcash,ZEC,2026-04-07,321.38,19613087
zec-zcash,ZEC,2026-04-08,323.44,19411744
zec-zcash,ZEC,2026-04-09,366.73,28494203
zec-zcash,ZEC,2026-04-10,375.8,14274183
zec-zcash,ZEC,2026-04-11,371.32,6056331
zec-zcash,ZEC,2026-04-12,362.24,8823702
zec-zcash,ZEC,2026-04-13,368.66,18344552
zec-zcash,ZEC,2026-04-14,354.15,12208536
zec-zcash,ZEC,2026-04-15,346.0,5936398
zec-zcash,ZEC,2026-04-16,340.48,5148513
zec-zcash,ZEC,2026-04-17,329.24,14485545
zec-zcash,ZEC,2026-04-18,323.73,6638289
zec-zcash,ZEC,2026-04-19,301.93,6312850
zec-zcash,ZEC,2026-04-20,312.05,6044209
zec-zcash,ZEC,2026-04-21,317.25,6511131
zec-zcash,ZEC,2026-04-22,316.57,8167752
zec-zcash,ZEC,2026-04-23,342.88,10606847
zec-zcash,ZEC,2026-04-24,359.28,7358228
zec-zcash,ZEC,2026-04-25,359.45,3072747
zec-zcash,ZEC,2026-04-26,355.74,2319107
zec-zcash,ZEC,2026-04-27,355.4,6380972
zec-zcash,ZEC,2026-04-28,336.42,3725076
zec-zcash,ZEC,2026-04-29,327.13,5559539
zec-zcash,ZEC,2026-04-30,350.36,4834955
zec-zcash,ZEC,2026-05-01,384.94,11823866
zec-zcash,ZEC,2026-05-02,387.41,3098324
zec-zcash,ZEC,2026-05-03,413.06,9456760
zec-zcash,ZEC,2026-05-04,423.06,16457817
zec-zcash,ZEC,2026-05-05,516.82,24459570
zec-zcash,ZEC,2026-05-06,553.69,26398435
zec-zcash,ZEC,2026-05-07,574.87,16093152
zec-zcash,ZEC,2026-05-08,614.26,15888671
zec-zcash,ZEC,2026-05-09,594.78,21013265
zec-zcash,ZEC,2026-05-10,591.58,22281303
zec-zcash,ZEC,2026-05-11,556.8,10264146
zec-zcash,ZEC,2026-05-12,571.31,9342443
zec-zcash,ZEC,2026-05-13,524.1,12881803
zec-zcash,ZEC,2026-05-14,560.68,20154180
zec-zcash,ZEC,2026-05-15,515.06,10104596
zec-zcash,ZEC,2026-05-16,511.41,7067538
zec-zcash,ZEC,2026-05-17,536.08,11881886
zec-zcash,ZEC,2026-05-18,563.27,20476728
zec-zcash,ZEC,2026-05-19,573.51,14819911
zec-zcash,ZEC,2026-05-20,673.46,34600252
zec-zcash,ZEC,2026-05-21,663.79,16430395
zec-zcash,ZEC,2026-05-22,581.95,19560973
zec-zcash,ZEC,2026-05-23,629.88,20528366
zec-zcash,ZEC,2026-05-24,662.13,20320000
zec-zcash,ZEC,2026-05-25,652.58,15152600
zec-zcash,ZEC,2026-05-26,567.63,30002683
zec-zcash,ZEC,2026-05-27,541.05,22096490
zec-zcash,ZEC,2026-05-28,547.68,28342735
zec-zcash,ZEC,2026-05-29,529.13,16424423
zec-zcash,ZEC,2026-05-30,527.71,11353026
zec-zcash,ZEC,2026-05-31,568.3,23988859
zec-zcash,ZEC,2026-06-01,544.41,31704312
zec-zcash,ZEC,2026-06-02,609.53,57724921
zec-zcash,ZEC,2026-06-03,622.6,41297053
zec-zcash,ZEC,2026-06-04,458.87,69708646
zec-zcash,ZEC,2026-06-05,389.58,126360337
zec-zcash,ZEC,2026-06-06,362.01,30215797
zec-zcash,ZEC,2026-06-07,440.85,50434224
zec-zcash,ZEC,2026-06-08,460.01,26601324
zec-zcash,ZEC,2026-06-09,429.13,29756337
zec-zcash,ZEC,2026-06-10,408.37,18650478
zec-zcash,ZEC,2026-06-11,427.95,12364831
zec-zcash,ZEC,2026-06-12,411.31,15122457
zec-zcash,ZEC,2026-06-13,420.42,9746133
zec-zcash,ZEC,2026-06-14,472.07,11124178
zec-zcash,ZEC,2026-06-15,518.5,34044286
zec-zcash,ZEC,2026-06-16,504.64,21771027
zec-zcash,ZEC,2026-06-17,476.68,13611560
zec-zcash,ZEC,2026-06-18,455.48,11871715
zec-zcash,ZEC,2026-06-19,477.0,5146911
zec-zcash,ZEC,2026-06-20,470.48,6055080
zec-zcash,ZEC,2026-06-21,434.03,6083208
zec-zcash,ZEC,2026-06-22,442.03,5916970
zec-zcash,ZEC,2026-06-23,415.44,6806934
zec-zcash,ZEC,2026-06-24,416.26,8434814
zec-zcash,ZEC,2026-06-25,415.72,7392949
zec-zcash,ZEC,2026-06-26,419.12,9029587
zec-zcash,ZEC,2026-06-27,395.26,3998273
zec-zcash,ZEC,2026-06-28,375.41,7295266
zec-zcash,ZEC,2026-06-29,406.69,9415655
zec-zcash,ZEC,2026-06-30,399.19,6787846
zec-zcash,ZEC,2026-07-01,416.58,10825360
zec-zcash,ZEC,2026-07-02,434.33,7467033
zec-zcash,ZEC,2026-07-03,460.54,6296307
zec-zcash,ZEC,2026-07-04,462.97,4470741
zec-zcash,ZEC,2026-07-05,461.98,3291410
zec-zcash,ZEC,2026-07-06,452.1,5957011
zec-zcash,ZEC,2026-07-07,482.86,12109215
zec-zcash,ZEC,2026-07-08,465.85,8514771
zec-zcash,ZEC,2026-07-09,481.4,5366628
zec-zcash,ZEC,2026-07-10,498.56,8091850
zec-zcash,ZEC,2026-07-11,508.86,6705595
zec-zcash,ZEC,2026-07-12,533.16,8694567
zec-zcash,ZEC,2026-07-13,495.0,11575841
zec-zcash,ZEC,2026-07-14,563.69,12442422
zec-zcash,ZEC,2026-07-15,569.98,19635304
zec-zcash,ZEC,2026-07-16,523.18,11175016
zec-zcash,ZEC,2026-07-17,547.13,11434970
zec-zcash,ZEC,2026-07-18,557.48,5123960
zec-zcash,ZEC,2026-07-19,547.62,2743693
zec-zcash,ZEC,2026-07-20,543.22,7840234
zec-zcash,ZEC,2026-07-21,532.34,6441959
zec-zcash,ZEC,2026-07-22,515.22,13608865
zec-zcash,ZEC,2026-07-23,503.68,5828031
zec-zcash,ZEC,2026-07-24,488.46,3750650
zec-zcash,ZEC,2026-07-25,484.92,3262652
zec-zcash,ZEC,2026-07-26,508.0,3535138
zec-zcash,ZEC,2026-07-27,476.0,5658811
zec-zcash,ZEC,2026-07-28,465.18,6267742
zec-zcash,ZEC,2026-07-29,466.96,2580357
zec-zcash,ZEC,2026-07-30,469.56,3899990
zec-zcash,ZEC,2026-07-31,457.15,3133498
zec-zcash,ZEC,2026-08-01,461.35,4100699
zec-zcash,ZEC,2026-08-02,489.17,7963969
zec-zcash,ZEC,2026-08-03,483.02,7384687
zec-zcash,ZEC,2026-08-04,505.73,6024312
zec-zcash,ZEC,2026-08-05,511.49,5541294
zec-zcash,ZEC,2026-08-06,502.27,4875359
zec-zcash,ZEC,2026-08-07,511.62,5740743
zec-zcash,ZEC,2026-08-08,507.51,3276414
zec-zcash,ZEC,2026-08-09,509.72,2797242
zec-zcash,ZEC,2026-08-10,496.2,3484717
zec-zcash,ZEC,2026-08-11,480.99,5365769
zec-zcash,ZEC,2026-08-12,490.05,5210783
zec-zcash,ZEC,2026-08-13,490.92,4400937
zec-zcash,ZEC,2026-08-14,492.8,4937182
zec-zcash,ZEC,2026-08-15,487.35,2978688
zec-zcash,ZEC,2026-08-16,484.73,2222692
zec-zcash,ZEC,2026-08-17,513.95,5698484
zec-zcash,ZEC,2026-08-18,508.66,4308844
zec-zcash,ZEC,2026-08-19,564.77,20188735
zec-zcash,ZEC,2026-08-20,568.95,19678248
zec-zcash,ZEC,2026-08-21,734.37,52470424
zec-zcash,ZEC,2026-08-22,801.21,88020724
zec-zcash,ZEC,2026-08-23,854.07,32997652
zec-zcash,ZEC,2026-08-24,830.3,33994602
zec-zcash,ZEC,2026-08-25,767.81,27557278
zec-zcash,ZEC,2026-08-26,817.44,16675198
zec-zcash,ZEC,2026-08-27,810.14,20179922
zec-zcash,ZEC,2026-08-28,800.47,15752047
zec-zcash,ZEC,2026-08-29,841.7,13992830
zec-zcash,ZEC,2026-08-30,836.02,26087907
zec-zcash,ZEC,2026-08-31,848.46,20776875
zec-zcash,ZEC,2026-09-01,829.82,19471112
zec-zcash,ZEC,2026-09-02,815.41,15967311
zec-zcash,ZEC,2026-09-03,952.94,60648315
zec-zcash,ZEC,2026-09-04,1023.36,57063638
zec-zcash,ZEC,2026-09-05,1024.92,28027644
zec-zcash,ZEC,2026-09-06,1227.11,103813673
zec-zcash,ZEC,2026-09-07,1139.14,53406527
zec-zcash,ZEC,2026-09-08,1177.73,47547287
zec-zcash,ZEC,2026-09-09,1244.35,76426655
zec-zcash,ZEC,2026-09-10,1078.89,56322018
zec-zcash,ZEC,2026-09-11,1164.47,53886381
zec-zcash,ZEC,2026-09-12,1122.1,16182792
zec-zcash,ZEC,2026-09-13,1061.46,20627954
zec-zcash,ZEC,2026-09-14,1163.58,42566327
zec-zcash,ZEC,2026-09-15,1109.68,64907344
zec-zcash,ZEC,2026-09-16,1337.01,103096132
zec-zcash,ZEC,2026-09-17,1466.91,105917467
zec-zcash,ZEC,2026-09-18,1562.79,87810696
zec-zcash,ZEC,2026-09-19,1469.77,61786944
zec-zcash,ZEC,2026-09-20,1508.36,34194626
zec-zcash,ZEC,2026-09-21,1471.14,43875814
zec-zcash,ZEC,2026-09-22,1629.92,73280559
zec-zcash,ZEC,2026-09-23,1497.86,72220346
zec-zcash,ZEC,2026-09-24,1544.92,36592856
zec-zcash,ZEC,2026-09-25,1555.32,33276610
zec-zcash,ZEC,2026-09-26,1653.15,34124825
zec-zcash,ZEC,2026-09-27,1586.23,35339013
zec-zcash,ZEC,2026-09-28,1482.97,50758728
zec-zcash,ZEC,2026-09-29,1417.42,41992010
zec-zcash,ZEC,2026-09-30,1422.5,930502
hype-hyperliquid,HYPE,2026-01-28,34.33,1043374
hype-hyperliquid,HYPE,2026-01-29,30.85,4796386
hype-hyperliquid,HYPE,2026-01-30,30.62,8774880
hype-hyperliquid,HYPE,2026-01-31,31.0,8819057
hype-hyperliquid,HYPE,2026-02-01,30.65,4661668
hype-hyperliquid,HYPE,2026-02-02,33.29,11228762
hype-hyperliquid,HYPE,2026-02-03,32.61,23588579
hype-hyperliquid,HYPE,2026-02-04,35.46,10111467
hype-hyperliquid,HYPE,2026-02-05,33.03,20578918
hype-hyperliquid,HYPE,2026-02-06,32.42,14855867
hype-hyperliquid,HYPE,2026-02-07,31.43,8163684
hype-hyperliquid,HYPE,2026-02-08,32.42,4352628
hype-hyperliquid,HYPE,2026-02-09,31.25,5236622
hype-hyperliquid,HYPE,2026-02-10,28.8,11924000
hype-hyperliquid,HYPE,2026-02-11,29.38,10636536
hype-hyperliquid,HYPE,2026-02-12,31.05,9158847
hype-hyperliquid,HYPE,2026-02-13,31.64,5337759
hype-hyperliquid,HYPE,2026-02-14,31.76,7505277
hype-hyperliquid,HYPE,2026-02-15,30.72,2965853
hype-hyperliquid,HYPE,2026-02-16,31.21,1837872
hype-hyperliquid,HYPE,2026-02-17,29.52,2095975
hype-hyperliquid,HYPE,2026-02-18,28.67,1945963
hype-hyperliquid,HYPE,2026-02-19,29.05,2858380
hype-hyperliquid,HYPE,2026-02-20,30.32,3214479
hype-hyperliquid,HYPE,2026-02-21,29.76,1850491
hype-hyperliquid,HYPE,2026-02-22,28.96,885336
hype-hyperliquid,HYPE,2026-02-23,26.25,4901260
hype-hyperliquid,HYPE,2026-02-24,27.12,2161908
hype-hyperliquid,HYPE,2026-02-25,27.85,4487888
hype-hyperliquid,HYPE,2026-02-26,28.13,2669597
hype-hyperliquid,HYPE,2026-02-27,27.29,2310204
hype-hyperliquid,HYPE,2026-02-28,31.23,3812091
hype-hyperliquid,HYPE,2026-03-01,31.57,4472335
hype-hyperliquid,HYPE,2026-03-02,32.83,5693165
hype-hyperliquid,HYPE,2026-03-03,31.32,4456605
hype-hyperliquid,HYPE,2026-03-04,32.19,4985630
hype-hyperliquid,HYPE,2026-03-05,30.6,4013519
hype-hyperliquid,HYPE,2026-03-06,31.06,4784271
hype-hyperliquid,HYPE,2026-03-07,30.31,1611916
hype-hyperliquid,HYPE,2026-03-08,30.71,2639478
hype-hyperliquid,HYPE,2026-03-09,34.73,11016825
hype-hyperliquid,HYPE,2026-03-10,34.2,7679060
hype-hyperliquid,HYPE,2026-03-11,36.22,7267902
hype-hyperliquid,HYPE,2026-03-12,37.29,15668173
hype-hyperliquid,HYPE,2026-03-13,36.48,10076783
hype-hyperliquid,HYPE,2026-03-14,37.84,5984565
hype-hyperliquid,HYPE,2026-03-15,37.3,2775351
hype-hyperliquid,HYPE,2026-03-16,40.79,11920302
hype-hyperliquid,HYPE,2026-03-17,41.19,9135355
hype-hyperliquid,HYPE,2026-03-18,42.14,15140273
hype-hyperliquid,HYPE,2026-03-19,39.34,13621098
hype-hyperliquid,HYPE,2026-03-20,39.54,7092699
hype-hyperliquid,HYPE,2026-03-21,39.22,2920997
hype-hyperliquid,HYPE,2026-03-22,38.35,7669473
hype-hyperliquid,HYPE,2026-03-23,37.37,14475954
hype-hyperliquid,HYPE,2026-03-24,40.35,10256275
hype-hyperliquid,HYPE,2026-03-25,40.31,6986601
hype-hyperliquid,HYPE,2026-03-26,39.11,5053785
hype-hyperliquid,HYPE,2026-03-27,38.66,4005626
hype-hyperliquid,HYPE,2026-03-28,39.45,6277106
hype-hyperliquid,HYPE,2026-03-29,37.82,2875904
hype-hyperliquid,HYPE,2026-03-30,36.8,6744743
hype-hyperliquid,HYPE,2026-03-31,36.57,9489865
hype-hyperliquid,HYPE,2026-04-01,36.03,4105161
hype-hyperliquid,HYPE,2026-04-02,35.22,4835247
hype-hyperliquid,HYPE,2026-04-03,35.63,1585543
hype-hyperliquid,HYPE,2026-04-04,36.47,1221072
hype-hyperliquid,HYPE,2026-04-05,36.85,1849967
hype-hyperliquid,HYPE,2026-04-06,36.34,4412233
hype-hyperliquid,HYPE,2026-04-07,38.62,5256343
hype-hyperliquid,HYPE,2026-04-08,38.78,5785450
hype-hyperliquid,HYPE,2026-04-09,39.46,3818483
hype-hyperliquid,HYPE,2026-04-10,41.63,8504316
hype-hyperliquid,HYPE,2026-04-11,42.25,3779744
hype-hyperliquid,HYPE,2026-04-12,40.89,7118738
hype-hyperliquid,HYPE,2026-04-13,44.35,11237278
hype-hyperliquid,HYPE,2026-04-14,43.57,13451688
hype-hyperliquid,HYPE,2026-04-15,44.67,9154685
hype-hyperliquid,HYPE,2026-04-16,43.84,9538464
hype-hyperliquid,HYPE,2026-04-17,44.64,7964758
hype-hyperliquid,HYPE,2026-04-18,43.79,3270790
hype-hyperliquid,HYPE,2026-04-19,40.62,6189964
hype-hyperliquid,HYPE,2026-04-20,40.72,5596152
hype-hyperliquid,HYPE,2026-04-21,39.76,14643918
hype-hyperliquid,HYPE,2026-04-22,41.17,10330973
hype-hyperliquid,HYPE,2026-04-23,41.29,3469931
hype-hyperliquid,HYPE,2026-04-24,41.16,2348485
hype-hyperliquid,HYPE,2026-04-25,41.49,1302896
hype-hyperliquid,HYPE,2026-04-26,42.49,2016491
hype-hyperliquid,HYPE,2026-04-27,41.62,8538096
hype-hyperliquid,HYPE,2026-04-28,40.17,4817992
hype-hyperliquid,HYPE,2026-04-29,39.95,2404654
hype-hyperliquid,HYPE,2026-04-30,39.71,2663868
hype-hyperliquid,HYPE,2026-05-01,41.16,3515490
hype-hyperliquid,HYPE,2026-05-02,41.24,2563651
hype-hyperliquid,HYPE,2026-05-03,41.5,1774384
hype-hyperliquid,HYPE,2026-05-04,41.8,5405277
hype-hyperliquid,HYPE,2026-05-05,43.75,7249965
hype-hyperliquid,HYPE,2026-05-06,43.09,5996985
hype-hyperliquid,HYPE,2026-05-07,42.49,2884188
hype-hyperliquid,HYPE,2026-05-08,43.26,2494270
hype-hyperliquid,HYPE,2026-05-09,42.89,2107210
hype-hyperliquid,HYPE,2026-05-10,43.0,2315885
hype-hyperliquid,HYPE,2026-05-11,42.01,4465209
hype-hyperliquid,HYPE,2026-05-12,40.24,4169122
hype-hyperliquid,HYPE,2026-05-13,38.89,4780559
hype-hyperliquid,HYPE,2026-05-14,44.13,10874891
hype-hyperliquid,HYPE,2026-05-15,44.15,21956501
hype-hyperliquid,HYPE,2026-05-16,41.8,10867779
hype-hyperliquid,HYPE,2026-05-17,45.69,12293629
hype-hyperliquid,HYPE,2026-05-18,47.73,20573974
hype-hyperliquid,HYPE,2026-05-19,48.07,14324627
hype-hyperliquid,HYPE,2026-05-20,54.87,31556440
hype-hyperliquid,HYPE,2026-05-21,58.55,49280896
hype-hyperliquid,HYPE,2026-05-22,54.57,42530533
hype-hyperliquid,HYPE,2026-05-23,58.66,21761923
hype-hyperliquid,HYPE,2026-05-24,62.71,33267687
hype-hyperliquid,HYPE,2026-05-25,61.1,16082527
hype-hyperliquid,HYPE,2026-05-26,59.5,27409527
hype-hyperliquid,HYPE,2026-05-27,57.68,27165383
hype-hyperliquid,HYPE,2026-05-28,61.49,30858012
hype-hyperliquid,HYPE,2026-05-29,64.42,48934938
hype-hyperliquid,HYPE,2026-05-30,68.27,28510342
hype-hyperliquid,HYPE,2026-05-31,72.02,27587667
hype-hyperliquid,HYPE,2026-06-01,73.52,47568820
hype-hyperliquid,HYPE,2026-06-02,69.77,55165663
hype-hyperliquid,HYPE,2026-06-03,74.51,39663285
hype-hyperliquid,HYPE,2026-06-04,64.4,62961123
hype-hyperliquid,HYPE,2026-06-05,59.77,48633668
hype-hyperliquid,HYPE,2026-06-06,56.5,11891161
hype-hyperliquid,HYPE,2026-06-07,59.73,17120748
hype-hyperliquid,HYPE,2026-06-08,63.81,28570097
hype-hyperliquid,HYPE,2026-06-09,57.72,25270460
hype-hyperliquid,HYPE,2026-06-10,53.26,18697349
hype-hyperliquid,HYPE,2026-06-11,58.9,23129671
hype-hyperliquid,HYPE,2026-06-12,59.28,30191025
hype-hyperliquid,HYPE,2026-06-13,60.68,14684802
hype-hyperliquid,HYPE,2026-06-14,63.93,12736613
hype-hyperliquid,HYPE,2026-06-15,66.93,26580715
hype-hyperliquid,HYPE,2026-06-16,73.63,36963777
hype-hyperliquid,HYPE,2026-06-17,71.12,38052046
hype-hyperliquid,HYPE,2026-06-18,68.26,27076354
hype-hyperliquid,HYPE,2026-06-19,70.26,19362175
hype-hyperliquid,HYPE,2026-06-20,70.75,12044724
hype-hyperliquid,HYPE,2026-06-21,67.08,7843990
hype-hyperliquid,HYPE,2026-06-22,66.2,16893803
hype-hyperliquid,HYPE,2026-06-23,62.11,23291512
hype-hyperliquid,HYPE,2026-06-24,63.86,21417533
hype-hyperliquid,HYPE,2026-06-25,64.06,21829799
hype-hyperliquid,HYPE,2026-06-26,64.3,21734057
hype-hyperliquid,HYPE,2026-06-27,61.6,8449311
hype-hyperliquid,HYPE,2026-06-28,61.46,6394235
hype-hyperliquid,HYPE,2026-06-29,66.84,22326470
hype-hyperliquid,HYPE,2026-06-30,65.01,15959964
hype-hyperliquid,HYPE,2026-07-01,62.36,15741834
hype-hyperliquid,HYPE,2026-07-02,66.9,13481431
hype-hyperliquid,HYPE,2026-07-03,70.64,13124527
hype-hyperliquid,HYPE,2026-07-04,69.8,10826188
hype-hyperliquid,HYPE,2026-07-05,71.3,8159906
hype-hyperliquid,HYPE,2026-07-06,70.56,12016249
hype-hyperliquid,HYPE,2026-07-07,69.13,14998301
hype-hyperliquid,HYPE,2026-07-08,67.63,13139008
hype-hyperliquid,HYPE,2026-07-09,67.09,10691116
hype-hyperliquid,HYPE,2026-07-10,67.53,14274654
hype-hyperliquid,HYPE,2026-07-11,66.76,5770901
hype-hyperliquid,HYPE,2026-07-12,67.3,4047637
hype-hyperliquid,HYPE,2026-07-13,63.48,11876279
hype-hyperliquid,HYPE,2026-07-14,65.47,7763915
hype-hyperliquid,HYPE,2026-07-15,66.81,10968067
hype-hyperliquid,HYPE,2026-07-16,60.73,10789945
hype-hyperliquid,HYPE,2026-07-17,59.71,11515693
hype-hyperliquid,HYPE,2026-07-18,60.18,5449254
hype-hyperliquid,HYPE,2026-07-19,61.14,2941310
hype-hyperliquid,HYPE,2026-07-20,62.46,5716926
hype-hyperliquid,HYPE,2026-07-21,60.84,6144501
hype-hyperliquid,HYPE,2026-07-22,59.36,11559133
hype-hyperliquid,HYPE,2026-07-23,57.49,5425640
hype-hyperliquid,HYPE,2026-07-24,57.41,5855741
hype-hyperliquid,HYPE,2026-07-25,58.07,4422642
hype-hyperliquid,HYPE,2026-07-26,59.61,4023373
hype-hyperliquid,HYPE,2026-07-27,56.05,9378902
hype-hyperliquid,HYPE,2026-07-28,55.12,8351696
hype-hyperliquid,HYPE,2026-07-29,53.87,5652189
hype-hyperliquid,HYPE,2026-07-30,55.82,4978274
hype-hyperliquid,HYPE,2026-07-31,52.51,7328852
hype-hyperliquid,HYPE,2026-08-01,52.13,3379782
hype-hyperliquid,HYPE,2026-08-02,52.57,4662742
hype-hyperliquid,HYPE,2026-08-03,53.93,6935704
hype-hyperliquid,HYPE,2026-08-04,55.02,4921369
hype-hyperliquid,HYPE,2026-08-05,56.92,7432587
hype-hyperliquid,HYPE,2026-08-06,56.17,4667583
hype-hyperliquid,HYPE,2026-08-07,54.13,3548643
hype-hyperliquid,HYPE,2026-08-08,55.11,1780480
hype-hyperliquid,HYPE,2026-08-09,53.88,1559935
hype-hyperliquid,HYPE,2026-08-10,55.05,3121837
hype-hyperliquid,HYPE,2026-08-11,54.43,2796128
hype-hyperliquid,HYPE,2026-08-12,56.01,4255347
hype-hyperliquid,HYPE,2026-08-13,57.45,4625132
hype-hyperliquid,HYPE,2026-08-14,56.48,5084109
hype-hyperliquid,HYPE,2026-08-15,56.87,1825887
hype-hyperliquid,HYPE,2026-08-16,57.13,2759763
hype-hyperliquid,HYPE,2026-08-17,59.43,4768725
hype-hyperliquid,HYPE,2026-08-18,58.54,4928380
hype-hyperliquid,HYPE,2026-08-19,69.52,40780615
hype-hyperliquid,HYPE,2026-08-20,73.7,30381445
hype-hyperliquid,HYPE,2026-08-21,75.51,42977505
hype-hyperliquid,HYPE,2026-08-22,79.34,34567558
hype-hyperliquid,HYPE,2026-08-23,82.29,18893132
hype-hyperliquid,HYPE,2026-08-24,78.9,18176006
hype-hyperliquid,HYPE,2026-08-25,79.64,33096943
hype-hyperliquid,HYPE,2026-08-26,82.28,22656421
hype-hyperliquid,HYPE,2026-08-27,84.78,19653983
hype-hyperliquid,HYPE,2026-08-28,80.94,17533017
hype-hyperliquid,HYPE,2026-08-29,83.39,5192879
hype-hyperliquid,HYPE,2026-08-30,80.08,8193889
hype-hyperliquid,HYPE,2026-08-31,84.19,18189008
hype-hyperliquid,HYPE,2026-09-01,82.74,15862056
hype-hyperliquid,HYPE,2026-09-02,81.95,9224797
hype-hyperliquid,HYPE,2026-09-03,87.47,20639859
hype-hyperliquid,HYPE,2026-09-04,84.46,20211600
hype-hyperliquid,HYPE,2026-09-05,85.42,9019706
hype-hyperliquid,HYPE,2026-09-06,87.97,19288558
hype-hyperliquid,HYPE,2026-09-07,85.18,9984133
hype-hyperliquid,HYPE,2026-09-08,85.15,14625286
hype-hyperliquid,HYPE,2026-09-09,83.57,16418732
hype-hyperliquid,HYPE,2026-09-10,78.57,17718413
hype-hyperliquid,HYPE,2026-09-11,79.46,18805733
hype-hyperliquid,HYPE,2026-09-12,79.65,8586583
hype-hyperliquid,HYPE,2026-09-13,77.34,10026913
hype-hyperliquid,HYPE,2026-09-14,80.35,17751482
hype-hyperliquid,HYPE,2026-09-15,76.93,14892374
hype-hyperliquid,HYPE,2026-09-16,78.23,18009914
hype-hyperliquid,HYPE,2026-09-17,85.08,23684852
hype-hyperliquid,HYPE,2026-09-18,92.59,35906102
hype-hyperliquid,HYPE,2026-09-19,92.21,12342497
hype-hyperliquid,HYPE,2026-09-20,93.68,13126077
hype-hyperliquid,HYPE,2026-09-21,94.08,18511982
hype-hyperliquid,HYPE,2026-09-22,97.23,21921956
hype-hyperliquid,HYPE,2026-09-23,93.99,24272939
hype-hyperliquid,HYPE,2026-09-24,92.14,25020574
hype-hyperliquid,HYPE,2026-09-25,92.41,17762117
hype-hyperliquid,HYPE,2026-09-26,92.6,8931195
hype-hyperliquid,HYPE,2026-09-27,91.66,12490711
hype-hyperliquid,HYPE,2026-09-28,87.47,13686013
hype-hyperliquid,HYPE,2026-09-29,86.06,13963919
hype-hyperliquid,HYPE,2026-09-30,86.23,118407
doge-dogecoin,DOGE,2025-09-30,0.23291,11035292
doge-dogecoin,DOGE,2025-10-01,0.249243,29048593
doge-dogecoin,DOGE,2025-10-02,0.262074,29384141
doge-dogecoin,DOGE,2025-10-03,0.2584,25222633
doge-dogecoin,DOGE,2025-10-04,0.250928,14875552
doge-dogecoin,DOGE,2025-10-05,0.252608,22529696
doge-dogecoin,DOGE,2025-10-06,0.266279,36657349
doge-dogecoin,DOGE,2025-10-07,0.246964,47707110
doge-dogecoin,DOGE,2025-10-08,0.255548,47056845
doge-dogecoin,DOGE,2025-10-09,0.248579,37343679
doge-dogecoin,DOGE,2025-10-10,0.193903,129116986
doge-dogecoin,DOGE,2025-10-11,0.18532,66780698
doge-dogecoin,DOGE,2025-10-12,0.20763,35976901
doge-dogecoin,DOGE,2025-10-13,0.213988,26073561
doge-dogecoin,DOGE,2025-10-14,0.204349,36205258
doge-dogecoin,DOGE,2025-10-15,0.19631,16172180
doge-dogecoin,DOGE,2025-10-16,0.188416,19136508
doge-dogecoin,DOGE,2025-10-17,0.184644,23135154
doge-dogecoin,DOGE,2025-10-18,0.189666,7245649
doge-dogecoin,DOGE,2025-10-19,0.195354,11616540
doge-dogecoin,DOGE,2025-10-20,0.20008,11422475
doge-dogecoin,DOGE,2025-10-21,0.194118,14985726
doge-dogecoin,DOGE,2025-10-22,0.189932,11591745
doge-dogecoin,DOGE,2025-10-23,0.194939,10461408
doge-dogecoin,DOGE,2025-10-24,0.19777,4688540
doge-dogecoin,DOGE,2025-10-25,0.196549,2437523
doge-dogecoin,DOGE,2025-10-26,0.205657,12187524
doge-dogecoin,DOGE,2025-10-27,0.200376,9234335
doge-dogecoin,DOGE,2025-10-28,0.193684,11893243
doge-dogecoin,DOGE,2025-10-29,0.192366,19030932
doge-dogecoin,DOGE,2025-10-30,0.1827,16157828
doge-dogecoin,DOGE,2025-10-31,0.186352,6915134
doge-dogecoin,DOGE,2025-11-01,0.1873,4699047
doge-dogecoin,DOGE,2025-11-02,0.186589,6546661
doge-dogecoin,DOGE,2025-11-03,0.16727,17576112
doge-dogecoin,DOGE,2025-11-04,0.162286,13608774
doge-dogecoin,DOGE,2025-11-05,0.167086,11275098
doge-dogecoin,DOGE,2025-11-06,0.161523,5559347
doge-dogecoin,DOGE,2025-11-07,0.17875,19457070
doge-dogecoin,DOGE,2025-11-08,0.176125,8982771
doge-dogecoin,DOGE,2025-11-09,0.179274,11163447
doge-dogecoin,DOGE,2025-11-10,0.181742,12719193
doge-dogecoin,DOGE,2025-11-11,0.171979,9465527
doge-dogecoin,DOGE,2025-11-12,0.170204,7470682
doge-dogecoin,DOGE,2025-11-13,0.163739,13830513
doge-dogecoin,DOGE,2025-11-14,0.157545,10302064
doge-dogecoin,DOGE,2025-11-15,0.163042,2806805
doge-dogecoin,DOGE,2025-11-16,0.158451,5865942
doge-dogecoin,DOGE,2025-11-17,0.151922,8068761
doge-dogecoin,DOGE,2025-11-18,0.161612,9113385
doge-dogecoin,DOGE,2025-11-19,0.15444,11060919
doge-dogecoin,DOGE,2025-11-20,0.148698,10222182
doge-dogecoin,DOGE,2025-11-21,0.140264,15094048
doge-dogecoin,DOGE,2025-11-22,0.140184,2792455
doge-dogecoin,DOGE,2025-11-23,0.144972,5967319
doge-dogecoin,DOGE,2025-11-24,0.151745,12781167
doge-dogecoin,DOGE,2025-11-25,0.152933,11343698
doge-dogecoin,DOGE,2025-11-26,0.154751,7349496
doge-dogecoin,DOGE,2025-11-27,0.152666,3718128
doge-dogecoin,DOGE,2025-11-28,0.150172,4772389
doge-dogecoin,DOGE,2025-11-29,0.148497,1607122
doge-dogecoin,DOGE,2025-11-30,0.146077,1558777
doge-dogecoin,DOGE,2025-12-01,0.135521,10541167
doge-dogecoin,DOGE,2025-12-02,0.14585,6883359
doge-dogecoin,DOGE,2025-12-03,0.151574,3583920
doge-dogecoin,DOGE,2025-12-04,0.14745,3439768
doge-dogecoin,DOGE,2025-12-05,0.139596,5362807
doge-dogecoin,DOGE,2025-12-06,0.139788,1079625
doge-dogecoin,DOGE,2025-12-07,0.138697,3260076
doge-dogecoin,DOGE,2025-12-08,0.142598,5659181
doge-dogecoin,DOGE,2025-12-09,0.148048,9337685
doge-dogecoin,DOGE,2025-12-10,0.143291,7834937
doge-dogecoin,DOGE,2025-12-11,0.140338,4774388
doge-dogecoin,DOGE,2025-12-12,0.136883,3997001
doge-dogecoin,DOGE,2025-12-13,0.139057,1805209
doge-dogecoin,DOGE,2025-12-14,0.13408,4080954
doge-dogecoin,DOGE,2025-12-15,0.129737,6505124
doge-dogecoin,DOGE,2025-12-16,0.131788,4132073
doge-dogecoin,DOGE,2025-12-17,0.126225,7675044
doge-dogecoin,DOGE,2025-12-18,0.122005,10424012
doge-dogecoin,DOGE,2025-12-19,0.132152,11104547
doge-dogecoin,DOGE,2025-12-20,0.131861,2246681
doge-dogecoin,DOGE,2025-12-21,0.131037,2542046
doge-dogecoin,DOGE,2025-12-22,0.13242,6984648
doge-dogecoin,DOGE,2025-12-23,0.129209,5762500
doge-dogecoin,DOGE,2025-12-24,0.128454,1855515
doge-dogecoin,DOGE,2025-12-25,0.123541,4000274
doge-dogecoin,DOGE,2025-12-26,0.122045,5484440
doge-dogecoin,DOGE,2025-12-27,0.124279,3225809
doge-dogecoin,DOGE,2025-12-28,0.123761,2845850
doge-dogecoin,DOGE,2025-12-29,0.122723,3430490
doge-dogecoin,DOGE,2025-12-30,0.12326,5048293
doge-dogecoin,DOGE,2025-12-31,0.117259,8423003
doge-dogecoin,DOGE,2026-01-01,0.126652,11261958
doge-dogecoin,DOGE,2026-01-02,0.141761,25401859
doge-dogecoin,DOGE,2026-01-03,0.143105,8317645
doge-dogecoin,DOGE,2026-01-04,0.149471,20049593
doge-dogecoin,DOGE,2026-01-05,0.151709,14237893
doge-dogecoin,DOGE,2026-01-06,0.150485,14725124
doge-dogecoin,DOGE,2026-01-07,0.146251,9057806
doge-dogecoin,DOGE,2026-01-08,0.141828,10658134
doge-dogecoin,DOGE,2026-01-09,0.140531,6275402
doge-dogecoin,DOGE,2026-01-10,0.139466,2655162
doge-dogecoin,DOGE,2026-01-11,0.137804,8087838
doge-dogecoin,DOGE,2026-01-12,0.136458,4918001
doge-dogecoin,DOGE,2026-01-13,0.148227,9412004
doge-dogecoin,DOGE,2026-01-14,0.147109,12094789
doge-dogecoin,DOGE,2026-01-15,0.139999,7660854
doge-dogecoin,DOGE,2026-01-16,0.138041,7014654
doge-dogecoin,DOGE,2026-01-17,0.137856,2773085
doge-dogecoin,DOGE,2026-01-18,0.131592,9727383
doge-dogecoin,DOGE,2026-01-19,0.129072,14634575
doge-dogecoin,DOGE,2026-01-20,0.123209,4717334
doge-dogecoin,DOGE,2026-01-21,0.126424,5990920
doge-dogecoin,DOGE,2026-01-22,0.124249,5195295
doge-dogecoin,DOGE,2026-01-23,0.124611,3863924
doge-dogecoin,DOGE,2026-01-24,0.124019,2185610
doge-dogecoin,DOGE,2026-01-25,0.119287,6660370
doge-dogecoin,DOGE,2026-01-26,0.122215,8135125
doge-dogecoin,DOGE,2026-01-27,0.126007,7201879
doge-dogecoin,DOGE,2026-01-28,0.124836,4283936
doge-dogecoin,DOGE,2026-01-29,0.117104,10053571
doge-dogecoin,DOGE,2026-01-30,0.115636,9954938
doge-dogecoin,DOGE,2026-01-31,0.104161,24945511
doge-dogecoin,DOGE,2026-02-01,0.104145,6614507
doge-dogecoin,DOGE,2026-02-02,0.10781,12448274
doge-dogecoin,DOGE,2026-02-03,0.105873,19133589
doge-dogecoin,DOGE,2026-02-04,0.103566,9858714
doge-dogecoin,DOGE,2026-02-05,0.0882963,26734018
doge-dogecoin,DOGE,2026-02-06,0.0984029,16700707
doge-dogecoin,DOGE,2026-02-07,0.0982449,6228713
doge-dogecoin,DOGE,2026-02-08,0.0966059,2011082
doge-dogecoin,DOGE,2026-02-09,0.0960606,3786986
doge-dogecoin,DOGE,2026-02-10,0.0926846,2844651
doge-dogecoin,DOGE,2026-02-11,0.0910674,5753533
doge-dogecoin,DOGE,2026-02-12,0.0929074,5286258
doge-dogecoin,DOGE,2026-02-13,0.0966396,5324621
doge-dogecoin,DOGE,2026-02-14,0.111041,15314571
doge-dogecoin,DOGE,2026-02-15,0.102613,17910058
doge-dogecoin,DOGE,2026-02-16,0.101057,6830881
doge-dogecoin,DOGE,2026-02-17,0.100597,8872753
doge-dogecoin,DOGE,2026-02-18,0.0985021,5280972
doge-dogecoin,DOGE,2026-02-19,0.0983151,6581508
doge-dogecoin,DOGE,2026-02-20,0.10007,9969005
doge-dogecoin,DOGE,2026-02-21,0.0984,2462975
doge-dogecoin,DOGE,2026-02-22,0.0955246,3907892
doge-dogecoin,DOGE,2026-02-23,0.0925844,6278507
doge-dogecoin,DOGE,2026-02-24,0.0913657,6066645
doge-dogecoin,DOGE,2026-02-25,0.100914,15539338
doge-dogecoin,DOGE,2026-02-26,0.0969787,8038123
doge-dogecoin,DOGE,2026-02-27,0.0933764,5943756
doge-dogecoin,DOGE,2026-02-28,0.0940734,7970529
doge-dogecoin,DOGE,2026-03-01,0.0918767,10185673
doge-dogecoin,DOGE,2026-03-02,0.0935611,9239965
doge-dogecoin,DOGE,2026-03-03,0.0899784,8445072
doge-dogecoin,DOGE,2026-03-04,0.0989365,22648266
doge-dogecoin,DOGE,2026-03-05,0.093565,9022146
doge-dogecoin,DOGE,2026-03-06,0.0912658,8076155
doge-dogecoin,DOGE,2026-03-07,0.0899408,2949956
doge-dogecoin,DOGE,2026-03-08,0.0891063,4211871
doge-dogecoin,DOGE,2026-03-09,0.09048,6807652
doge-dogecoin,DOGE,2026-03-10,0.0945189,15741949
doge-dogecoin,DOGE,2026-03-11,0.0928916,8067006
doge-dogecoin,DOGE,2026-03-12,0.0947477,6457039
doge-dogecoin,DOGE,2026-03-13,0.0959778,11192628
doge-dogecoin,DOGE,2026-03-14,0.0960357,4277116
doge-dogecoin,DOGE,2026-03-15,0.0974107,7073422
doge-dogecoin,DOGE,2026-03-16,0.103055,12910642
doge-dogecoin,DOGE,2026-03-17,0.100213,5629338
doge-dogecoin,DOGE,2026-03-18,0.0952363,9432034
doge-dogecoin,DOGE,2026-03-19,0.0935413,8428198
doge-dogecoin,DOGE,2026-03-20,0.0941418,2767536
doge-dogecoin,DOGE,2026-03-21,0.0913711,2793651
doge-dogecoin,DOGE,2026-03-22,0.0901259,4074331
doge-dogecoin,DOGE,2026-03-23,0.0941182,5501519
doge-dogecoin,DOGE,2026-03-24,0.0950733,3022418
doge-dogecoin,DOGE,2026-03-25,0.096138,4694729
doge-dogecoin,DOGE,2026-03-26,0.0920079,5308015
doge-dogecoin,DOGE,2026-03-27,0.0899998,3617204
doge-dogecoin,DOGE,2026-03-28,0.0909268,11078847
doge-dogecoin,DOGE,2026-03-29,0.0903674,5035787
doge-dogecoin,DOGE,2026-03-30,0.0907211,4275613
doge-dogecoin,DOGE,2026-03-31,0.0921941,5126646
doge-dogecoin,DOGE,2026-04-01,0.0921903,2903970
doge-dogecoin,DOGE,2026-04-02,0.0903917,4908403
doge-dogecoin,DOGE,2026-04-03,0.0915531,2571610
doge-dogecoin,DOGE,2026-04-04,0.092025,1345702
doge-dogecoin,DOGE,2026-04-05,0.0923474,1964320
doge-dogecoin,DOGE,2026-04-06,0.0906179,4657459
doge-dogecoin,DOGE,2026-04-07,0.0949207,6229565
doge-dogecoin,DOGE,2026-04-08,0.092417,5507520
doge-dogecoin,DOGE,2026-04-09,0.092577,5091760
doge-dogecoin,DOGE,2026-04-10,0.0937063,5020337
doge-dogecoin,DOGE,2026-04-11,0.0931202,3150785
doge-dogecoin,DOGE,2026-04-12,0.0908466,3341762
doge-dogecoin,DOGE,2026-04-13,0.0941401,5251252
doge-dogecoin,DOGE,2026-04-14,0.0930065,7985527
doge-dogecoin,DOGE,2026-04-15,0.0948296,3968937
doge-dogecoin,DOGE,2026-04-16,0.0992229,10285707
doge-dogecoin,DOGE,2026-04-17,0.0995059,8507121
doge-dogecoin,DOGE,2026-04-18,0.0948126,3418605
doge-dogecoin,DOGE,2026-04-19,0.0930725,6533137
doge-dogecoin,DOGE,2026-04-20,0.095242,5185102
doge-dogecoin,DOGE,2026-04-21,0.0952136,2124019
doge-dogecoin,DOGE,2026-04-22,0.0956561,3432669
doge-dogecoin,DOGE,2026-04-23,0.0971528,3522230
doge-dogecoin,DOGE,2026-04-24,0.0984404,4248497
doge-dogecoin,DOGE,2026-04-25,0.0979975,1889940
doge-dogecoin,DOGE,2026-04-26,0.0992318,2325307
doge-dogecoin,DOGE,2026-04-27,0.0989532,3389342
doge-dogecoin,DOGE,2026-04-28,0.0993542,6296280
doge-dogecoin,DOGE,2026-04-29,0.10404,19458043
doge-dogecoin,DOGE,2026-04-30,0.106464,11936705
doge-dogecoin,DOGE,2026-05-01,0.108512,13044494
doge-dogecoin,DOGE,2026-05-02,0.108453,4063854
doge-dogecoin,DOGE,2026-05-03,0.108269,2642516
doge-dogecoin,DOGE,2026-05-04,0.110032,11871549
doge-dogecoin,DOGE,2026-05-05,0.114845,7495663
doge-dogecoin,DOGE,2026-05-06,0.112486,10055257
doge-dogecoin,DOGE,2026-05-07,0.107839,10764604
doge-dogecoin,DOGE,2026-05-08,0.109538,3767760
doge-dogecoin,DOGE,2026-05-09,0.108735,3669210
doge-dogecoin,DOGE,2026-05-10,0.112365,7408711
doge-dogecoin,DOGE,2026-05-11,0.111268,11243500
doge-dogecoin,DOGE,2026-05-12,0.11013,8745207
doge-dogecoin,DOGE,2026-05-13,0.112675,8415885
doge-dogecoin,DOGE,2026-05-14,0.115362,20644168
doge-dogecoin,DOGE,2026-05-15,0.11333,12126928
doge-dogecoin,DOGE,2026-05-16,0.109407,5314033
doge-dogecoin,DOGE,2026-05-17,0.108967,7281261
doge-dogecoin,DOGE,2026-05-18,0.104682,13560752
doge-dogecoin,DOGE,2026-05-19,0.102903,3516521
doge-dogecoin,DOGE,2026-05-20,0.10361,4541407
doge-dogecoin,DOGE,2026-05-21,0.105522,5314532
doge-dogecoin,DOGE,2026-05-22,0.102206,4449756
doge-dogecoin,DOGE,2026-05-23,0.10295,6276460
doge-dogecoin,DOGE,2026-05-24,0.10216,1867212
doge-dogecoin,DOGE,2026-05-25,0.102044,1086000
doge-dogecoin,DOGE,2026-05-26,0.100903,2173461
doge-dogecoin,DOGE,2026-05-27,0.100387,2496136
doge-dogecoin,DOGE,2026-05-28,0.0994572,3046263
doge-dogecoin,DOGE,2026-05-29,0.0995537,2913494
doge-dogecoin,DOGE,2026-05-30,0.100441,2634990
doge-dogecoin,DOGE,2026-05-31,0.100241,1131911
doge-dogecoin,DOGE,2026-06-01,0.100832,4624179
doge-dogecoin,DOGE,2026-06-02,0.0926074,8988321
doge-dogecoin,DOGE,2026-06-03,0.0912944,4958824
doge-dogecoin,DOGE,2026-06-04,0.0884697,7290903
doge-dogecoin,DOGE,2026-06-05,0.0814518,16458640
doge-dogecoin,DOGE,2026-06-06,0.0818832,6463172
doge-dogecoin,DOGE,2026-06-07,0.0861813,7861297
doge-dogecoin,DOGE,2026-06-08,0.0863223,3877435
doge-dogecoin,DOGE,2026-06-09,0.0847287,4574148
doge-dogecoin,DOGE,2026-06-10,0.0828878,4820428
doge-dogecoin,DOGE,2026-06-11,0.0859653,3861738
doge-dogecoin,DOGE,2026-06-12,0.0859426,8166676
doge-dogecoin,DOGE,2026-06-13,0.0878036,3754423
doge-dogecoin,DOGE,2026-06-14,0.0888589,5258993
doge-dogecoin,DOGE,2026-06-15,0.0880801,9417099
doge-dogecoin,DOGE,2026-06-16,0.0870677,3944500
doge-dogecoin,DOGE,2026-06-17,0.0858051,4196941
doge-dogecoin,DOGE,2026-06-18,0.0834571,5743044
doge-dogecoin,DOGE,2026-06-19,0.0835554,2333535
doge-dogecoin,DOGE,2026-06-20,0.0835721,2692600
doge-dogecoin,DOGE,2026-06-21,0.0821756,1438329
doge-dogecoin,DOGE,2026-06-22,0.082384,2498852
doge-dogecoin,DOGE,2026-06-23,0.0787971,4001078
doge-dogecoin,DOGE,2026-06-24,0.0760052,6122137
doge-dogecoin,DOGE,2026-06-25,0.0748171,3803386
doge-dogecoin,DOGE,2026-06-26,0.0756751,4669940
doge-dogecoin,DOGE,2026-06-27,0.0743987,2262176
doge-dogecoin,DOGE,2026-06-28,0.0730882,1482105
doge-dogecoin,DOGE,2026-06-29,0.0733225,5299586
doge-dogecoin,DOGE,2026-06-30,0.0720021,6704196
doge-dogecoin,DOGE,2026-07-01,0.07219,5613427
doge-dogecoin,DOGE,2026-07-02,0.0741074,6258678
doge-dogecoin,DOGE,2026-07-03,0.0775078,6479873
doge-dogecoin,DOGE,2026-07-04,0.0775774,5960751
doge-dogecoin,DOGE,2026-07-05,0.0777665,2815832
doge-dogecoin,DOGE,2026-07-06,0.0765425,3695590
doge-dogecoin,DOGE,2026-07-07,0.0741044,2859531
doge-dogecoin,DOGE,2026-07-08,0.0723596,3321085
doge-dogecoin,DOGE,2026-07-09,0.0728532,2322532
doge-dogecoin,DOGE,2026-07-10,0.0740502,2930160
doge-dogecoin,DOGE,2026-07-11,0.0732,2233367
doge-dogecoin,DOGE,2026-07-12,0.0726657,1107870
doge-dogecoin,DOGE,2026-07-13,0.0718601,2139491
doge-dogecoin,DOGE,2026-07-14,0.0743768,4953986
doge-dogecoin,DOGE,2026-07-15,0.0740392,3864107
doge-dogecoin,DOGE,2026-07-16,0.072342,1677384
doge-dogecoin,DOGE,2026-07-17,0.0725139,1833199
doge-dogecoin,DOGE,2026-07-18,0.0724881,717842
doge-dogecoin,DOGE,2026-07-19,0.0723699,1640638
doge-dogecoin,DOGE,2026-07-20,0.0721026,5945472
doge-dogecoin,DOGE,2026-07-21,0.073274,3888212
doge-dogecoin,DOGE,2026-07-22,0.0729049,2566356
doge-dogecoin,DOGE,2026-07-23,0.0691538,4231186
doge-dogecoin,DOGE,2026-07-24,0.0694931,3018560
doge-dogecoin,DOGE,2026-07-25,0.0716688,4530507
doge-dogecoin,DOGE,2026-07-26,0.0733268,4498858
doge-dogecoin,DOGE,2026-07-27,0.0703223,2682788
doge-dogecoin,DOGE,2026-07-28,0.070809,2582088
doge-dogecoin,DOGE,2026-07-29,0.0700436,4270752
doge-dogecoin,DOGE,2026-07-30,0.0705259,5527674
doge-dogecoin,DOGE,2026-07-31,0.0695237,2457137
doge-dogecoin,DOGE,2026-08-01,0.0690728,2586957
doge-dogecoin,DOGE,2026-08-02,0.0707248,2501205
doge-dogecoin,DOGE,2026-08-03,0.0701491,2628562
doge-dogecoin,DOGE,2026-08-04,0.0700289,1531511
doge-dogecoin,DOGE,2026-08-05,0.0699564,1021328
doge-dogecoin,DOGE,2026-08-06,0.0690138,1803997
doge-dogecoin,DOGE,2026-08-07,0.0696056,1756596
doge-dogecoin,DOGE,2026-08-08,0.0703751,2069152
doge-dogecoin,DOGE,2026-08-09,0.0692947,981778
doge-dogecoin,DOGE,2026-08-10,0.0696281,766088
doge-dogecoin,DOGE,2026-08-11,0.0718572,2835523
doge-dogecoin,DOGE,2026-08-12,0.0696184,4538950
doge-dogecoin,DOGE,2026-08-13,0.0701,1044435
doge-dogecoin,DOGE,2026-08-14,0.0699959,716192
doge-dogecoin,DOGE,2026-08-15,0.0695413,547786
doge-dogecoin,DOGE,2026-08-16,0.0694634,402972
doge-dogecoin,DOGE,2026-08-17,0.0703649,1084754
doge-dogecoin,DOGE,2026-08-18,0.070203,1000451
doge-dogecoin,DOGE,2026-08-19,0.074986,8130129
doge-dogecoin,DOGE,2026-08-20,0.0805228,17336369
doge-dogecoin,DOGE,2026-08-21,0.0915778,28833648
doge-dogecoin,DOGE,2026-08-22,0.091888,52611707
doge-dogecoin,DOGE,2026-08-23,0.0934041,11339402
doge-dogecoin,DOGE,2026-08-24,0.0901124,7520796
doge-dogecoin,DOGE,2026-08-25,0.0856109,11380611
doge-dogecoin,DOGE,2026-08-26,0.0877253,8342137
doge-dogecoin,DOGE,2026-08-27,0.089175,8675830
doge-dogecoin,DOGE,2026-08-28,0.0852248,13119060
doge-dogecoin,DOGE,2026-08-29,0.08528,1603889
doge-dogecoin,DOGE,2026-08-30,0.0820843,6508734
doge-dogecoin,DOGE,2026-08-31,0.0828015,3469219
doge-dogecoin,DOGE,2026-09-01,0.081611,6910018
doge-dogecoin,DOGE,2026-09-02,0.0817553,3817522
doge-dogecoin,DOGE,2026-09-03,0.0878124,13482141
doge-dogecoin,DOGE,2026-09-04,0.0848053,7161181
doge-dogecoin,DOGE,2026-09-05,0.089689,21537834
doge-dogecoin,DOGE,2026-09-06,0.0909106,12334139
doge-dogecoin,DOGE,2026-09-07,0.090485,10386772
doge-dogecoin,DOGE,2026-09-08,0.0900353,12911119
doge-dogecoin,DOGE,2026-09-09,0.0861664,14018561
doge-dogecoin,DOGE,2026-09-10,0.0828716,9170886
doge-dogecoin,DOGE,2026-09-11,0.0842998,7791138
doge-dogecoin,DOGE,2026-09-12,0.0848239,4148619
doge-dogecoin,DOGE,2026-09-13,0.0824232,3420815
doge-dogecoin,DOGE,2026-09-14,0.0836591,7009132
doge-dogecoin,DOGE,2026-09-15,0.0800267,8336048
doge-dogecoin,DOGE,2026-09-16,0.0808484,5761403
doge-dogecoin,DOGE,2026-09-17,0.0816722,4993490
doge-dogecoin,DOGE,2026-09-18,0.0874253,19964895
doge-dogecoin,DOGE,2026-09-19,0.0876951,12768580
doge-dogecoin,DOGE,2026-09-20,0.0872706,7273274
doge-dogecoin,DOGE,2026-09-21,0.0998847,29966432
doge-dogecoin,DOGE,2026-09-22,0.100416,29099601
doge-dogecoin,DOGE,2026-09-23,0.0926768,23457668
doge-dogecoin,DOGE,2026-09-24,0.095754,13281748
doge-dogecoin,DOGE,2026-09-25,0.0989852,12600539
doge-dogecoin,DOGE,2026-09-26,0.0967288,6787116
doge-dogecoin,DOGE,2026-09-27,0.096834,7505785
doge-dogecoin,DOGE,2026-09-28,0.0939128,9021056
doge-dogecoin,DOGE,2026-09-29,0.0938416,5968221
doge-dogecoin,DOGE,2026-09-30,0.0935121,63972
link-chainlink,LINK,2025-09-30,21.309,5268229
link-chainlink,LINK,2025-10-01,22.5728,8335968
link-chainlink,LINK,2025-10-02,22.7907,6461580
link-chainlink,LINK,2025-10-03,22.5146,7160677
link-chainlink,LINK,2025-10-04,22.0358,4263514
link-chainlink,LINK,2025-10-05,22.0091,7251006
link-chainlink,LINK,2025-10-06,23.3765,11758586
link-chainlink,LINK,2025-10-07,21.8124,12900773
link-chainlink,LINK,2025-10-08,22.63,6530768
link-chainlink,LINK,2025-10-09,22.0177,5927980
link-chainlink,LINK,2025-10-10,17.3628,27813749
link-chainlink,LINK,2025-10-11,17.221,12095847
link-chainlink,LINK,2025-10-12,19.0103,10924417
link-chainlink,LINK,2025-10-13,19.8528,8198644
link-chainlink,LINK,2025-10-14,19.1078,8896247
link-chainlink,LINK,2025-10-15,18.0688,7821870
link-chainlink,LINK,2025-10-16,17.4184,7974199
link-chainlink,LINK,2025-10-17,16.6034,9905758
link-chainlink,LINK,2025-10-18,16.8094,3418285
link-chainlink,LINK,2025-10-19,17.2846,4713595
link-chainlink,LINK,2025-10-20,18.65,14445923
link-chainlink,LINK,2025-10-21,17.6034,14753815
link-chainlink,LINK,2025-10-22,17.2039,8754183
link-chainlink,LINK,2025-10-23,17.4323,5288135
link-chainlink,LINK,2025-10-24,17.8805,6622972
link-chainlink,LINK,2025-10-25,18.0166,2513355
link-chainlink,LINK,2025-10-26,18.5342,3630665
link-chainlink,LINK,2025-10-27,18.2139,9203834
link-chainlink,LINK,2025-10-28,17.8294,6774535
link-chainlink,LINK,2025-10-29,18.1255,11486676
link-chainlink,LINK,2025-10-30,16.8012,8324017
link-chainlink,LINK,2025-10-31,17.2413,5159087
link-chainlink,LINK,2025-11-01,17.1483,1808571
link-chainlink,LINK,2025-11-02,17.5809,5495736
link-chainlink,LINK,2025-11-03,15.2423,10786013
link-chainlink,LINK,2025-11-04,14.71,19653306
link-chainlink,LINK,2025-11-05,15.1031,7445756
link-chainlink,LINK,2025-11-06,14.7311,4711115
link-chainlink,LINK,2025-11-07,15.7755,7383351
link-chainlink,LINK,2025-11-08,15.5171,3911301
link-chainlink,LINK,2025-11-09,15.9186,3591179
link-chainlink,LINK,2025-11-10,16.3564,5503998
link-chainlink,LINK,2025-11-11,15.2885,6340180
link-chainlink,LINK,2025-11-12,15.1465,4749027
link-chainlink,LINK,2025-11-13,14.5339,6518125
link-chainlink,LINK,2025-11-14,13.8081,5689511
link-chainlink,LINK,2025-11-15,14.1245,2770005
link-chainlink,LINK,2025-11-16,13.7291,5773940
link-chainlink,LINK,2025-11-17,13.3148,5324957
link-chainlink,LINK,2025-11-18,13.7936,5062559
link-chainlink,LINK,2025-11-19,13.5151,6463574
link-chainlink,LINK,2025-11-20,12.9102,4936754
link-chainlink,LINK,2025-11-21,12.1092,7164987
link-chainlink,LINK,2025-11-22,12.1752,2388561
link-chainlink,LINK,2025-11-23,12.511,2677366
link-chainlink,LINK,2025-11-24,12.9606,5082195
link-chainlink,LINK,2025-11-25,13.066,2981328
link-chainlink,LINK,2025-11-26,13.4492,2389371
link-chainlink,LINK,2025-11-27,13.3462,2589468
link-chainlink,LINK,2025-11-28,13.1193,1855866
link-chainlink,LINK,2025-11-29,12.9926,1277512
link-chainlink,LINK,2025-11-30,12.9627,2820042
link-chainlink,LINK,2025-12-01,12.0782,4726718
link-chainlink,LINK,2025-12-02,13.47,5640353
link-chainlink,LINK,2025-12-03,14.6351,7964433
link-chainlink,LINK,2025-12-04,14.2609,4409917
link-chainlink,LINK,2025-12-05,13.5904,5749506
link-chainlink,LINK,2025-12-06,13.9231,2074193
link-chainlink,LINK,2025-12-07,13.6597,4415981
link-chainlink,LINK,2025-12-08,13.7631,6479383
link-chainlink,LINK,2025-12-09,14.4075,8915183
link-chainlink,LINK,2025-12-10,14.0953,6554766
link-chainlink,LINK,2025-12-11,14.0683,4248169
link-chainlink,LINK,2025-12-12,13.6341,4348252
link-chainlink,LINK,2025-12-13,13.7414,1702051
link-chainlink,LINK,2025-12-14,13.2736,2722874
link-chainlink,LINK,2025-12-15,12.8626,7170276
link-chainlink,LINK,2025-12-16,12.9344,3049349
link-chainlink,LINK,2025-12-17,12.2478,8134584
link-chainlink,LINK,2025-12-18,11.932,4995597
link-chainlink,LINK,2025-12-19,12.5271,2983850
link-chainlink,LINK,2025-12-20,12.5505,1555869
link-chainlink,LINK,2025-12-21,12.4352,1984469
link-chainlink,LINK,2025-12-22,12.5692,4995238
link-chainlink,LINK,2025-12-23,12.3906,3242824
link-chainlink,LINK,2025-12-24,12.2666,2024352
link-chainlink,LINK,2025-12-25,12.0626,2121901
link-chainlink,LINK,2025-12-26,12.1741,2997932
link-chainlink,LINK,2025-12-27,12.5027,1175650
link-chainlink,LINK,2025-12-28,12.4778,1667750
link-chainlink,LINK,2025-12-29,12.2881,3760107
link-chainlink,LINK,2025-12-30,12.4029,2060094
link-chainlink,LINK,2025-12-31,12.1814,3229583
link-chainlink,LINK,2026-01-01,12.5912,1879873
link-chainlink,LINK,2026-01-02,13.2634,4100614
link-chainlink,LINK,2026-01-03,13.2267,2355496
link-chainlink,LINK,2026-01-04,13.4207,2336066
link-chainlink,LINK,2026-01-05,13.909,4458093
link-chainlink,LINK,2026-01-06,14.0445,4636638
link-chainlink,LINK,2026-01-07,13.4329,3597350
link-chainlink,LINK,2026-01-08,13.21,2196063
link-chainlink,LINK,2026-01-09,13.1256,1946027
link-chainlink,LINK,2026-01-10,13.1174,1113378
link-chainlink,LINK,2026-01-11,13.1828,1959707
link-chainlink,LINK,2026-01-12,13.0716,3453222
link-chainlink,LINK,2026-01-13,14.0474,4419863
link-chainlink,LINK,2026-01-14,14.1067,4838156
link-chainlink,LINK,2026-01-15,13.79,3527556
link-chainlink,LINK,2026-01-16,13.7229,2058791
link-chainlink,LINK,2026-01-17,13.7364,1392138
link-chainlink,LINK,2026-01-18,13.3083,1636369
link-chainlink,LINK,2026-01-19,12.8768,4636596
link-chainlink,LINK,2026-01-20,12.1161,3614931
link-chainlink,LINK,2026-01-21,12.3904,3397549
link-chainlink,LINK,2026-01-22,12.2475,2107316
link-chainlink,LINK,2026-01-23,12.2051,1494644
link-chainlink,LINK,2026-01-24,12.1857,869290
link-chainlink,LINK,2026-01-25,11.5101,3600501
link-chainlink,LINK,2026-01-26,11.9345,3131780
link-chainlink,LINK,2026-01-27,12.0321,3065471
link-chainlink,LINK,2026-01-28,11.8274,1892809
link-chainlink,LINK,2026-01-29,11.108,5196657
link-chainlink,LINK,2026-01-30,10.7647,5663000
link-chainlink,LINK,2026-01-31,9.98502,8196002
link-chainlink,LINK,2026-02-01,9.39292,4014816
link-chainlink,LINK,2026-02-02,9.79084,5303550
link-chainlink,LINK,2026-02-03,9.47121,5485178
link-chainlink,LINK,2026-02-04,9.23608,4602917
link-chainlink,LINK,2026-02-05,7.90436,6924716
link-chainlink,LINK,2026-02-06,8.88322,6415496
link-chainlink,LINK,2026-02-07,8.91044,4096617
link-chainlink,LINK,2026-02-08,8.81718,1121416
link-chainlink,LINK,2026-02-09,8.83643,2455935
link-chainlink,LINK,2026-02-10,8.56692,1435986
link-chainlink,LINK,2026-02-11,8.31723,2801347
link-chainlink,LINK,2026-02-12,8.40537,1895306
link-chainlink,LINK,2026-02-13,8.76497,1888723
link-chainlink,LINK,2026-02-14,9.08691,2559940
link-chainlink,LINK,2026-02-15,8.78305,3463311
link-chainlink,LINK,2026-02-16,8.9309,1014625
link-chainlink,LINK,2026-02-17,8.82551,1213678
link-chainlink,LINK,2026-02-18,8.60188,1440422
link-chainlink,LINK,2026-02-19,8.57281,1088310
link-chainlink,LINK,2026-02-20,8.94047,1837097
link-chainlink,LINK,2026-02-21,8.87537,1388079
link-chainlink,LINK,2026-02-22,8.67693,1262700
link-chainlink,LINK,2026-02-23,8.2636,2542520
link-chainlink,LINK,2026-02-24,8.20089,1755850
link-chainlink,LINK,2026-02-25,9.26,4348954
link-chainlink,LINK,2026-02-26,9.09366,3356640
link-chainlink,LINK,2026-02-27,8.71464,2514697
link-chainlink,LINK,2026-02-28,8.84613,3306634
link-chainlink,LINK,2026-03-01,8.67099,2280969
link-chainlink,LINK,2026-03-02,8.94667,2341064
link-chainlink,LINK,2026-03-03,8.7997,1469770
link-chainlink,LINK,2026-03-04,9.35829,3155913
link-chainlink,LINK,2026-03-05,9.2038,2874198
link-chainlink,LINK,2026-03-06,8.79901,1917110
link-chainlink,LINK,2026-03-07,8.70106,511241
link-chainlink,LINK,2026-03-08,8.51516,2360004
link-chainlink,LINK,2026-03-09,8.87092,1679161
link-chainlink,LINK,2026-03-10,8.98345,1713647
link-chainlink,LINK,2026-03-11,8.99445,942917
link-chainlink,LINK,2026-03-12,9.05938,2036306
link-chainlink,LINK,2026-03-13,9.08903,2190468
link-chainlink,LINK,2026-03-14,9.16903,949637
link-chainlink,LINK,2026-03-15,9.49456,1165123
link-chainlink,LINK,2026-03-16,9.92109,4878966
link-chainlink,LINK,2026-03-17,9.79468,2007558
link-chainlink,LINK,2026-03-18,9.22989,1704395
link-chainlink,LINK,2026-03-19,9.0452,1593106
link-chainlink,LINK,2026-03-20,9.11265,760061
link-chainlink,LINK,2026-03-21,8.81878,694166
link-chainlink,LINK,2026-03-22,8.68671,1275661
link-chainlink,LINK,2026-03-23,9.10815,1882495
link-chainlink,LINK,2026-03-24,9.24586,2053279
link-chainlink,LINK,2026-03-25,9.37204,1978010
link-chainlink,LINK,2026-03-26,8.90869,1474785
link-chainlink,LINK,2026-03-27,8.56245,1719856
link-chainlink,LINK,2026-03-28,8.42902,1038507
link-chainlink,LINK,2026-03-29,8.40814,1004656
link-chainlink,LINK,2026-03-30,8.61262,1347113
link-chainlink,LINK,2026-03-31,8.78007,910025
link-chainlink,LINK,2026-04-01,8.93923,2223910
link-chainlink,LINK,2026-04-02,8.63357,2691679
link-chainlink,LINK,2026-04-03,8.65751,1057581
link-chainlink,LINK,2026-04-04,8.68934,673946
link-chainlink,LINK,2026-04-05,8.81524,774129
link-chainlink,LINK,2026-04-06,8.79998,1700910
link-chainlink,LINK,2026-04-07,9.28602,1868862
link-chainlink,LINK,2026-04-08,8.86304,1572011
link-chainlink,LINK,2026-04-09,8.95049,1831903
link-chainlink,LINK,2026-04-10,9.08623,1492638
link-chainlink,LINK,2026-04-11,9.06981,956507
link-chainlink,LINK,2026-04-12,8.73335,1257311
link-chainlink,LINK,2026-04-13,9.35978,1625256
link-chainlink,LINK,2026-04-14,9.02386,1901885
link-chainlink,LINK,2026-04-15,9.25973,1011384
link-chainlink,LINK,2026-04-16,9.59876,3414343
link-chainlink,LINK,2026-04-17,9.62427,2761720
link-chainlink,LINK,2026-04-18,9.28906,920377
link-chainlink,LINK,2026-04-19,9.06609,1908538
link-chainlink,LINK,2026-04-20,9.29101,1167362
link-chainlink,LINK,2026-04-21,9.40195,1176475
link-chainlink,LINK,2026-04-22,9.29405,1486703
link-chainlink,LINK,2026-04-23,9.35193,1498195
link-chainlink,LINK,2026-04-24,9.38087,1576255
link-chainlink,LINK,2026-04-25,9.34964,505611
link-chainlink,LINK,2026-04-26,9.48673,669760
link-chainlink,LINK,2026-04-27,9.32072,979285
link-chainlink,LINK,2026-04-28,9.24023,686226
link-chainlink,LINK,2026-04-29,9.1049,1425092
link-chainlink,LINK,2026-04-30,9.10205,487490
link-chainlink,LINK,2026-05-01,9.09388,653151
link-chainlink,LINK,2026-05-02,9.1758,773718
link-chainlink,LINK,2026-05-03,9.12757,870782
link-chainlink,LINK,2026-05-04,9.35495,5582155
link-chainlink,LINK,2026-05-05,9.77113,3311053
link-chainlink,LINK,2026-05-06,10.0009,4526891
link-chainlink,LINK,2026-05-07,9.85275,2903384
link-chainlink,LINK,2026-05-08,10.343,3814488
link-chainlink,LINK,2026-05-09,10.3747,4026891
link-chainlink,LINK,2026-05-10,10.711,6392588
link-chainlink,LINK,2026-05-11,10.5982,2573808
link-chainlink,LINK,2026-05-12,10.2861,2727087
link-chainlink,LINK,2026-05-13,10.214,4280908
link-chainlink,LINK,2026-05-14,10.4768,3105792
link-chainlink,LINK,2026-05-15,10.0692,2878003
link-chainlink,LINK,2026-05-16,9.71329,2498614
link-chainlink,LINK,2026-05-17,9.56123,3512336
link-chainlink,LINK,2026-05-18,9.60043,1708772
link-chainlink,LINK,2026-05-19,9.44153,2442265
link-chainlink,LINK,2026-05-20,9.62539,3567734
link-chainlink,LINK,2026-05-21,9.73944,1985696
link-chainlink,LINK,2026-05-22,9.41389,3479059
link-chainlink,LINK,2026-05-23,9.55182,2545322
link-chainlink,LINK,2026-05-24,9.42276,2146388
link-chainlink,LINK,2026-05-25,9.49482,1161278
link-chainlink,LINK,2026-05-26,9.37248,1633004
link-chainlink,LINK,2026-05-27,9.13019,2108926
link-chainlink,LINK,2026-05-28,8.99034,2241209
link-chainlink,LINK,2026-05-29,9.01265,1653518
link-chainlink,LINK,2026-05-30,9.17136,1708405
link-chainlink,LINK,2026-05-31,9.1299,1138719
link-chainlink,LINK,2026-06-01,9.04845,2547649
link-chainlink,LINK,2026-06-02,8.3565,3338104
link-chainlink,LINK,2026-06-03,8.32744,2447617
link-chainlink,LINK,2026-06-04,8.0085,3534794
link-chainlink,LINK,2026-06-05,7.36579,5240619
link-chainlink,LINK,2026-06-06,7.39418,2335730
link-chainlink,LINK,2026-06-07,7.91081,2990160
link-chainlink,LINK,2026-06-08,7.99517,2925977
link-chainlink,LINK,2026-06-09,7.8325,1460087
link-chainlink,LINK,2026-06-10,7.55134,2399584
link-chainlink,LINK,2026-06-11,7.87238,2821507
link-chainlink,LINK,2026-06-12,7.8602,2341172
link-chainlink,LINK,2026-06-13,7.97831,3684365
link-chainlink,LINK,2026-06-14,8.17463,1996816
link-chainlink,LINK,2026-06-15,8.29506,3454225
link-chainlink,LINK,2026-06-16,8.26973,2729577
link-chainlink,LINK,2026-06-17,8.0818,2377891
link-chainlink,LINK,2026-06-18,8.00823,1674785
link-chainlink,LINK,2026-06-19,7.94519,1137725
link-chainlink,LINK,2026-06-20,7.98292,799023
link-chainlink,LINK,2026-06-21,7.77233,751231
link-chainlink,LINK,2026-06-22,7.86692,2004226
link-chainlink,LINK,2026-06-23,7.62875,1991872
link-chainlink,LINK,2026-06-24,7.41343,2483044
link-chainlink,LINK,2026-06-25,7.23535,1862139
link-chainlink,LINK,2026-06-26,7.34416,2136677
link-chainlink,LINK,2026-06-27,7.2872,959358
link-chainlink,LINK,2026-06-28,7.25867,1735058
link-chainlink,LINK,2026-06-29,7.36617,1816284
link-chainlink,LINK,2026-06-30,7.1899,1002365
link-chainlink,LINK,2026-07-01,7.35138,2489063
link-chainlink,LINK,2026-07-02,7.74082,2304634
link-chainlink,LINK,2026-07-03,7.96959,1409366
link-chainlink,LINK,2026-07-04,7.99923,2328454
link-chainlink,LINK,2026-07-05,8.05326,1494078
link-chainlink,LINK,2026-07-06,8.01212,1889647
link-chainlink,LINK,2026-07-07,7.84485,1060241
link-chainlink,LINK,2026-07-08,7.63404,1968876
link-chainlink,LINK,2026-07-09,7.7293,1638086
link-chainlink,LINK,2026-07-10,7.96454,1398690
link-chainlink,LINK,2026-07-11,7.91029,1184549
link-chainlink,LINK,2026-07-12,7.99217,1180190
link-chainlink,LINK,2026-07-13,7.87832,1346608
link-chainlink,LINK,2026-07-14,8.33953,1527871
link-chainlink,LINK,2026-07-15,8.53383,2474377
link-chainlink,LINK,2026-07-16,8.3318,2455891
link-chainlink,LINK,2026-07-17,8.24689,1584131
link-chainlink,LINK,2026-07-18,8.34467,1112450
link-chainlink,LINK,2026-07-19,8.3823,2038636
link-chainlink,LINK,2026-07-20,8.58733,1776417
link-chainlink,LINK,2026-07-21,8.65041,1339405
link-chainlink,LINK,2026-07-22,8.62842,1521365
link-chainlink,LINK,2026-07-23,8.46429,1119343
link-chainlink,LINK,2026-07-24,8.33331,1295696
link-chainlink,LINK,2026-07-25,8.3766,656924
link-chainlink,LINK,2026-07-26,8.81853,1658083
link-chainlink,LINK,2026-07-27,8.37118,2092779
link-chainlink,LINK,2026-07-28,8.43437,2274274
link-chainlink,LINK,2026-07-29,8.326,1499568
link-chainlink,LINK,2026-07-30,8.44539,1292721
link-chainlink,LINK,2026-07-31,8.165,2307750
link-chainlink,LINK,2026-08-01,8.06251,1109088
link-chainlink,LINK,2026-08-02,8.37049,1327899
link-chainlink,LINK,2026-08-03,8.1821,950184
link-chainlink,LINK,2026-08-04,8.14382,683962
link-chainlink,LINK,2026-08-05,8.1544,622612
link-chainlink,LINK,2026-08-06,8.18721,1559289
link-chainlink,LINK,2026-08-07,8.18658,722897
link-chainlink,LINK,2026-08-08,8.29984,473153
link-chainlink,LINK,2026-08-09,8.18249,341801
link-chainlink,LINK,2026-08-10,8.29069,788199
link-chainlink,LINK,2026-08-11,8.76895,3054159
link-chainlink,LINK,2026-08-12,8.66501,2674716
link-chainlink,LINK,2026-08-13,8.88481,1906199
link-chainlink,LINK,2026-08-14,8.95833,1791900
link-chainlink,LINK,2026-08-15,9.45851,7584280
link-chainlink,LINK,2026-08-16,9.38387,2624636
link-chainlink,LINK,2026-08-17,9.53461,2505050
link-chainlink,LINK,2026-08-18,9.52592,2373332
link-chainlink,LINK,2026-08-19,10.547,9024366
link-chainlink,LINK,2026-08-20,10.6904,5126651
link-chainlink,LINK,2026-08-21,11.9865,16622529
link-chainlink,LINK,2026-08-22,11.6476,15615421
link-chainlink,LINK,2026-08-23,11.5424,8611308
link-chainlink,LINK,2026-08-24,11.6269,5588956
link-chainlink,LINK,2026-08-25,11.2879,4459352
link-chainlink,LINK,2026-08-26,11.6213,2533240
link-chainlink,LINK,2026-08-27,11.9177,5950582
link-chainlink,LINK,2026-08-28,11.4304,5979319
link-chainlink,LINK,2026-08-29,11.4578,1800644
link-chainlink,LINK,2026-08-30,11.1612,8016579
link-chainlink,LINK,2026-08-31,11.3229,2421779
link-chainlink,LINK,2026-09-01,11.2271,2142904
link-chainlink,LINK,2026-09-02,11.1155,2343863
link-chainlink,LINK,2026-09-03,11.8362,5353416
link-chainlink,LINK,2026-09-04,11.6379,4228481
link-chainlink,LINK,2026-09-05,12.0483,4905745
link-chainlink,LINK,2026-09-06,13.2407,13818281
link-chainlink,LINK,2026-09-07,12.756,14384244
link-chainlink,LINK,2026-09-08,12.5159,4478043
link-chainlink,LINK,2026-09-09,11.809,10361692
link-chainlink,LINK,2026-09-10,11.4532,4498117
link-chainlink,LINK,2026-09-11,11.5466,5576493
link-chainlink,LINK,2026-09-12,11.5098,1839156
link-chainlink,LINK,2026-09-13,11.1983,3120476
link-chainlink,LINK,2026-09-14,11.523,4113802
link-chainlink,LINK,2026-09-15,10.8788,6374325
link-chainlink,LINK,2026-09-16,11.0511,3453430
link-chainlink,LINK,2026-09-17,11.3806,5090540
link-chainlink,LINK,2026-09-18,12.2223,9281565
link-chainlink,LINK,2026-09-19,12.429,7750823
link-chainlink,LINK,2026-09-20,12.5214,6407400
link-chainlink,LINK,2026-09-21,13.1845,13812855
link-chainlink,LINK,2026-09-22,13.0396,8634265
link-chainlink,LINK,2026-09-23,12.3515,11269671
link-chainlink,LINK,2026-09-24,13.2181,11541803
link-chainlink,LINK,2026-09-25,13.9324,18421313
link-chainlink,LINK,2026-09-26,14.1531,11266247
link-chainlink,LINK,2026-09-27,14.0195,10376040
link-chainlink,LINK,2026-09-28,15.4354,28499234
link-chainlink,LINK,2026-09-29,14.5999,16219296
link-chainlink,LINK,2026-09-30,14.4916,501918
xmr-monero,XMR,2025-09-30,295.41,2443900
xmr-monero,XMR,2025-10-01,312.72,4378261
xmr-monero,XMR,2025-10-02,332.86,7045045
xmr-monero,XMR,2025-10-03,323.06,4352506
xmr-monero,XMR,2025-10-04,329.8,2521213
xmr-monero,XMR,2025-10-05,320.99,3608706
xmr-monero,XMR,2025-10-06,310.33,2855033
xmr-monero,XMR,2025-10-07,317.76,3697458
xmr-monero,XMR,2025-10-08,333.48,3006934
xmr-monero,XMR,2025-10-09,342.14,5167299
xmr-monero,XMR,2025-10-10,294.44,6118786
xmr-monero,XMR,2025-10-11,298.78,3758710
xmr-monero,XMR,2025-10-12,304.37,1702205
xmr-monero,XMR,2025-10-13,310.34,1586416
xmr-monero,XMR,2025-10-14,312.44,2519697
xmr-monero,XMR,2025-10-15,317.15,3273057
xmr-monero,XMR,2025-10-16,300.81,2717089
xmr-monero,XMR,2025-10-17,290.28,3623411
xmr-monero,XMR,2025-10-18,307.03,4812990
xmr-monero,XMR,2025-10-19,314.85,2700848
xmr-monero,XMR,2025-10-20,308.58,1876899
xmr-monero,XMR,2025-10-21,304.96,1300169
xmr-monero,XMR,2025-10-22,311.73,1936580
xmr-monero,XMR,2025-10-23,323.22,3673250
xmr-monero,XMR,2025-10-24,327.05,2282825
xmr-monero,XMR,2025-10-25,333.28,2973683
xmr-monero,XMR,2025-10-26,348.19,3100506
xmr-monero,XMR,2025-10-27,340.5,2278509
xmr-monero,XMR,2025-10-28,335.08,2912639
xmr-monero,XMR,2025-10-29,335.96,1810599
xmr-monero,XMR,2025-10-30,323.1,2146624
xmr-monero,XMR,2025-10-31,334.6,1076944
xmr-monero,XMR,2025-11-01,349.0,2932605
xmr-monero,XMR,2025-11-02,347.59,2550975
xmr-monero,XMR,2025-11-03,345.06,3577773
xmr-monero,XMR,2025-11-04,337.69,4195919
xmr-monero,XMR,2025-11-05,342.23,5025054
xmr-monero,XMR,2025-11-06,361.16,2491620
xmr-monero,XMR,2025-11-07,366.83,3639975
xmr-monero,XMR,2025-11-08,365.42,3449584
xmr-monero,XMR,2025-11-09,417.49,21901414
xmr-monero,XMR,2025-11-10,386.86,7540157
xmr-monero,XMR,2025-11-11,367.26,8070463
xmr-monero,XMR,2025-11-12,388.34,7247639
xmr-monero,XMR,2025-11-13,385.5,4962985
xmr-monero,XMR,2025-11-14,390.76,5205492
xmr-monero,XMR,2025-11-15,417.84,9432639
xmr-monero,XMR,2025-11-16,405.87,6426283
xmr-monero,XMR,2025-11-17,405.67,5217868
xmr-monero,XMR,2025-11-18,402.48,4210405
xmr-monero,XMR,2025-11-19,366.13,7185531
xmr-monero,XMR,2025-11-20,338.28,13820309
xmr-monero,XMR,2025-11-21,335.29,6677744
xmr-monero,XMR,2025-11-22,369.27,4027844
xmr-monero,XMR,2025-11-23,388.64,7296440
xmr-monero,XMR,2025-11-24,386.82,1882869
xmr-monero,XMR,2025-11-25,385.84,2515597
xmr-monero,XMR,2025-11-26,398.45,2998277
xmr-monero,XMR,2025-11-27,410.29,1341592
xmr-monero,XMR,2025-11-28,410.24,2081388
xmr-monero,XMR,2025-11-29,412.89,2132032
xmr-monero,XMR,2025-11-30,435.0,2589329
xmr-monero,XMR,2025-12-01,405.31,6360247
xmr-monero,XMR,2025-12-02,397.44,4689307
xmr-monero,XMR,2025-12-03,407.77,2933952
xmr-monero,XMR,2025-12-04,403.02,1476609
xmr-monero,XMR,2025-12-05,399.01,1392699
xmr-monero,XMR,2025-12-06,392.67,1010856
xmr-monero,XMR,2025-12-07,362.53,1363113
xmr-monero,XMR,2025-12-08,374.33,1596232
xmr-monero,XMR,2025-12-09,388.43,2628104
xmr-monero,XMR,2025-12-10,403.16,4536987
xmr-monero,XMR,2025-12-11,407.17,4364630
xmr-monero,XMR,2025-12-12,404.96,2870979
xmr-monero,XMR,2025-12-13,413.95,2998756
xmr-monero,XMR,2025-12-14,409.36,1807708
xmr-monero,XMR,2025-12-15,408.95,3736794
xmr-monero,XMR,2025-12-16,429.93,5369418
xmr-monero,XMR,2025-12-17,417.65,5415713
xmr-monero,XMR,2025-12-18,413.87,5525968
xmr-monero,XMR,2025-12-19,440.45,4775748
xmr-monero,XMR,2025-12-20,475.08,11463764
xmr-monero,XMR,2025-12-21,470.38,6173014
xmr-monero,XMR,2025-12-22,463.76,5535235
xmr-monero,XMR,2025-12-23,447.82,5956072
xmr-monero,XMR,2025-12-24,434.22,3209572
xmr-monero,XMR,2025-12-25,444.62,3083973
xmr-monero,XMR,2025-12-26,444.94,2330217
xmr-monero,XMR,2025-12-27,452.5,2711497
xmr-monero,XMR,2025-12-28,452.3,1985197
xmr-monero,XMR,2025-12-29,437.93,3014206
xmr-monero,XMR,2025-12-30,438.92,1858893
xmr-monero,XMR,2025-12-31,433.31,1792820
xmr-monero,XMR,2026-01-01,419.0,2535313
xmr-monero,XMR,2026-01-02,424.31,2385709
xmr-monero,XMR,2026-01-03,434.54,2286001
xmr-monero,XMR,2026-01-04,417.9,2749302
xmr-monero,XMR,2026-01-05,436.3,2748333
xmr-monero,XMR,2026-01-06,441.59,4904446
xmr-monero,XMR,2026-01-07,435.6,3291585
xmr-monero,XMR,2026-01-08,451.82,5206998
xmr-monero,XMR,2026-01-09,450.75,2640510
xmr-monero,XMR,2026-01-10,471.27,3024512
xmr-monero,XMR,2026-01-11,559.43,15167467
xmr-monero,XMR,2026-01-12,632.97,37085822
xmr-monero,XMR,2026-01-13,678.42,30298075
xmr-monero,XMR,2026-01-14,711.53,32772071
xmr-monero,XMR,2026-01-15,677.18,25380087
xmr-monero,XMR,2026-01-16,619.39,19169455
xmr-monero,XMR,2026-01-17,586.48,18978979
xmr-monero,XMR,2026-01-18,571.27,28912977
xmr-monero,XMR,2026-01-19,623.23,27537216
xmr-monero,XMR,2026-01-20,501.66,28461304
xmr-monero,XMR,2026-01-21,521.33,16483097
xmr-monero,XMR,2026-01-22,515.97,5794551
xmr-monero,XMR,2026-01-23,512.38,7829415
xmr-monero,XMR,2026-01-24,503.26,7159425
xmr-monero,XMR,2026-01-25,449.55,10759862
xmr-monero,XMR,2026-01-26,461.24,6853491
xmr-monero,XMR,2026-01-27,469.7,8446043
xmr-monero,XMR,2026-01-28,468.57,5970850
xmr-monero,XMR,2026-01-29,459.42,8377513
xmr-monero,XMR,2026-01-30,460.68,11312097
xmr-monero,XMR,2026-01-31,464.79,19616862
xmr-monero,XMR,2026-02-01,404.86,10112771
xmr-monero,XMR,2026-02-02,385.72,7018080
xmr-monero,XMR,2026-02-03,377.13,8838345
xmr-monero,XMR,2026-02-04,380.8,5740820
xmr-monero,XMR,2026-02-05,291.91,10973758
xmr-monero,XMR,2026-02-06,321.61,11942626
xmr-monero,XMR,2026-02-07,329.38,3927245
xmr-monero,XMR,2026-02-08,319.11,1913967
xmr-monero,XMR,2026-02-09,334.88,3288441
xmr-monero,XMR,2026-02-10,346.26,4227919
xmr-monero,XMR,2026-02-11,346.17,4638386
xmr-monero,XMR,2026-02-12,336.25,4168593
xmr-monero,XMR,2026-02-13,352.0,2381351
xmr-monero,XMR,2026-02-14,358.13,4321532
xmr-monero,XMR,2026-02-15,331.3,2983815
xmr-monero,XMR,2026-02-16,326.83,3087874
xmr-monero,XMR,2026-02-17,333.12,3185864
xmr-monero,XMR,2026-02-18,330.53,1750377
xmr-monero,XMR,2026-02-19,338.73,1375937
xmr-monero,XMR,2026-02-20,331.23,1317098
xmr-monero,XMR,2026-02-21,326.59,848341
xmr-monero,XMR,2026-02-22,327.79,2010938
xmr-monero,XMR,2026-02-23,307.48,1802080
xmr-monero,XMR,2026-02-24,321.57,2082995
xmr-monero,XMR,2026-02-25,344.72,2989860
xmr-monero,XMR,2026-02-26,341.99,2884986
xmr-monero,XMR,2026-02-27,338.0,2234730
xmr-monero,XMR,2026-02-28,336.51,2549980
xmr-monero,XMR,2026-03-01,341.14,1618913
xmr-monero,XMR,2026-03-02,347.28,2620130
xmr-monero,XMR,2026-03-03,340.85,2835838
xmr-monero,XMR,2026-03-04,356.51,4539557
xmr-monero,XMR,2026-03-05,361.51,4771085
xmr-monero,XMR,2026-03-06,351.81,3910000
xmr-monero,XMR,2026-03-07,344.07,1281388
xmr-monero,XMR,2026-03-08,334.26,1800997
xmr-monero,XMR,2026-03-09,340.87,3268659
xmr-monero,XMR,2026-03-10,353.23,1737654
xmr-monero,XMR,2026-03-11,352.25,1989149
xmr-monero,XMR,2026-03-12,350.31,2344518
xmr-monero,XMR,2026-03-13,356.58,3312081
xmr-monero,XMR,2026-03-14,355.66,3347248
xmr-monero,XMR,2026-03-15,357.04,2021582
xmr-monero,XMR,2026-03-16,373.85,3202287
xmr-monero,XMR,2026-03-17,368.2,2717262
xmr-monero,XMR,2026-03-18,346.16,2867863
xmr-monero,XMR,2026-03-19,339.84,2182254
xmr-monero,XMR,2026-03-20,347.97,1993247
xmr-monero,XMR,2026-03-21,341.31,1185902
xmr-monero,XMR,2026-03-22,361.41,4087908
xmr-monero,XMR,2026-03-23,350.61,3874298
xmr-monero,XMR,2026-03-24,339.58,2464558
xmr-monero,XMR,2026-03-25,340.38,1792069
xmr-monero,XMR,2026-03-26,328.52,3140828
xmr-monero,XMR,2026-03-27,325.63,1858975
xmr-monero,XMR,2026-03-28,329.57,1508234
xmr-monero,XMR,2026-03-29,326.88,1527930
xmr-monero,XMR,2026-03-30,320.96,1367996
xmr-monero,XMR,2026-03-31,334.35,2086537
xmr-monero,XMR,2026-04-01,337.59,1515923
xmr-monero,XMR,2026-04-02,325.97,1381803
xmr-monero,XMR,2026-04-03,316.98,2039556
xmr-monero,XMR,2026-04-04,325.24,1104844
xmr-monero,XMR,2026-04-05,330.93,2064770
xmr-monero,XMR,2026-04-06,326.27,1784182
xmr-monero,XMR,2026-04-07,343.62,2116356
xmr-monero,XMR,2026-04-08,327.16,3110117
xmr-monero,XMR,2026-04-09,346.63,3537861
xmr-monero,XMR,2026-04-10,344.4,2458928
xmr-monero,XMR,2026-04-11,338.78,1564764
xmr-monero,XMR,2026-04-12,335.46,2979700
xmr-monero,XMR,2026-04-13,346.79,2824091
xmr-monero,XMR,2026-04-14,344.35,4154742
xmr-monero,XMR,2026-04-15,344.22,3717710
xmr-monero,XMR,2026-04-16,343.36,1822982
xmr-monero,XMR,2026-04-17,348.5,2214488
xmr-monero,XMR,2026-04-18,349.47,1375329
xmr-monero,XMR,2026-04-19,347.12,1974276
xmr-monero,XMR,2026-04-20,353.31,2873261
xmr-monero,XMR,2026-04-21,385.31,9935925
xmr-monero,XMR,2026-04-22,366.8,5956304
xmr-monero,XMR,2026-04-23,379.59,3143867
xmr-monero,XMR,2026-04-24,368.72,2734513
xmr-monero,XMR,2026-04-25,372.82,2226146
xmr-monero,XMR,2026-04-26,392.35,5701549
xmr-monero,XMR,2026-04-27,380.3,5148570
xmr-monero,XMR,2026-04-28,378.34,2830003
xmr-monero,XMR,2026-04-29,376.41,2580891
xmr-monero,XMR,2026-04-30,379.63,1715036
xmr-monero,XMR,2026-05-01,379.44,1770462
xmr-monero,XMR,2026-05-02,383.03,1345386
xmr-monero,XMR,2026-05-03,391.63,2185505
xmr-monero,XMR,2026-05-04,405.82,4519111
xmr-monero,XMR,2026-05-05,412.11,4105277
xmr-monero,XMR,2026-05-06,415.85,8972354
xmr-monero,XMR,2026-05-07,398.98,4122772
xmr-monero,XMR,2026-05-08,400.01,3669996
xmr-monero,XMR,2026-05-09,410.24,3694504
xmr-monero,XMR,2026-05-10,409.59,2055737
xmr-monero,XMR,2026-05-11,416.47,4079868
xmr-monero,XMR,2026-05-12,411.59,4676656
xmr-monero,XMR,2026-05-13,398.06,3871350
xmr-monero,XMR,2026-05-14,396.19,2762351
xmr-monero,XMR,2026-05-15,381.59,2337019
xmr-monero,XMR,2026-05-16,388.38,1439311
xmr-monero,XMR,2026-05-17,390.32,1455036
xmr-monero,XMR,2026-05-18,383.14,3188178
xmr-monero,XMR,2026-05-19,398.6,2992617
xmr-monero,XMR,2026-05-20,404.33,3872241
xmr-monero,XMR,2026-05-21,393.01,3559889
xmr-monero,XMR,2026-05-22,380.46,2847158
xmr-monero,XMR,2026-05-23,386.63,1110666
xmr-monero,XMR,2026-05-24,392.69,1884659
xmr-monero,XMR,2026-05-25,386.0,2198409
xmr-monero,XMR,2026-05-26,379.78,2980878
xmr-monero,XMR,2026-05-27,393.15,3654665
xmr-monero,XMR,2026-05-28,354.0,5361649
xmr-monero,XMR,2026-05-29,396.66,7601109
xmr-monero,XMR,2026-05-30,370.22,10857546
xmr-monero,XMR,2026-05-31,367.11,5219636
xmr-monero,XMR,2026-06-01,344.95,4732508
xmr-monero,XMR,2026-06-02,325.66,7043052
xmr-monero,XMR,2026-06-03,363.1,7554704
xmr-monero,XMR,2026-06-04,373.25,5733677
xmr-monero,XMR,2026-06-05,309.68,10894477
xmr-monero,XMR,2026-06-06,295.63,3482431
xmr-monero,XMR,2026-06-07,302.95,2793766
xmr-monero,XMR,2026-06-08,314.66,3514215
xmr-monero,XMR,2026-06-09,310.98,2960922
xmr-monero,XMR,2026-06-10,335.06,4875226
xmr-monero,XMR,2026-06-11,386.48,7075082
xmr-monero,XMR,2026-06-12,353.85,14747390
xmr-monero,XMR,2026-06-13,337.99,5467974
xmr-monero,XMR,2026-06-14,340.82,3825178
xmr-monero,XMR,2026-06-15,347.84,7445316
xmr-monero,XMR,2026-06-16,345.3,4908958
xmr-monero,XMR,2026-06-17,337.33,4270878
xmr-monero,XMR,2026-06-18,319.01,4772942
xmr-monero,XMR,2026-06-19,315.52,4714454
xmr-monero,XMR,2026-06-20,320.43,2683440
xmr-monero,XMR,2026-06-21,320.28,2209725
xmr-monero,XMR,2026-06-22,317.15,3761104
xmr-monero,XMR,2026-06-23,318.9,3795624
xmr-monero,XMR,2026-06-24,315.15,1540563
xmr-monero,XMR,2026-06-25,306.87,2919621
xmr-monero,XMR,2026-06-26,320.88,2827620
xmr-monero,XMR,2026-06-27,312.83,1346302
xmr-monero,XMR,2026-06-28,310.68,2156795
xmr-monero,XMR,2026-06-29,314.9,2423889
xmr-monero,XMR,2026-06-30,303.42,3673541
xmr-monero,XMR,2026-07-01,308.58,2357411
xmr-monero,XMR,2026-07-02,317.21,1922643
xmr-monero,XMR,2026-07-03,323.99,2648041
xmr-monero,XMR,2026-07-04,327.61,3410090
xmr-monero,XMR,2026-07-05,327.14,1997682
xmr-monero,XMR,2026-07-06,322.46,6347967
xmr-monero,XMR,2026-07-07,335.0,3222695
xmr-monero,XMR,2026-07-08,319.88,2632447
xmr-monero,XMR,2026-07-09,313.79,1408482
xmr-monero,XMR,2026-07-10,322.24,1612333
xmr-monero,XMR,2026-07-11,322.45,1579609
xmr-monero,XMR,2026-07-12,324.36,2013643
xmr-monero,XMR,2026-07-13,321.38,3478377
xmr-monero,XMR,2026-07-14,330.59,1460216
xmr-monero,XMR,2026-07-15,330.34,3176732
xmr-monero,XMR,2026-07-16,334.78,1871794
xmr-monero,XMR,2026-07-17,330.69,2525975
xmr-monero,XMR,2026-07-18,335.5,1164311
xmr-monero,XMR,2026-07-19,335.88,3633735
xmr-monero,XMR,2026-07-20,337.44,1736703
xmr-monero,XMR,2026-07-21,357.31,4499881
xmr-monero,XMR,2026-07-22,352.07,2343459
xmr-monero,XMR,2026-07-23,354.5,3461832
xmr-monero,XMR,2026-07-24,364.06,4368062
xmr-monero,XMR,2026-07-25,363.7,1438897
xmr-monero,XMR,2026-07-26,353.25,1560434
xmr-monero,XMR,2026-07-27,345.3,1907298
xmr-monero,XMR,2026-07-28,340.99,2287604
xmr-monero,XMR,2026-07-29,353.32,3515413
xmr-monero,XMR,2026-07-30,359.37,3100938
xmr-monero,XMR,2026-07-31,357.96,2923082
xmr-monero,XMR,2026-08-01,363.38,3224656
xmr-monero,XMR,2026-08-02,363.63,1687186
xmr-monero,XMR,2026-08-03,362.35,1962065
xmr-monero,XMR,2026-08-04,350.7,1851086
xmr-monero,XMR,2026-08-05,365.72,2585878
xmr-monero,XMR,2026-08-06,369.63,2535663
xmr-monero,XMR,2026-08-07,378.82,2244614
xmr-monero,XMR,2026-08-08,377.68,2462695
xmr-monero,XMR,2026-08-09,394.92,3721588
xmr-monero,XMR,2026-08-10,397.14,2240710
xmr-monero,XMR,2026-08-11,377.03,3340986
xmr-monero,XMR,2026-08-12,392.04,4593303
xmr-monero,XMR,2026-08-13,392.85,3775933
xmr-monero,XMR,2026-08-14,399.42,2396775
xmr-monero,XMR,2026-08-15,409.97,1894747
xmr-monero,XMR,2026-08-16,409.58,2100602
xmr-monero,XMR,2026-08-17,415.28,1740617
xmr-monero,XMR,2026-08-18,412.51,2266158
xmr-monero,XMR,2026-08-19,422.18,3539599
xmr-monero,XMR,2026-08-20,408.14,5506621
xmr-monero,XMR,2026-08-21,412.54,3830358
xmr-monero,XMR,2026-08-22,432.04,8525509
xmr-monero,XMR,2026-08-23,421.91,3266172
xmr-monero,XMR,2026-08-24,442.48,4148560
xmr-monero,XMR,2026-08-25,439.59,4115567
xmr-monero,XMR,2026-08-26,437.76,2231740
xmr-monero,XMR,2026-08-27,454.49,4507951
xmr-monero,XMR,2026-08-28,472.0,4530436
xmr-monero,XMR,2026-08-29,471.0,2405435
xmr-monero,XMR,2026-08-30,487.5,10024740
xmr-monero,XMR,2026-08-31,520.0,10586462
xmr-monero,XMR,2026-09-01,504.51,5036365
xmr-monero,XMR,2026-09-02,493.82,8068091
xmr-monero,XMR,2026-09-03,520.83,5423360
xmr-monero,XMR,2026-09-04,520.75,9760876
xmr-monero,XMR,2026-09-05,557.13,5371780
xmr-monero,XMR,2026-09-06,539.36,9853435
xmr-monero,XMR,2026-09-07,519.63,5063775
xmr-monero,XMR,2026-09-08,499.77,5388168
xmr-monero,XMR,2026-09-09,513.15,6817163
xmr-monero,XMR,2026-09-10,508.69,4772673
xmr-monero,XMR,2026-09-11,521.43,4276198
xmr-monero,XMR,2026-09-12,538.7,3598884
xmr-monero,XMR,2026-09-13,517.68,3363640
xmr-monero,XMR,2026-09-14,514.42,6437818
xmr-monero,XMR,2026-09-15,507.23,5216601
xmr-monero,XMR,2026-09-16,498.7,4121563
xmr-monero,XMR,2026-09-17,516.88,4923417
xmr-monero,XMR,2026-09-18,564.03,9153290
xmr-monero,XMR,2026-09-19,547.52,6573662
xmr-monero,XMR,2026-09-20,563.29,4184835
xmr-monero,XMR,2026-09-21,590.86,10076500
xmr-monero,XMR,2026-09-22,574.01,5419050
xmr-monero,XMR,2026-09-23,553.49,5445124
xmr-monero,XMR,2026-09-24,565.57,3941023
xmr-monero,XMR,2026-09-25,558.06,5501306
xmr-monero,XMR,2026-09-26,559.17,2579637
xmr-monero,XMR,2026-09-27,546.71,3940637
xmr-monero,XMR,2026-09-28,540.63,4871819
xmr-monero,XMR,2026-09-29,541.89,3668092
xmr-monero,XMR,2026-09-30,541.11,31865
usds-usds,USDS,2025-09-30,0.97501,3251
usds-usds,USDS,2025-10-01,1.00499,1679
usds-usds,USDS,2025-10-02,0.97547,1719
usds-usds,USDS,2025-10-03,0.98698,8840
usds-usds,USDS,2025-10-04,0.98991,621
usds-usds,USDS,2025-10-05,0.987,577
usds-usds,USDS,2025-10-06,1.03298,6795
usds-usds,USDS,2025-10-07,0.97471,3015
usds-usds,USDS,2025-10-08,0.9683,8581
usds-usds,USDS,2025-10-09,0.975,3463
usds-usds,USDS,2025-10-10,0.9864,8052
usds-usds,USDS,2025-10-11,0.9864,397
usds-usds,USDS,2025-10-12,1.0093,573
usds-usds,USDS,2025-10-13,1.009,541
usds-usds,USDS,2025-10-14,1.0084,538
usds-usds,USDS,2025-10-15,1.0067,926
usds-usds,USDS,2025-10-16,1.0049,45
usds-usds,USDS,2025-10-17,0.97011,15544
usds-usds,USDS,2025-10-18,1.00487,1465
usds-usds,USDS,2025-10-19,0.99776,4997
usds-usds,USDS,2025-10-20,1.0025,1592
usds-usds,USDS,2025-10-21,1.0027,1186
usds-usds,USDS,2025-10-22,0.9998,1904
usds-usds,USDS,2025-10-23,0.985,2221
usds-usds,USDS,2025-10-24,1.007,2008
usds-usds,USDS,2025-10-25,0.98603,200
usds-usds,USDS,2025-10-26,0.9868,29311
usds-usds,USDS,2025-10-27,1.0129,1211
usds-usds,USDS,2025-10-28,0.9999,634
usds-usds,USDS,2025-10-29,0.99,448
usds-usds,USDS,2025-10-30,0.9857,2361
usds-usds,USDS,2025-10-31,1.0035,217
usds-usds,USDS,2025-11-01,0.9866,30
usds-usds,USDS,2025-11-02,1.0034,15
usds-usds,USDS,2025-11-03,0.9883,2223
usds-usds,USDS,2025-11-04,0.9801,5759
usds-usds,USDS,2025-11-05,0.9857,8727
usds-usds,USDS,2025-11-06,0.9852,157382
usds-usds,USDS,2025-11-07,1.0059,607
usds-usds,USDS,2025-11-08,0.99021,1949
usds-usds,USDS,2025-11-09,0.9906,133
usds-usds,USDS,2025-11-10,1.0068,4417
usds-usds,USDS,2025-11-11,0.971,26689
usds-usds,USDS,2025-11-12,0.99999,7575
usds-usds,USDS,2025-11-13,0.9888,454
usds-usds,USDS,2025-11-14,1.0,1627
usds-usds,USDS,2025-11-15,0.9889,1792
usds-usds,USDS,2025-11-16,0.9919,1536
usds-usds,USDS,2025-11-17,1.00589,44
usds-usds,USDS,2025-11-18,0.99193,1559
usds-usds,USDS,2025-11-19,0.9922,326
usds-usds,USDS,2025-11-20,0.991,4878
usds-usds,USDS,2025-11-21,0.9911,1950
usds-usds,USDS,2025-11-22,0.9897,1186
usds-usds,USDS,2025-11-23,0.9905,1783
usds-usds,USDS,2025-11-24,1.00679,1281
usds-usds,USDS,2025-11-25,1.0063,273
usds-usds,USDS,2025-11-26,1.0122,3195
usds-usds,USDS,2025-11-27,1.008,66
usds-usds,USDS,2025-11-28,1.008,63
usds-usds,USDS,2025-11-29,0.9916,6
usds-usds,USDS,2025-11-30,0.9916,3
usds-usds,USDS,2025-12-01,0.999,21034
usds-usds,USDS,2025-12-02,1.0,3255
usds-usds,USDS,2025-12-03,0.99998,16989
usds-usds,USDS,2025-12-04,0.9893,1411
usds-usds,USDS,2025-12-05,0.9889,616
usds-usds,USDS,2025-12-06,0.9997,229
usds-usds,USDS,2025-12-07,0.9882,878
usds-usds,USDS,2025-12-08,0.9888,1176
usds-usds,USDS,2025-12-09,0.9892,1496
usds-usds,USDS,2025-12-10,0.991,449
usds-usds,USDS,2025-12-11,0.9995,8496
usds-usds,USDS,2025-12-12,0.99949,140
usds-usds,USDS,2025-12-13,0.987,20
usds-usds,USDS,2025-12-14,0.99949,146
usds-usds,USDS,2025-12-15,0.9885,4793
usds-usds,USDS,2025-12-16,1.042,1624
usds-usds,USDS,2025-12-17,0.9881,2019
usds-usds,USDS,2025-12-18,1.015,161
usds-usds,USDS,2025-12-19,0.991,229
usds-usds,USDS,2025-12-20,0.9998,215
usds-usds,USDS,2025-12-21,0.99111,108
usds-usds,USDS,2025-12-22,0.9873,14657
usds-usds,USDS,2025-12-23,0.97,1263
usds-usds,USDS,2025-12-24,0.9697,3114
usds-usds,USDS,2025-12-25,0.97131,24418
usds-usds,USDS,2025-12-26,0.97153,476
usds-usds,USDS,2025-12-27,0.99874,381
usds-usds,USDS,2025-12-28,0.9987,19400
usds-usds,USDS,2025-12-29,0.99879,537
usds-usds,USDS,2025-12-30,0.97954,303
usds-usds,USDS,2025-12-31,0.95555,49718
usds-usds,USDS,2026-01-01,0.99731,4595
usds-usds,USDS,2026-01-02,1.00298,5572
usds-usds,USDS,2026-01-03,1.0,270
usds-usds,USDS,2026-01-04,0.9718,185
usds-usds,USDS,2026-01-05,1.004,1870
usds-usds,USDS,2026-01-06,0.9882,1794
usds-usds,USDS,2026-01-07,0.9884,586
usds-usds,USDS,2026-01-08,0.988,10133
usds-usds,USDS,2026-01-09,0.988,1813
usds-usds,USDS,2026-01-10,0.98801,70
usds-usds,USDS,2026-01-11,0.988,484
usds-usds,USDS,2026-01-12,0.98802,140
usds-usds,USDS,2026-01-13,0.988,2261
usds-usds,USDS,2026-01-14,0.9893,914
usds-usds,USDS,2026-01-15,1.00146,3218
usds-usds,USDS,2026-01-16,1.0011,2151
usds-usds,USDS,2026-01-17,0.98922,523
usds-usds,USDS,2026-01-18,1.0014,306
usds-usds,USDS,2026-01-19,0.98881,297
usds-usds,USDS,2026-01-20,0.98937,3329
usds-usds,USDS,2026-01-21,0.988,56807
usds-usds,USDS,2026-01-22,0.98805,320
usds-usds,USDS,2026-01-23,0.98903,335
usds-usds,USDS,2026-01-24,0.99999,741
usds-usds,USDS,2026-01-25,0.99998,316
usds-usds,USDS,2026-01-26,0.98851,124
usds-usds,USDS,2026-01-27,0.98851,30
usds-usds,USDS,2026-01-28,0.99989,344
usds-usds,USDS,2026-01-29,0.99547,2208
usds-usds,USDS,2026-01-30,0.99542,2472
usds-usds,USDS,2026-01-31,1.004,560
usds-usds,USDS,2026-02-01,0.99421,5676
usds-usds,USDS,2026-02-02,0.99514,2265
usds-usds,USDS,2026-02-03,0.99512,8986
usds-usds,USDS,2026-02-04,0.99415,429
usds-usds,USDS,2026-02-05,0.99505,1667
usds-usds,USDS,2026-02-06,0.9962,8751
usds-usds,USDS,2026-02-07,1.00361,269
usds-usds,USDS,2026-02-08,0.98504,184
usds-usds,USDS,2026-02-09,0.98521,64
usds-usds,USDS,2026-02-10,1.0031,10
usds-usds,USDS,2026-02-11,0.99613,436
usds-usds,USDS,2026-02-12,1.00329,481
usds-usds,USDS,2026-02-13,0.98501,6416
usds-usds,USDS,2026-02-14,0.99925,406
usds-usds,USDS,2026-02-15,0.98495,130
usds-usds,USDS,2026-02-16,0.98307,1028
usds-usds,USDS,2026-02-17,1.00162,3898
usds-usds,USDS,2026-02-18,0.9729,638
usds-usds,USDS,2026-02-19,0.977,298
usds-usds,USDS,2026-02-20,1.001,1717
usds-usds,USDS,2026-02-21,1.001,4430
usds-usds,USDS,2026-02-22,1.001,1747
usds-usds,USDS,2026-02-23,1.001,967
usds-usds,USDS,2026-02-24,1.001,5850
usds-usds,USDS,2026-02-25,1.001,682
usds-usds,USDS,2026-02-26,0.99606,2226
usds-usds,USDS,2026-02-27,0.99677,84
usds-usds,USDS,2026-02-28,0.999,49972
usds-usds,USDS,2026-03-01,1.00173,57967
usds-usds,USDS,2026-03-02,0.99618,39
usds-usds,USDS,2026-03-03,0.99681,110
usds-usds,USDS,2026-03-04,0.9968,107
usds-usds,USDS,2026-03-05,1.0015,15052
usds-usds,USDS,2026-03-06,1.0013,199
usds-usds,USDS,2026-03-07,0.99705,58
usds-usds,USDS,2026-03-08,1.0011,14
usds-usds,USDS,2026-03-09,1.0014,104
usds-usds,USDS,2026-03-10,0.9999,114776
usds-usds,USDS,2026-03-11,0.99683,111709
usds-usds,USDS,2026-03-12,0.99683,1408
usds-usds,USDS,2026-03-13,0.997,1350
usds-usds,USDS,2026-03-14,0.997,52
usds-usds,USDS,2026-03-15,1.00159,120
usds-usds,USDS,2026-03-16,1.00188,20293
usds-usds,USDS,2026-03-17,1.00197,77
usds-usds,USDS,2026-03-18,0.9974,487
usds-usds,USDS,2026-03-19,0.99771,2347
usds-usds,USDS,2026-03-20,0.9975,23040
usds-usds,USDS,2026-03-21,0.99745,4344
usds-usds,USDS,2026-03-22,1.0,2972
usds-usds,USDS,2026-03-23,0.99744,5471
usds-usds,USDS,2026-03-24,1.0,54
usds-usds,USDS,2026-03-25,1.0,2015
usds-usds,USDS,2026-03-26,0.99708,182
usds-usds,USDS,2026-03-27,1.0,1373
usds-usds,USDS,2026-03-28,0.9973,7
usds-usds,USDS,2026-03-29,0.99999,35133
usds-usds,USDS,2026-03-30,0.99705,13333
usds-usds,USDS,2026-03-31,0.9991,17115
usds-usds,USDS,2026-04-01,1.0019,132
usds-usds,USDS,2026-04-02,0.99755,386
usds-usds,USDS,2026-04-03,1.00498,1031
usds-usds,USDS,2026-04-04,0.99769,481
usds-usds,USDS,2026-04-05,1.00196,164
usds-usds,USDS,2026-04-06,0.99761,5185
usds-usds,USDS,2026-04-07,1.00177,405
usds-usds,USDS,2026-04-08,1.00237,1003
usds-usds,USDS,2026-04-09,0.9975,18382
usds-usds,USDS,2026-04-10,1.00158,5139
usds-usds,USDS,2026-04-11,0.99782,447
usds-usds,USDS,2026-04-12,0.99787,309
usds-usds,USDS,2026-04-13,0.99985,162
usds-usds,USDS,2026-04-14,0.99987,2685
usds-usds,USDS,2026-04-15,0.99988,275584
usds-usds,USDS,2026-04-16,0.99998,12624
usds-usds,USDS,2026-04-17,0.99998,3771
usds-usds,USDS,2026-04-18,0.99998,1129
usds-usds,USDS,2026-04-19,0.99998,4081
usds-usds,USDS,2026-04-20,0.99779,174
usds-usds,USDS,2026-04-21,0.99779,1274
usds-usds,USDS,2026-04-22,0.99998,314
usds-usds,USDS,2026-04-23,0.99653,640
usds-usds,USDS,2026-04-24,0.99787,44903
usds-usds,USDS,2026-04-25,0.99997,733
usds-usds,USDS,2026-04-26,0.99997,9988
usds-usds,USDS,2026-04-27,0.99762,12078
usds-usds,USDS,2026-04-28,0.9986,91498
usds-usds,USDS,2026-04-29,0.99993,5973
usds-usds,USDS,2026-04-30,0.99491,2783
usds-usds,USDS,2026-05-01,0.99508,3927
usds-usds,USDS,2026-05-02,0.99744,3172
usds-usds,USDS,2026-05-03,0.99732,65
usds-usds,USDS,2026-05-04,0.99762,2831
usds-usds,USDS,2026-05-05,0.99762,3928
usds-usds,USDS,2026-05-06,0.99755,21262
usds-usds,USDS,2026-05-07,0.99972,948
usds-usds,USDS,2026-05-08,1.00286,1047
usds-usds,USDS,2026-05-09,0.9994,70
usds-usds,USDS,2026-05-10,0.9977,16921
usds-usds,USDS,2026-05-11,0.99749,4498
usds-usds,USDS,2026-05-12,1.00021,171
usds-usds,USDS,2026-05-13,0.99805,1693
usds-usds,USDS,2026-05-14,0.9981,11876
usds-usds,USDS,2026-05-15,0.99807,2021
usds-usds,USDS,2026-05-16,0.99795,4748
usds-usds,USDS,2026-05-17,0.99793,2297
usds-usds,USDS,2026-05-18,0.99794,11461
usds-usds,USDS,2026-05-19,1.00011,3822
usds-usds,USDS,2026-05-20,1.00011,13324
usds-usds,USDS,2026-05-21,0.9981,7426
usds-usds,USDS,2026-05-22,0.9981,352
usds-usds,USDS,2026-05-23,0.9978,593
usds-usds,USDS,2026-05-24,1.00015,10121
usds-usds,USDS,2026-05-25,1.00013,23
usds-usds,USDS,2026-05-26,1.00015,14507
usds-usds,USDS,2026-05-27,0.99763,26500
usds-usds,USDS,2026-05-28,0.9976,505
usds-usds,USDS,2026-05-29,0.99731,7407
usds-usds,USDS,2026-05-30,0.99979,182
usds-usds,USDS,2026-05-31,0.99978,12
usds-usds,USDS,2026-06-01,0.99978,151
usds-usds,USDS,2026-06-02,0.99748,2827
usds-usds,USDS,2026-06-03,1.001,14832
usds-usds,USDS,2026-06-04,0.99738,41418
usds-usds,USDS,2026-06-05,0.99827,8895
usds-usds,USDS,2026-06-06,0.99815,142
usds-usds,USDS,2026-06-07,1.00016,296
usds-usds,USDS,2026-06-08,1.00009,4900
usds-usds,USDS,2026-06-09,0.99751,722
usds-usds,USDS,2026-06-10,0.99767,3536
usds-usds,USDS,2026-06-11,0.99751,23730
usds-usds,USDS,2026-06-12,1.00004,2214
usds-usds,USDS,2026-06-13,0.99748,641
usds-usds,USDS,2026-06-14,0.99831,11
usds-usds,USDS,2026-06-15,0.99794,19192
usds-usds,USDS,2026-06-16,1.00097,656
usds-usds,USDS,2026-06-17,1.00097,3891
usds-usds,USDS,2026-06-18,0.99755,35898
usds-usds,USDS,2026-06-19,0.9977,9692
usds-usds,USDS,2026-06-20,0.9977,902
usds-usds,USDS,2026-06-21,0.99767,70
usds-usds,USDS,2026-06-22,0.99772,17664
usds-usds,USDS,2026-06-23,0.9976,59558
usds-usds,USDS,2026-06-24,1.00087,3381
usds-usds,USDS,2026-06-25,0.99774,85781
usds-usds,USDS,2026-06-26,1.00087,656
usds-usds,USDS,2026-06-27,0.9979,5121
usds-usds,USDS,2026-06-28,0.9979,0
usds-usds,USDS,2026-06-29,0.99807,17617
usds-usds,USDS,2026-06-30,0.99772,892
usds-usds,USDS,2026-07-01,1.00068,5370
usds-usds,USDS,2026-07-02,0.99808,20763
usds-usds,USDS,2026-07-03,0.99808,784
usds-usds,USDS,2026-07-04,0.99773,2179
usds-usds,USDS,2026-07-05,0.99775,4563
usds-usds,USDS,2026-07-06,0.9982,1533
usds-usds,USDS,2026-07-07,1.00068,7859
usds-usds,USDS,2026-07-08,1.00068,92
usds-usds,USDS,2026-07-09,1.00067,1070
usds-usds,USDS,2026-07-10,0.99794,9220
usds-usds,USDS,2026-07-11,0.99796,724
usds-usds,USDS,2026-07-12,0.99805,134
usds-usds,USDS,2026-07-13,0.99749,5910
usds-usds,USDS,2026-07-14,0.99749,2000
usds-usds,USDS,2026-07-15,0.98943,28589
usds-usds,USDS,2026-07-16,1.00048,6570
usds-usds,USDS,2026-07-17,0.99791,882
usds-usds,USDS,2026-07-18,0.99791,0
usds-usds,USDS,2026-07-19,0.99791,7344
usds-usds,USDS,2026-07-20,0.99776,27383
usds-usds,USDS,2026-07-21,1.00044,56965
usds-usds,USDS,2026-07-22,0.99789,20139
usds-usds,USDS,2026-07-23,0.9979,18320
usds-usds,USDS,2026-07-24,0.99811,4273
usds-usds,USDS,2026-07-25,0.99808,13290
usds-usds,USDS,2026-07-26,0.99799,1069
usds-usds,USDS,2026-07-27,1.00036,3873
usds-usds,USDS,2026-07-28,0.99784,275
usds-usds,USDS,2026-07-29,0.99784,7605
usds-usds,USDS,2026-07-30,0.9985,382
usds-usds,USDS,2026-07-31,0.99944,1315
usds-usds,USDS,2026-08-01,1.00025,8168
usds-usds,USDS,2026-08-02,0.99944,49
usds-usds,USDS,2026-08-03,0.99904,2991
usds-usds,USDS,2026-08-04,0.99766,976
usds-usds,USDS,2026-08-05,0.99861,102945
usds-usds,USDS,2026-08-06,1.00027,935
usds-usds,USDS,2026-08-07,0.99938,6570
usds-usds,USDS,2026-08-08,0.99956,1402
usds-usds,USDS,2026-08-09,0.99972,832
usds-usds,USDS,2026-08-10,0.99975,748
usds-usds,USDS,2026-08-11,0.99975,399
usds-usds,USDS,2026-08-12,0.99995,4283
usds-usds,USDS,2026-08-13,0.99975,4265
usds-usds,USDS,2026-08-14,0.99975,38206
usds-usds,USDS,2026-08-15,0.99995,569
usds-usds,USDS,2026-08-16,0.99975,691
usds-usds,USDS,2026-08-17,0.99975,12922
usds-usds,USDS,2026-08-18,0.99975,1176
usds-usds,USDS,2026-08-19,0.99983,1440
usds-usds,USDS,2026-08-20,0.99983,18633
usds-usds,USDS,2026-08-21,1.00011,8248
usds-usds,USDS,2026-08-22,0.99985,1234
usds-usds,USDS,2026-08-23,0.99985,1111
usds-usds,USDS,2026-08-24,0.9999,23116
usds-usds,USDS,2026-08-25,1.00011,551
usds-usds,USDS,2026-08-26,0.9998,15283
usds-usds,USDS,2026-08-27,0.9999,1670
usds-usds,USDS,2026-08-28,0.99985,2437
usds-usds,USDS,2026-08-29,0.99985,1506
usds-usds,USDS,2026-08-30,0.99999,393
usds-usds,USDS,2026-08-31,0.99978,647
usds-usds,USDS,2026-09-01,0.99966,1198
usds-usds,USDS,2026-09-02,0.99965,3981
usds-usds,USDS,2026-09-03,0.9999,4627
usds-usds,USDS,2026-09-04,0.99975,18893
usds-usds,USDS,2026-09-05,1.0,111
usds-usds,USDS,2026-09-06,1.0,67
usds-usds,USDS,2026-09-07,1.0,2840
usds-usds,USDS,2026-09-08,0.99983,11557
usds-usds,USDS,2026-09-09,0.9998,575
usds-usds,USDS,2026-09-10,0.99995,12655
usds-usds,USDS,2026-09-11,0.99995,11953
usds-usds,USDS,2026-09-12,0.99995,25109
usds-usds,USDS,2026-09-13,0.99995,5163
usds-usds,USDS,2026-09-14,0.99938,36712
usds-usds,USDS,2026-09-15,0.99979,63296
usds-usds,USDS,2026-09-16,0.99975,2093
usds-usds,USDS,2026-09-17,0.99975,7122
usds-usds,USDS,2026-09-18,0.99975,3908
usds-usds,USDS,2026-09-19,0.99975,278
usds-usds,USDS,2026-09-20,0.99979,5872
usds-usds,USDS,2026-09-21,1.00003,4531
usds-usds,USDS,2026-09-22,1.00003,19427
usds-usds,USDS,2026-09-23,0.9998,72183
usds-usds,USDS,2026-09-24,0.9998,1660
usds-usds,USDS,2026-09-25,0.9998,664
usds-usds,USDS,2026-09-26,1.0,23235
usds-usds,USDS,2026-09-27,0.9998,3846
usds-usds,USDS,2026-09-28,0.9999,809
usds-usds,USDS,2026-09-29,0.9999,5913
usds-usds,USDS,2026-09-30,0.9999,3
wbt-whitebit,WBT,2026-03-05,54.47,36849
wbt-whitebit,WBT,2026-03-06,54.77,9141
wbt-whitebit,WBT,2026-03-07,53.68,2897
wbt-whitebit,WBT,2026-03-08,53.29,6025
wbt-whitebit,WBT,2026-03-09,54.74,6680
wbt-whitebit,WBT,2026-03-10,55.45,6847
wbt-whitebit,WBT,2026-03-11,55.6,7728
wbt-whitebit,WBT,2026-03-12,55.44,4182
wbt-whitebit,WBT,2026-03-13,55.44,9731
wbt-whitebit,WBT,2026-03-14,55.14,1398
wbt-whitebit,WBT,2026-03-15,56.32,11463
wbt-whitebit,WBT,2026-03-16,58.07,8792
wbt-whitebit,WBT,2026-03-17,58.0,4932
wbt-whitebit,WBT,2026-03-18,57.02,5875
wbt-whitebit,WBT,2026-03-19,55.23,2819
wbt-whitebit,WBT,2026-03-20,55.16,3298
wbt-whitebit,WBT,2026-03-21,53.77,2190
wbt-whitebit,WBT,2026-03-22,53.58,2529
wbt-whitebit,WBT,2026-03-23,54.62,6169
wbt-whitebit,WBT,2026-03-24,54.52,1752
wbt-whitebit,WBT,2026-03-25,54.88,3050
wbt-whitebit,WBT,2026-03-26,52.8,2816
wbt-whitebit,WBT,2026-03-27,51.08,2840
wbt-whitebit,WBT,2026-03-28,51.18,1011
wbt-whitebit,WBT,2026-03-29,50.55,2955
wbt-whitebit,WBT,2026-03-30,51.36,2908
wbt-whitebit,WBT,2026-03-31,52.35,1699
wbt-whitebit,WBT,2026-04-01,52.26,3999
wbt-whitebit,WBT,2026-04-02,51.11,195045
wbt-whitebit,WBT,2026-04-03,51.27,7147
wbt-whitebit,WBT,2026-04-04,51.55,7515
wbt-whitebit,WBT,2026-04-05,52.65,49104
wbt-whitebit,WBT,2026-04-06,51.93,56967
wbt-whitebit,WBT,2026-04-07,53.63,14410
wbt-whitebit,WBT,2026-04-08,52.88,2087
wbt-whitebit,WBT,2026-04-09,52.76,1779
wbt-whitebit,WBT,2026-04-10,53.0,1152
wbt-whitebit,WBT,2026-04-11,53.49,1547
wbt-whitebit,WBT,2026-04-12,51.88,983
wbt-whitebit,WBT,2026-04-13,54.94,1893
wbt-whitebit,WBT,2026-04-14,54.4,3507
wbt-whitebit,WBT,2026-04-15,54.73,2999
wbt-whitebit,WBT,2026-04-16,54.98,1603
wbt-whitebit,WBT,2026-04-17,56.17,4967
wbt-whitebit,WBT,2026-04-18,55.16,5154
wbt-whitebit,WBT,2026-04-19,53.71,1843
wbt-whitebit,WBT,2026-04-20,54.92,1430
wbt-whitebit,WBT,2026-04-21,54.82,5909
wbt-whitebit,WBT,2026-04-22,55.7,9039
wbt-whitebit,WBT,2026-04-23,55.4,2384
wbt-whitebit,WBT,2026-04-24,55.14,1339
wbt-whitebit,WBT,2026-04-25,54.76,645
wbt-whitebit,WBT,2026-04-26,55.66,2457
wbt-whitebit,WBT,2026-04-27,54.58,1841
wbt-whitebit,WBT,2026-04-28,53.99,1117
wbt-whitebit,WBT,2026-04-29,53.96,6099
wbt-whitebit,WBT,2026-04-30,57.55,155601
wbt-whitebit,WBT,2026-05-01,58.37,6704
wbt-whitebit,WBT,2026-05-02,58.76,6005
wbt-whitebit,WBT,2026-05-03,58.7,8507
wbt-whitebit,WBT,2026-05-04,59.48,7644
wbt-whitebit,WBT,2026-05-05,59.79,2169
wbt-whitebit,WBT,2026-05-06,59.46,3677
wbt-whitebit,WBT,2026-05-07,59.02,6320
wbt-whitebit,WBT,2026-05-08,59.4,4511
wbt-whitebit,WBT,2026-05-09,59.56,2764
wbt-whitebit,WBT,2026-05-10,60.73,7330
wbt-whitebit,WBT,2026-05-11,60.24,1225
wbt-whitebit,WBT,2026-05-12,59.21,1554
wbt-whitebit,WBT,2026-05-13,58.29,1415
wbt-whitebit,WBT,2026-05-14,60.01,9079
wbt-whitebit,WBT,2026-05-15,58.59,1340
wbt-whitebit,WBT,2026-05-16,57.5,7221
wbt-whitebit,WBT,2026-05-17,56.98,6258
wbt-whitebit,WBT,2026-05-18,56.75,2468
wbt-whitebit,WBT,2026-05-19,56.51,1588
wbt-whitebit,WBT,2026-05-20,57.07,1045
wbt-whitebit,WBT,2026-05-21,57.26,55094
wbt-whitebit,WBT,2026-05-22,56.04,3198
wbt-whitebit,WBT,2026-05-23,56.64,3606
wbt-whitebit,WBT,2026-05-24,56.53,6595
wbt-whitebit,WBT,2026-05-25,56.72,2366
wbt-whitebit,WBT,2026-05-26,55.65,2742
wbt-whitebit,WBT,2026-05-27,54.69,3206
wbt-whitebit,WBT,2026-05-28,54.14,6405
wbt-whitebit,WBT,2026-05-29,53.9,4108
wbt-whitebit,WBT,2026-05-30,54.12,605
wbt-whitebit,WBT,2026-05-31,53.92,2621
wbt-whitebit,WBT,2026-06-01,52.46,4082
wbt-whitebit,WBT,2026-06-02,48.67,6719
wbt-whitebit,WBT,2026-06-03,47.55,27427
wbt-whitebit,WBT,2026-06-04,46.02,7803
wbt-whitebit,WBT,2026-06-05,43.53,110934
wbt-whitebit,WBT,2026-06-06,43.26,8065
wbt-whitebit,WBT,2026-06-07,45.11,9133
wbt-whitebit,WBT,2026-06-08,45.06,8170
wbt-whitebit,WBT,2026-06-09,50.98,488817
wbt-whitebit,WBT,2026-06-10,50.5,9860
wbt-whitebit,WBT,2026-06-11,51.95,3691
wbt-whitebit,WBT,2026-06-12,51.79,10006
wbt-whitebit,WBT,2026-06-13,52.27,28195
wbt-whitebit,WBT,2026-06-14,53.19,38300
wbt-whitebit,WBT,2026-06-15,54.65,23712
wbt-whitebit,WBT,2026-06-16,53.91,1936
wbt-whitebit,WBT,2026-06-17,53.0,3993
wbt-whitebit,WBT,2026-06-18,51.86,2039
wbt-whitebit,WBT,2026-06-19,52.23,1066
wbt-whitebit,WBT,2026-06-20,52.54,1373
wbt-whitebit,WBT,2026-06-21,52.08,1334
wbt-whitebit,WBT,2026-06-22,52.64,2958
wbt-whitebit,WBT,2026-06-23,50.95,2328
wbt-whitebit,WBT,2026-06-24,48.78,1630
wbt-whitebit,WBT,2026-06-25,48.45,6382
wbt-whitebit,WBT,2026-06-26,48.28,11054
wbt-whitebit,WBT,2026-06-27,47.9,1358
wbt-whitebit,WBT,2026-06-28,47.7,1959
wbt-whitebit,WBT,2026-06-29,47.94,24222
wbt-whitebit,WBT,2026-06-30,53.87,36613
wbt-whitebit,WBT,2026-07-01,55.14,6595
wbt-whitebit,WBT,2026-07-02,55.6,1365
wbt-whitebit,WBT,2026-07-03,56.48,32590
wbt-whitebit,WBT,2026-07-04,56.82,20242
wbt-whitebit,WBT,2026-07-05,56.73,17921
wbt-whitebit,WBT,2026-07-06,57.69,18990
wbt-whitebit,WBT,2026-07-07,56.25,10984
wbt-whitebit,WBT,2026-07-08,55.03,13433
wbt-whitebit,WBT,2026-07-09,55.7,4137
wbt-whitebit,WBT,2026-07-10,55.88,12074
wbt-whitebit,WBT,2026-07-11,55.91,9500
wbt-whitebit,WBT,2026-07-12,55.95,13059
wbt-whitebit,WBT,2026-07-13,54.55,20136
wbt-whitebit,WBT,2026-07-14,56.66,3066
wbt-whitebit,WBT,2026-07-15,56.91,3261
wbt-whitebit,WBT,2026-07-16,55.87,4147
wbt-whitebit,WBT,2026-07-17,55.67,2879
wbt-whitebit,WBT,2026-07-18,56.32,469
wbt-whitebit,WBT,2026-07-19,56.29,2143
wbt-whitebit,WBT,2026-07-20,56.8,39904
wbt-whitebit,WBT,2026-07-21,57.75,9175
wbt-whitebit,WBT,2026-07-22,57.37,8190
wbt-whitebit,WBT,2026-07-23,56.57,12604
wbt-whitebit,WBT,2026-07-24,55.8,1809
wbt-whitebit,WBT,2026-07-25,56.04,2223
wbt-whitebit,WBT,2026-07-26,57.36,641
wbt-whitebit,WBT,2026-07-27,55.79,3182
wbt-whitebit,WBT,2026-07-28,55.82,2771
wbt-whitebit,WBT,2026-07-29,55.99,2658
wbt-whitebit,WBT,2026-07-30,56.51,1969
wbt-whitebit,WBT,2026-07-31,54.9,1279
wbt-whitebit,WBT,2026-08-01,54.57,1442
wbt-whitebit,WBT,2026-08-02,55.15,2386
wbt-whitebit,WBT,2026-08-03,54.99,1685
wbt-whitebit,WBT,2026-08-04,55.42,28257
wbt-whitebit,WBT,2026-08-05,56.0,25971
wbt-whitebit,WBT,2026-08-06,55.73,14775
wbt-whitebit,WBT,2026-08-07,56.05,22788
wbt-whitebit,WBT,2026-08-08,56.2,29173
wbt-whitebit,WBT,2026-08-09,56.17,28335
wbt-whitebit,WBT,2026-08-10,55.13,44687
wbt-whitebit,WBT,2026-08-11,55.16,47625
wbt-whitebit,WBT,2026-08-12,55.0,36801
wbt-whitebit,WBT,2026-08-13,54.93,34515
wbt-whitebit,WBT,2026-08-14,54.66,43016
wbt-whitebit,WBT,2026-08-15,54.6,33937
wbt-whitebit,WBT,2026-08-16,54.42,36093
wbt-whitebit,WBT,2026-08-17,55.7,37403
wbt-whitebit,WBT,2026-08-18,55.67,36272
wbt-whitebit,WBT,2026-08-19,59.63,74569
wbt-whitebit,WBT,2026-08-20,60.9,51548
wbt-whitebit,WBT,2026-08-21,72.61,70122
wbt-whitebit,WBT,2026-08-22,71.95,45342
wbt-whitebit,WBT,2026-08-23,72.7,48768
wbt-whitebit,WBT,2026-08-24,73.19,49988
wbt-whitebit,WBT,2026-08-25,72.41,47650
wbt-whitebit,WBT,2026-08-26,73.1,46040
wbt-whitebit,WBT,2026-08-27,74.18,46339
wbt-whitebit,WBT,2026-08-28,71.74,48159
wbt-whitebit,WBT,2026-08-29,71.93,42300
wbt-whitebit,WBT,2026-08-30,71.29,49864
wbt-whitebit,WBT,2026-08-31,72.51,43277
wbt-whitebit,WBT,2026-09-01,71.18,50800
wbt-whitebit,WBT,2026-09-02,70.72,48176
wbt-whitebit,WBT,2026-09-03,74.12,47295
wbt-whitebit,WBT,2026-09-04,73.13,53571
wbt-whitebit,WBT,2026-09-05,73.54,38401
wbt-whitebit,WBT,2026-09-06,74.17,75508
wbt-whitebit,WBT,2026-09-07,76.61,60462
wbt-whitebit,WBT,2026-09-08,81.23,71770
wbt-whitebit,WBT,2026-09-09,80.7,64611
wbt-whitebit,WBT,2026-09-10,79.24,62777
wbt-whitebit,WBT,2026-09-11,80.22,44102
wbt-whitebit,WBT,2026-09-12,80.21,43409
wbt-whitebit,WBT,2026-09-13,79.64,46237
wbt-whitebit,WBT,2026-09-14,80.93,65780
wbt-whitebit,WBT,2026-09-15,77.79,56087
wbt-whitebit,WBT,2026-09-16,78.25,47409
wbt-whitebit,WBT,2026-09-17,78.81,54767
wbt-whitebit,WBT,2026-09-18,83.07,58595
wbt-whitebit,WBT,2026-09-19,82.74,52823
wbt-whitebit,WBT,2026-09-20,82.78,48327
wbt-whitebit,WBT,2026-09-21,87.12,66869
wbt-whitebit,WBT,2026-09-22,86.69,55636
wbt-whitebit,WBT,2026-09-23,84.79,72383
wbt-whitebit,WBT,2026-09-24,84.38,59055
wbt-whitebit,WBT,2026-09-25,83.72,65489
wbt-whitebit,WBT,2026-09-26,84.27,53986
wbt-whitebit,WBT,2026-09-27,84.23,54406
wbt-whitebit,WBT,2026-09-28,83.56,53442
wbt-whitebit,WBT,2026-09-29,83.7,61685
wbt-whitebit,WBT,2026-09-30,83.43,2408
ada-cardano,ADA,2025-09-30,0.807135,6065508
ada-cardano,ADA,2025-10-01,0.850999,16166322
ada-cardano,ADA,2025-10-02,0.871202,13452601
ada-cardano,ADA,2025-10-03,0.865369,8085664
ada-cardano,ADA,2025-10-04,0.84,6156247
ada-cardano,ADA,2025-10-05,0.837042,12747019
ada-cardano,ADA,2025-10-06,0.871571,12759588
ada-cardano,ADA,2025-10-07,0.820278,13721050
ada-cardano,ADA,2025-10-08,0.838824,7771392
ada-cardano,ADA,2025-10-09,0.81587,6866649
ada-cardano,ADA,2025-10-10,0.655258,38106865
ada-cardano,ADA,2025-10-11,0.632048,19746787
ada-cardano,ADA,2025-10-12,0.701474,8292821
ada-cardano,ADA,2025-10-13,0.729477,12972459
ada-cardano,ADA,2025-10-14,0.699,11994924
ada-cardano,ADA,2025-10-15,0.668852,6924697
ada-cardano,ADA,2025-10-16,0.645222,6760872
ada-cardano,ADA,2025-10-17,0.624932,20812890
ada-cardano,ADA,2025-10-18,0.634476,2748820
ada-cardano,ADA,2025-10-19,0.653,8705962
ada-cardano,ADA,2025-10-20,0.662805,11324011
ada-cardano,ADA,2025-10-21,0.642874,8242756
ada-cardano,ADA,2025-10-22,0.623871,6901823
ada-cardano,ADA,2025-10-23,0.642957,3099633
ada-cardano,ADA,2025-10-24,0.656157,3417319
ada-cardano,ADA,2025-10-25,0.654068,1924118
ada-cardano,ADA,2025-10-26,0.681478,3561845
ada-cardano,ADA,2025-10-27,0.667083,5774016
ada-cardano,ADA,2025-10-28,0.646036,4028308
ada-cardano,ADA,2025-10-29,0.640276,3571829
ada-cardano,ADA,2025-10-30,0.601356,9048441
ada-cardano,ADA,2025-10-31,0.608911,4588542
ada-cardano,ADA,2025-11-01,0.612869,726676
ada-cardano,ADA,2025-11-02,0.610416,2242830
ada-cardano,ADA,2025-11-03,0.55242,9287357
ada-cardano,ADA,2025-11-04,0.520684,22722137
ada-cardano,ADA,2025-11-05,0.545,6211162
ada-cardano,ADA,2025-11-06,0.531659,4534296
ada-cardano,ADA,2025-11-07,0.576063,7138838
ada-cardano,ADA,2025-11-08,0.568525,4157392
ada-cardano,ADA,2025-11-09,0.578784,3337850
ada-cardano,ADA,2025-11-10,0.592735,8651108
ada-cardano,ADA,2025-11-11,0.556138,5375588
ada-cardano,ADA,2025-11-12,0.545512,4984964
ada-cardano,ADA,2025-11-13,0.529354,6019332
ada-cardano,ADA,2025-11-14,0.49814,5562475
ada-cardano,ADA,2025-11-15,0.503308,2656718
ada-cardano,ADA,2025-11-16,0.484453,4101875
ada-cardano,ADA,2025-11-17,0.465892,6487060
ada-cardano,ADA,2025-11-18,0.475084,5423167
ada-cardano,ADA,2025-11-19,0.463618,8120210
ada-cardano,ADA,2025-11-20,0.431323,10867476
ada-cardano,ADA,2025-11-21,0.409186,15100023
ada-cardano,ADA,2025-11-22,0.404365,2923922
ada-cardano,ADA,2025-11-23,0.40855,3999216
ada-cardano,ADA,2025-11-24,0.427778,4173972
ada-cardano,ADA,2025-11-25,0.421621,2908969
ada-cardano,ADA,2025-11-26,0.435763,2832124
ada-cardano,ADA,2025-11-27,0.433443,2983539
ada-cardano,ADA,2025-11-28,0.419989,4612443
ada-cardano,ADA,2025-11-29,0.414458,1377362
ada-cardano,ADA,2025-11-30,0.41446,1238645
ada-cardano,ADA,2025-12-01,0.385541,6611555
ada-cardano,ADA,2025-12-02,0.433704,6218263
ada-cardano,ADA,2025-12-03,0.449995,10447513
ada-cardano,ADA,2025-12-04,0.439651,6599329
ada-cardano,ADA,2025-12-05,0.415796,7691842
ada-cardano,ADA,2025-12-06,0.413724,1393716
ada-cardano,ADA,2025-12-07,0.417452,12735879
ada-cardano,ADA,2025-12-08,0.432951,3600152
ada-cardano,ADA,2025-12-09,0.46987,23452342
ada-cardano,ADA,2025-12-10,0.453539,19137969
ada-cardano,ADA,2025-12-11,0.425358,14918859
ada-cardano,ADA,2025-12-12,0.408996,5692240
ada-cardano,ADA,2025-12-13,0.410585,3887685
ada-cardano,ADA,2025-12-14,0.396021,6006141
ada-cardano,ADA,2025-12-15,0.388177,6016392
ada-cardano,ADA,2025-12-16,0.386032,3629606
ada-cardano,ADA,2025-12-17,0.367168,6498348
ada-cardano,ADA,2025-12-18,0.351137,14082615
ada-cardano,ADA,2025-12-19,0.376551,5302520
ada-cardano,ADA,2025-12-20,0.37303,1696309
ada-cardano,ADA,2025-12-21,0.365988,3721950
ada-cardano,ADA,2025-12-22,0.370773,4094482
ada-cardano,ADA,2025-12-23,0.362617,5134542
ada-cardano,ADA,2025-12-24,0.356452,9513587
ada-cardano,ADA,2025-12-25,0.343356,2342941
ada-cardano,ADA,2025-12-26,0.349439,4063822
ada-cardano,ADA,2025-12-27,0.36962,2750319
ada-cardano,ADA,2025-12-28,0.368343,3978165
ada-cardano,ADA,2025-12-29,0.35281,26457796
ada-cardano,ADA,2025-12-30,0.35099,4173285
ada-cardano,ADA,2025-12-31,0.332773,8259013
ada-cardano,ADA,2026-01-01,0.355952,4980791
ada-cardano,ADA,2026-01-02,0.394723,15152600
ada-cardano,ADA,2026-01-03,0.389322,4613014
ada-cardano,ADA,2026-01-04,0.400499,6024334
ada-cardano,ADA,2026-01-05,0.421194,8616705
ada-cardano,ADA,2026-01-06,0.419381,11938502
ada-cardano,ADA,2026-01-07,0.401964,5219524
ada-cardano,ADA,2026-01-08,0.395482,4933198
ada-cardano,ADA,2026-01-09,0.390926,5116657
ada-cardano,ADA,2026-01-10,0.388097,1533587
ada-cardano,ADA,2026-01-11,0.390368,2986399
ada-cardano,ADA,2026-01-12,0.385749,4958651
ada-cardano,ADA,2026-01-13,0.421474,6232955
ada-cardano,ADA,2026-01-14,0.414141,8445219
ada-cardano,ADA,2026-01-15,0.393514,6584509
ada-cardano,ADA,2026-01-16,0.395379,3443401
ada-cardano,ADA,2026-01-17,0.396997,2346947
ada-cardano,ADA,2026-01-18,0.375443,2662484
ada-cardano,ADA,2026-01-19,0.370037,7196750
ada-cardano,ADA,2026-01-20,0.350175,5028980
ada-cardano,ADA,2026-01-21,0.365612,7898271
ada-cardano,ADA,2026-01-22,0.358932,3941242
ada-cardano,ADA,2026-01-23,0.35995,1884514
ada-cardano,ADA,2026-01-24,0.357823,715618
ada-cardano,ADA,2026-01-25,0.338709,3123674
ada-cardano,ADA,2026-01-26,0.351841,4369141
ada-cardano,ADA,2026-01-27,0.36011,3262962
ada-cardano,ADA,2026-01-28,0.357892,3917857
ada-cardano,ADA,2026-01-29,0.334179,5850952
ada-cardano,ADA,2026-01-30,0.320263,6528513
ada-cardano,ADA,2026-01-31,0.293054,15818099
ada-cardano,ADA,2026-02-01,0.285338,5851407
ada-cardano,ADA,2026-02-02,0.298662,14421464
ada-cardano,ADA,2026-02-03,0.291372,8182587
ada-cardano,ADA,2026-02-04,0.285825,6264266
ada-cardano,ADA,2026-02-05,0.245061,11589657
ada-cardano,ADA,2026-02-06,0.275981,18829845
ada-cardano,ADA,2026-02-07,0.272198,4155474
ada-cardano,ADA,2026-02-08,0.269729,2023817
ada-cardano,ADA,2026-02-09,0.269662,4109524
ada-cardano,ADA,2026-02-10,0.261732,1924497
ada-cardano,ADA,2026-02-11,0.255633,2744402
ada-cardano,ADA,2026-02-12,0.264081,2395662
ada-cardano,ADA,2026-02-13,0.272727,3568566
ada-cardano,ADA,2026-02-14,0.294934,4845705
ada-cardano,ADA,2026-02-15,0.281639,3178055
ada-cardano,ADA,2026-02-16,0.285715,2442199
ada-cardano,ADA,2026-02-17,0.280827,2994533
ada-cardano,ADA,2026-02-18,0.273424,2795144
ada-cardano,ADA,2026-02-19,0.272686,2443965
ada-cardano,ADA,2026-02-20,0.284758,5410088
ada-cardano,ADA,2026-02-21,0.28,2322397
ada-cardano,ADA,2026-02-22,0.27155,1571569
ada-cardano,ADA,2026-02-23,0.262165,3874268
ada-cardano,ADA,2026-02-24,0.258677,3146090
ada-cardano,ADA,2026-02-25,0.297067,11511407
ada-cardano,ADA,2026-02-26,0.286949,5276732
ada-cardano,ADA,2026-02-27,0.277714,3996851
ada-cardano,ADA,2026-02-28,0.281052,6011573
ada-cardano,ADA,2026-03-01,0.273294,4183952
ada-cardano,ADA,2026-03-02,0.276875,5001673
ada-cardano,ADA,2026-03-03,0.262678,2554447
ada-cardano,ADA,2026-03-04,0.276398,7724373
ada-cardano,ADA,2026-03-05,0.268937,4025482
ada-cardano,ADA,2026-03-06,0.259055,3202489
ada-cardano,ADA,2026-03-07,0.254505,2071967
ada-cardano,ADA,2026-03-08,0.249012,1838026
ada-cardano,ADA,2026-03-09,0.255151,3295941
ada-cardano,ADA,2026-03-10,0.262061,4634969
ada-cardano,ADA,2026-03-11,0.262387,2304012
ada-cardano,ADA,2026-03-12,0.26347,1474049
ada-cardano,ADA,2026-03-13,0.265661,4435918
ada-cardano,ADA,2026-03-14,0.26362,1911624
ada-cardano,ADA,2026-03-15,0.270209,1831782
ada-cardano,ADA,2026-03-16,0.290322,6940580
ada-cardano,ADA,2026-03-17,0.289207,3141367
ada-cardano,ADA,2026-03-18,0.274268,3685484
ada-cardano,ADA,2026-03-19,0.267447,2924530
ada-cardano,ADA,2026-03-20,0.265981,2636315
ada-cardano,ADA,2026-03-21,0.257401,1816350
ada-cardano,ADA,2026-03-22,0.250706,2393212
ada-cardano,ADA,2026-03-23,0.261567,3271345
ada-cardano,ADA,2026-03-24,0.266331,1935985
ada-cardano,ADA,2026-03-25,0.270397,3719912
ada-cardano,ADA,2026-03-26,0.254512,2285884
ada-cardano,ADA,2026-03-27,0.245881,4653054
ada-cardano,ADA,2026-03-28,0.245663,2016271
ada-cardano,ADA,2026-03-29,0.239559,3896381
ada-cardano,ADA,2026-03-30,0.243175,3886043
ada-cardano,ADA,2026-03-31,0.241534,5061947
ada-cardano,ADA,2026-04-01,0.248494,3078213
ada-cardano,ADA,2026-04-02,0.239243,4237968
ada-cardano,ADA,2026-04-03,0.24632,2468378
ada-cardano,ADA,2026-04-04,0.247945,2251977
ada-cardano,ADA,2026-04-05,0.250699,3412633
ada-cardano,ADA,2026-04-06,0.24613,7045927
ada-cardano,ADA,2026-04-07,0.262504,5702158
ada-cardano,ADA,2026-04-08,0.250694,2985611
ada-cardano,ADA,2026-04-09,0.254074,2651782
ada-cardano,ADA,2026-04-10,0.254223,3825556
ada-cardano,ADA,2026-04-11,0.249579,2675189
ada-cardano,ADA,2026-04-12,0.236183,3025126
ada-cardano,ADA,2026-04-13,0.24874,3543642
ada-cardano,ADA,2026-04-14,0.239727,2658187
ada-cardano,ADA,2026-04-15,0.245778,2318082
ada-cardano,ADA,2026-04-16,0.25943,4464228
ada-cardano,ADA,2026-04-17,0.258797,5184078
ada-cardano,ADA,2026-04-18,0.249177,1687724
ada-cardano,ADA,2026-04-19,0.242579,2342826
ada-cardano,ADA,2026-04-20,0.248052,1934015
ada-cardano,ADA,2026-04-21,0.249931,1452360
ada-cardano,ADA,2026-04-22,0.248474,3354320
ada-cardano,ADA,2026-04-23,0.249875,2087587
ada-cardano,ADA,2026-04-24,0.250405,2795222
ada-cardano,ADA,2026-04-25,0.250354,1892105
ada-cardano,ADA,2026-04-26,0.252199,1212867
ada-cardano,ADA,2026-04-27,0.248192,2223346
ada-cardano,ADA,2026-04-28,0.246751,961054
ada-cardano,ADA,2026-04-29,0.244505,9125069
ada-cardano,ADA,2026-04-30,0.246103,1026990
ada-cardano,ADA,2026-05-01,0.248139,1191286
ada-cardano,ADA,2026-05-02,0.250054,608933
ada-cardano,ADA,2026-05-03,0.249454,876236
ada-cardano,ADA,2026-05-04,0.249914,3648817
ada-cardano,ADA,2026-05-05,0.262171,5843237
ada-cardano,ADA,2026-05-06,0.266772,3626095
ada-cardano,ADA,2026-05-07,0.26266,1999675
ada-cardano,ADA,2026-05-08,0.273366,2982881
ada-cardano,ADA,2026-05-09,0.270897,1955507
ada-cardano,ADA,2026-05-10,0.282065,5559525
ada-cardano,ADA,2026-05-11,0.28056,8213468
ada-cardano,ADA,2026-05-12,0.27103,5008990
ada-cardano,ADA,2026-05-13,0.264558,3156847
ada-cardano,ADA,2026-05-14,0.270395,3339255
ada-cardano,ADA,2026-05-15,0.26162,2263797
ada-cardano,ADA,2026-05-16,0.255139,1806338
ada-cardano,ADA,2026-05-17,0.252114,1822083
ada-cardano,ADA,2026-05-18,0.251537,2946081
ada-cardano,ADA,2026-05-19,0.248076,1803432
ada-cardano,ADA,2026-05-20,0.24905,7450713
ada-cardano,ADA,2026-05-21,0.250304,5032822
ada-cardano,ADA,2026-05-22,0.2423,7029065
ada-cardano,ADA,2026-05-23,0.245817,4820946
ada-cardano,ADA,2026-05-24,0.242074,1229030
ada-cardano,ADA,2026-05-25,0.243456,1582156
ada-cardano,ADA,2026-05-26,0.239756,1367719
ada-cardano,ADA,2026-05-27,0.237104,1543784
ada-cardano,ADA,2026-05-28,0.234658,5640128
ada-cardano,ADA,2026-05-29,0.232643,2659172
ada-cardano,ADA,2026-05-30,0.235641,6822099
ada-cardano,ADA,2026-05-31,0.235375,2068322
ada-cardano,ADA,2026-06-01,0.230663,4929864
ada-cardano,ADA,2026-06-02,0.212582,8970150
ada-cardano,ADA,2026-06-03,0.200069,8587043
ada-cardano,ADA,2026-06-04,0.179631,19375479
ada-cardano,ADA,2026-06-05,0.156622,23178785
ada-cardano,ADA,2026-06-06,0.15719,10545725
ada-cardano,ADA,2026-06-07,0.16506,9904078
ada-cardano,ADA,2026-06-08,0.170237,7765094
ada-cardano,ADA,2026-06-09,0.165176,6248731
ada-cardano,ADA,2026-06-10,0.160412,5363967
ada-cardano,ADA,2026-06-11,0.170488,8844053
ada-cardano,ADA,2026-06-12,0.16957,9960175
ada-cardano,ADA,2026-06-13,0.171628,10001341
ada-cardano,ADA,2026-06-14,0.182918,7570786
ada-cardano,ADA,2026-06-15,0.178556,18223225
ada-cardano,ADA,2026-06-16,0.172282,8991713
ada-cardano,ADA,2026-06-17,0.166609,9476270
ada-cardano,ADA,2026-06-18,0.163506,4368323
ada-cardano,ADA,2026-06-19,0.161971,4983212
ada-cardano,ADA,2026-06-20,0.163069,4234343
ada-cardano,ADA,2026-06-21,0.15641,3598888
ada-cardano,ADA,2026-06-22,0.158371,4940592
ada-cardano,ADA,2026-06-23,0.151415,6683755
ada-cardano,ADA,2026-06-24,0.1475,8418554
ada-cardano,ADA,2026-06-25,0.143471,8489811
ada-cardano,ADA,2026-06-26,0.148268,6567029
ada-cardano,ADA,2026-06-27,0.14506,2643093
ada-cardano,ADA,2026-06-28,0.143675,2709491
ada-cardano,ADA,2026-06-29,0.145624,5018135
ada-cardano,ADA,2026-06-30,0.144183,4396354
ada-cardano,ADA,2026-07-01,0.153857,11450491
ada-cardano,ADA,2026-07-02,0.161119,6739095
ada-cardano,ADA,2026-07-03,0.179775,15349248
ada-cardano,ADA,2026-07-04,0.191998,15200278
ada-cardano,ADA,2026-07-05,0.189352,9803919
ada-cardano,ADA,2026-07-06,0.18405,9264570
ada-cardano,ADA,2026-07-07,0.174365,5451968
ada-cardano,ADA,2026-07-08,0.166937,7474763
ada-cardano,ADA,2026-07-09,0.166444,6877998
ada-cardano,ADA,2026-07-10,0.166438,4489320
ada-cardano,ADA,2026-07-11,0.165644,4622970
ada-cardano,ADA,2026-07-12,0.162014,4277790
ada-cardano,ADA,2026-07-13,0.157214,4134259
ada-cardano,ADA,2026-07-14,0.16543,10751503
ada-cardano,ADA,2026-07-15,0.165013,4937419
ada-cardano,ADA,2026-07-16,0.160608,3190079
ada-cardano,ADA,2026-07-17,0.166456,9712429
ada-cardano,ADA,2026-07-18,0.166669,3297457
ada-cardano,ADA,2026-07-19,0.166122,2337664
ada-cardano,ADA,2026-07-20,0.169641,7787023
ada-cardano,ADA,2026-07-21,0.173612,7501071
ada-cardano,ADA,2026-07-22,0.174371,6380711
ada-cardano,ADA,2026-07-23,0.168457,4118756
ada-cardano,ADA,2026-07-24,0.163877,2109378
ada-cardano,ADA,2026-07-25,0.164649,2562404
ada-cardano,ADA,2026-07-26,0.165721,2213400
ada-cardano,ADA,2026-07-27,0.155498,3017533
ada-cardano,ADA,2026-07-28,0.161703,5036357
ada-cardano,ADA,2026-07-29,0.162045,8897155
ada-cardano,ADA,2026-07-30,0.169677,7810805
ada-cardano,ADA,2026-07-31,0.168056,5528469
ada-cardano,ADA,2026-08-01,0.174332,5648398
ada-cardano,ADA,2026-08-02,0.18936,13490531
ada-cardano,ADA,2026-08-03,0.19348,16984206
ada-cardano,ADA,2026-08-04,0.192786,6272228
ada-cardano,ADA,2026-08-05,0.191279,7394001
ada-cardano,ADA,2026-08-06,0.201075,21967055
ada-cardano,ADA,2026-08-07,0.200744,8606506
ada-cardano,ADA,2026-08-08,0.199331,3096174
ada-cardano,ADA,2026-08-09,0.194547,3123338
ada-cardano,ADA,2026-08-10,0.190622,4517910
ada-cardano,ADA,2026-08-11,0.186949,6673188
ada-cardano,ADA,2026-08-12,0.182561,8112397
ada-cardano,ADA,2026-08-13,0.182317,3590529
ada-cardano,ADA,2026-08-14,0.179975,2780814
ada-cardano,ADA,2026-08-15,0.176312,2909372
ada-cardano,ADA,2026-08-16,0.174663,2373798
ada-cardano,ADA,2026-08-17,0.174024,4860307
ada-cardano,ADA,2026-08-18,0.174438,3296659
ada-cardano,ADA,2026-08-19,0.186943,8753341
ada-cardano,ADA,2026-08-20,0.198948,15288394
ada-cardano,ADA,2026-08-21,0.229123,20821179
ada-cardano,ADA,2026-08-22,0.225965,20896773
ada-cardano,ADA,2026-08-23,0.226972,11327032
ada-cardano,ADA,2026-08-24,0.221749,8025110
ada-cardano,ADA,2026-08-25,0.209064,13029038
ada-cardano,ADA,2026-08-26,0.212482,6426762
ada-cardano,ADA,2026-08-27,0.213754,6839210
ada-cardano,ADA,2026-08-28,0.20318,5710636
ada-cardano,ADA,2026-08-29,0.201727,1371499
ada-cardano,ADA,2026-08-30,0.192926,3872920
ada-cardano,ADA,2026-08-31,0.197826,3247298
ada-cardano,ADA,2026-09-01,0.196545,5180900
ada-cardano,ADA,2026-09-02,0.201001,4595194
ada-cardano,ADA,2026-09-03,0.221123,12935455
ada-cardano,ADA,2026-09-04,0.211324,12108990
ada-cardano,ADA,2026-09-05,0.21834,9041774
ada-cardano,ADA,2026-09-06,0.22342,8415583
ada-cardano,ADA,2026-09-07,0.220416,9769042
ada-cardano,ADA,2026-09-08,0.219307,10114737
ada-cardano,ADA,2026-09-09,0.211856,7229296
ada-cardano,ADA,2026-09-10,0.204648,7987931
ada-cardano,ADA,2026-09-11,0.20628,10631613
ada-cardano,ADA,2026-09-12,0.20727,2692359
ada-cardano,ADA,2026-09-13,0.203565,3499857
ada-cardano,ADA,2026-09-14,0.208594,6901292
ada-cardano,ADA,2026-09-15,0.195348,7305904
ada-cardano,ADA,2026-09-16,0.196274,9732165
ada-cardano,ADA,2026-09-17,0.202477,7839707
ada-cardano,ADA,2026-09-18,0.224351,13028369
ada-cardano,ADA,2026-09-19,0.227951,10537563
ada-cardano,ADA,2026-09-20,0.227893,8400849
ada-cardano,ADA,2026-09-21,0.245384,15951397
ada-cardano,ADA,2026-09-22,0.25415,18522132
ada-cardano,ADA,2026-09-23,0.238452,14872378
ada-cardano,ADA,2026-09-24,0.247619,6195198
ada-cardano,ADA,2026-09-25,0.25874,9951502
ada-cardano,ADA,2026-09-26,0.253973,5677066
ada-cardano,ADA,2026-09-27,0.255058,5092428
ada-cardano,ADA,2026-09-28,0.247197,6634166
ada-cardano,ADA,2026-09-29,0.244478,7121028
ada-cardano,ADA,2026-09-30,0.244311,57254
xlm-stellar,XLM,2025-09-30,0.364037,1702528
xlm-stellar,XLM,2025-10-01,0.398374,4016113
xlm-stellar,XLM,2025-10-02,0.40831,5612967
xlm-stellar,XLM,2025-10-03,0.406269,3061428
xlm-stellar,XLM,2025-10-04,0.394159,2340220
xlm-stellar,XLM,2025-10-05,0.396192,3441063
xlm-stellar,XLM,2025-10-06,0.408828,4671948
xlm-stellar,XLM,2025-10-07,0.38396,3324099
xlm-stellar,XLM,2025-10-08,0.38835,2743742
xlm-stellar,XLM,2025-10-09,0.379567,2568183
xlm-stellar,XLM,2025-10-10,0.322731,11654451
xlm-stellar,XLM,2025-10-11,0.323,5891797
xlm-stellar,XLM,2025-10-12,0.342159,4136121
xlm-stellar,XLM,2025-10-13,0.351491,2994867
xlm-stellar,XLM,2025-10-14,0.337272,2915084
xlm-stellar,XLM,2025-10-15,0.324696,2626884
xlm-stellar,XLM,2025-10-16,0.312139,3640583
xlm-stellar,XLM,2025-10-17,0.30835,4360178
xlm-stellar,XLM,2025-10-18,0.314498,2111546
xlm-stellar,XLM,2025-10-19,0.317914,2092899
xlm-stellar,XLM,2025-10-20,0.324559,2071600
xlm-stellar,XLM,2025-10-21,0.314177,3148295
xlm-stellar,XLM,2025-10-22,0.308349,3188180
xlm-stellar,XLM,2025-10-23,0.31144,3196300
xlm-stellar,XLM,2025-10-24,0.319433,3007402
xlm-stellar,XLM,2025-10-25,0.32488,2347410
xlm-stellar,XLM,2025-10-26,0.33036,1861797
xlm-stellar,XLM,2025-10-27,0.322807,3288014
xlm-stellar,XLM,2025-10-28,0.318388,2342626
xlm-stellar,XLM,2025-10-29,0.316003,2454537
xlm-stellar,XLM,2025-10-30,0.298472,2144644
xlm-stellar,XLM,2025-10-31,0.304901,2157925
xlm-stellar,XLM,2025-11-01,0.305,552865
xlm-stellar,XLM,2025-11-02,0.305061,774235
xlm-stellar,XLM,2025-11-03,0.278178,2612728
xlm-stellar,XLM,2025-11-04,0.269559,3893220
xlm-stellar,XLM,2025-11-05,0.280213,4836350
xlm-stellar,XLM,2025-11-06,0.269621,4100512
xlm-stellar,XLM,2025-11-07,0.291621,2782474
xlm-stellar,XLM,2025-11-08,0.283271,1193508
xlm-stellar,XLM,2025-11-09,0.285888,2246845
xlm-stellar,XLM,2025-11-10,0.300379,3836315
xlm-stellar,XLM,2025-11-11,0.281489,1676287
xlm-stellar,XLM,2025-11-12,0.277655,1194301
xlm-stellar,XLM,2025-11-13,0.268502,2884108
xlm-stellar,XLM,2025-11-14,0.259257,3378535
xlm-stellar,XLM,2025-11-15,0.25939,1119906
xlm-stellar,XLM,2025-11-16,0.253838,1082861
xlm-stellar,XLM,2025-11-17,0.246876,1480503
xlm-stellar,XLM,2025-11-18,0.25579,2615802
xlm-stellar,XLM,2025-11-19,0.246277,4555558
xlm-stellar,XLM,2025-11-20,0.236707,2027890
xlm-stellar,XLM,2025-11-21,0.231821,4611986
xlm-stellar,XLM,2025-11-22,0.230125,1034187
xlm-stellar,XLM,2025-11-23,0.247684,1803133
xlm-stellar,XLM,2025-11-24,0.254811,3324097
xlm-stellar,XLM,2025-11-25,0.252076,2431747
xlm-stellar,XLM,2025-11-26,0.258803,1981853
xlm-stellar,XLM,2025-11-27,0.255706,2529103
xlm-stellar,XLM,2025-11-28,0.253466,2256948
xlm-stellar,XLM,2025-11-29,0.254197,588774
xlm-stellar,XLM,2025-11-30,0.247946,926109
xlm-stellar,XLM,2025-12-01,0.234005,2145561
xlm-stellar,XLM,2025-12-02,0.254537,1767024
xlm-stellar,XLM,2025-12-03,0.257963,3337069
xlm-stellar,XLM,2025-12-04,0.251943,2078940
xlm-stellar,XLM,2025-12-05,0.239992,2363987
xlm-stellar,XLM,2025-12-06,0.239628,702835
xlm-stellar,XLM,2025-12-07,0.237174,943688
xlm-stellar,XLM,2025-12-08,0.240972,843306
xlm-stellar,XLM,2025-12-09,0.253232,1093212
xlm-stellar,XLM,2025-12-10,0.250136,2040196
xlm-stellar,XLM,2025-12-11,0.245801,1265324
xlm-stellar,XLM,2025-12-12,0.238614,1544125
xlm-stellar,XLM,2025-12-13,0.237821,542461
xlm-stellar,XLM,2025-12-14,0.22922,695270
xlm-stellar,XLM,2025-12-15,0.220574,2297728
xlm-stellar,XLM,2025-12-16,0.219595,1289042
xlm-stellar,XLM,2025-12-17,0.210672,1836894
xlm-stellar,XLM,2025-12-18,0.206894,1463679
xlm-stellar,XLM,2025-12-19,0.219258,1523513
xlm-stellar,XLM,2025-12-20,0.218188,662788
xlm-stellar,XLM,2025-12-21,0.216508,354783
xlm-stellar,XLM,2025-12-22,0.220374,1148600
xlm-stellar,XLM,2025-12-23,0.217033,1100601
xlm-stellar,XLM,2025-12-24,0.212109,922156
xlm-stellar,XLM,2025-12-25,0.209933,593445
xlm-stellar,XLM,2025-12-26,0.213335,1367314
xlm-stellar,XLM,2025-12-27,0.220748,2553962
xlm-stellar,XLM,2025-12-28,0.220064,768263
xlm-stellar,XLM,2025-12-29,0.215909,1293587
xlm-stellar,XLM,2025-12-30,0.21047,1866020
xlm-stellar,XLM,2025-12-31,0.200517,3472881
xlm-stellar,XLM,2026-01-01,0.208356,1189191
xlm-stellar,XLM,2026-01-02,0.219115,1826179
xlm-stellar,XLM,2026-01-03,0.222185,850383
xlm-stellar,XLM,2026-01-04,0.233037,1913929
xlm-stellar,XLM,2026-01-05,0.25321,4231947
xlm-stellar,XLM,2026-01-06,0.243757,3537701
xlm-stellar,XLM,2026-01-07,0.233959,1874444
xlm-stellar,XLM,2026-01-08,0.230104,1158661
xlm-stellar,XLM,2026-01-09,0.228023,1187072
xlm-stellar,XLM,2026-01-10,0.226083,463859
xlm-stellar,XLM,2026-01-11,0.224113,681609
xlm-stellar,XLM,2026-01-12,0.219094,1179811
xlm-stellar,XLM,2026-01-13,0.238461,1559186
xlm-stellar,XLM,2026-01-14,0.236098,2747956
xlm-stellar,XLM,2026-01-15,0.228366,1484236
xlm-stellar,XLM,2026-01-16,0.225972,1192933
xlm-stellar,XLM,2026-01-17,0.230612,1551676
xlm-stellar,XLM,2026-01-18,0.21796,768695
xlm-stellar,XLM,2026-01-19,0.215615,2083407
xlm-stellar,XLM,2026-01-20,0.206841,1097016
xlm-stellar,XLM,2026-01-21,0.212401,2738599
xlm-stellar,XLM,2026-01-22,0.211296,854783
xlm-stellar,XLM,2026-01-23,0.2121,1189431
xlm-stellar,XLM,2026-01-24,0.211177,334945
xlm-stellar,XLM,2026-01-25,0.203051,1754609
xlm-stellar,XLM,2026-01-26,0.207095,949106
xlm-stellar,XLM,2026-01-27,0.208226,1355630
xlm-stellar,XLM,2026-01-28,0.210113,1340191
xlm-stellar,XLM,2026-01-29,0.198351,1481059
xlm-stellar,XLM,2026-01-30,0.191526,3130095
xlm-stellar,XLM,2026-01-31,0.180916,3880401
xlm-stellar,XLM,2026-02-01,0.17468,1751941
xlm-stellar,XLM,2026-02-02,0.17852,3221730
xlm-stellar,XLM,2026-02-03,0.175397,2902142
xlm-stellar,XLM,2026-02-04,0.17086,1504905
xlm-stellar,XLM,2026-02-05,0.146866,4592489
xlm-stellar,XLM,2026-02-06,0.16409,6429866
xlm-stellar,XLM,2026-02-07,0.16182,1817553
xlm-stellar,XLM,2026-02-08,0.161931,1531701
xlm-stellar,XLM,2026-02-09,0.15952,1452713
xlm-stellar,XLM,2026-02-10,0.15842,825907
xlm-stellar,XLM,2026-02-11,0.154638,1541023
xlm-stellar,XLM,2026-02-12,0.156179,1219756
xlm-stellar,XLM,2026-02-13,0.16452,1109540
xlm-stellar,XLM,2026-02-14,0.174385,1984502
xlm-stellar,XLM,2026-02-15,0.170288,2883182
xlm-stellar,XLM,2026-02-16,0.169669,681593
xlm-stellar,XLM,2026-02-17,0.165578,1641280
xlm-stellar,XLM,2026-02-18,0.161259,2016495
xlm-stellar,XLM,2026-02-19,0.15893,3192678
xlm-stellar,XLM,2026-02-20,0.162627,726472
xlm-stellar,XLM,2026-02-21,0.161023,442473
xlm-stellar,XLM,2026-02-22,0.154925,2008883
xlm-stellar,XLM,2026-02-23,0.151289,1640570
xlm-stellar,XLM,2026-02-24,0.149616,2045269
xlm-stellar,XLM,2026-02-25,0.16261,1618733
xlm-stellar,XLM,2026-02-26,0.16207,1109862
xlm-stellar,XLM,2026-02-27,0.158837,1274525
xlm-stellar,XLM,2026-02-28,0.159051,1490724
xlm-stellar,XLM,2026-03-01,0.154157,1292527
xlm-stellar,XLM,2026-03-02,0.1556,1255827
xlm-stellar,XLM,2026-03-03,0.151502,1067000
xlm-stellar,XLM,2026-03-04,0.159687,1797041
xlm-stellar,XLM,2026-03-05,0.1567,733680
xlm-stellar,XLM,2026-03-06,0.15223,1022759
xlm-stellar,XLM,2026-03-07,0.150418,350086
xlm-stellar,XLM,2026-03-08,0.14818,835922
xlm-stellar,XLM,2026-03-09,0.15074,741584
xlm-stellar,XLM,2026-03-10,0.158578,1681323
xlm-stellar,XLM,2026-03-11,0.15917,986737
xlm-stellar,XLM,2026-03-12,0.160004,863181
xlm-stellar,XLM,2026-03-13,0.164098,1167134
xlm-stellar,XLM,2026-03-14,0.16657,558964
xlm-stellar,XLM,2026-03-15,0.16924,934002
xlm-stellar,XLM,2026-03-16,0.17601,1578682
xlm-stellar,XLM,2026-03-17,0.17368,1505718
xlm-stellar,XLM,2026-03-18,0.17007,1859416
xlm-stellar,XLM,2026-03-19,0.165417,1430544
xlm-stellar,XLM,2026-03-20,0.16539,1217010
xlm-stellar,XLM,2026-03-21,0.162288,1168645
xlm-stellar,XLM,2026-03-22,0.155829,2527769
xlm-stellar,XLM,2026-03-23,0.166979,1686971
xlm-stellar,XLM,2026-03-24,0.17364,1063286
xlm-stellar,XLM,2026-03-25,0.17742,2555103
xlm-stellar,XLM,2026-03-26,0.173732,701611
xlm-stellar,XLM,2026-03-27,0.167295,1037378
xlm-stellar,XLM,2026-03-28,0.16789,715340
xlm-stellar,XLM,2026-03-29,0.164397,633520
xlm-stellar,XLM,2026-03-30,0.167229,1033758
xlm-stellar,XLM,2026-03-31,0.16728,591472
xlm-stellar,XLM,2026-04-01,0.16916,652447
xlm-stellar,XLM,2026-04-02,0.162994,834385
xlm-stellar,XLM,2026-04-03,0.16292,644577
xlm-stellar,XLM,2026-04-04,0.161851,1031165
xlm-stellar,XLM,2026-04-05,0.16265,633669
xlm-stellar,XLM,2026-04-06,0.15578,1399761
xlm-stellar,XLM,2026-04-07,0.1635,2249826
xlm-stellar,XLM,2026-04-08,0.157799,2098395
xlm-stellar,XLM,2026-04-09,0.15463,2208407
xlm-stellar,XLM,2026-04-10,0.15545,1033920
xlm-stellar,XLM,2026-04-11,0.153829,580046
xlm-stellar,XLM,2026-04-12,0.150502,1009792
xlm-stellar,XLM,2026-04-13,0.156391,922482
xlm-stellar,XLM,2026-04-14,0.154819,950849
xlm-stellar,XLM,2026-04-15,0.15775,1271438
xlm-stellar,XLM,2026-04-16,0.169308,2475370
xlm-stellar,XLM,2026-04-17,0.174275,2017781
xlm-stellar,XLM,2026-04-18,0.17044,1971290
xlm-stellar,XLM,2026-04-19,0.16666,820450
xlm-stellar,XLM,2026-04-20,0.17364,1548959
xlm-stellar,XLM,2026-04-21,0.179119,2102251
xlm-stellar,XLM,2026-04-22,0.17663,1840766
xlm-stellar,XLM,2026-04-23,0.17524,1496151
xlm-stellar,XLM,2026-04-24,0.17301,1891249
xlm-stellar,XLM,2026-04-25,0.16977,1388969
xlm-stellar,XLM,2026-04-26,0.17082,1176505
xlm-stellar,XLM,2026-04-27,0.166098,1972515
xlm-stellar,XLM,2026-04-28,0.16179,1996349
xlm-stellar,XLM,2026-04-29,0.159456,2474345
xlm-stellar,XLM,2026-04-30,0.15828,1581148
xlm-stellar,XLM,2026-05-01,0.159419,1902076
xlm-stellar,XLM,2026-05-02,0.159877,855876
xlm-stellar,XLM,2026-05-03,0.157843,993727
xlm-stellar,XLM,2026-05-04,0.157479,3085234
xlm-stellar,XLM,2026-05-05,0.159856,3257529
xlm-stellar,XLM,2026-05-06,0.161604,4729248
xlm-stellar,XLM,2026-05-07,0.158192,752346
xlm-stellar,XLM,2026-05-08,0.163456,3466786
xlm-stellar,XLM,2026-05-09,0.162548,3057488
xlm-stellar,XLM,2026-05-10,0.169456,4689194
xlm-stellar,XLM,2026-05-11,0.168522,1467730
xlm-stellar,XLM,2026-05-12,0.162345,4038419
xlm-stellar,XLM,2026-05-13,0.158889,3873076
xlm-stellar,XLM,2026-05-14,0.162215,4462227
xlm-stellar,XLM,2026-05-15,0.154647,4452844
xlm-stellar,XLM,2026-05-16,0.151702,2402272
xlm-stellar,XLM,2026-05-17,0.149351,3668881
xlm-stellar,XLM,2026-05-18,0.147132,3361828
xlm-stellar,XLM,2026-05-19,0.14338,2979349
xlm-stellar,XLM,2026-05-20,0.143684,3055615
xlm-stellar,XLM,2026-05-21,0.146524,1154010
xlm-stellar,XLM,2026-05-22,0.143404,1368396
xlm-stellar,XLM,2026-05-23,0.148032,838363
xlm-stellar,XLM,2026-05-24,0.147454,820133
xlm-stellar,XLM,2026-05-25,0.149729,894971
xlm-stellar,XLM,2026-05-26,0.147569,469672
xlm-stellar,XLM,2026-05-27,0.163742,4320695
xlm-stellar,XLM,2026-05-28,0.203488,15302084
xlm-stellar,XLM,2026-05-29,0.259684,16884872
xlm-stellar,XLM,2026-05-30,0.229182,23177610
xlm-stellar,XLM,2026-05-31,0.25926,14113948
xlm-stellar,XLM,2026-06-01,0.242681,17477913
xlm-stellar,XLM,2026-06-02,0.222173,16087204
xlm-stellar,XLM,2026-06-03,0.208543,16440099
xlm-stellar,XLM,2026-06-04,0.20133,14081107
xlm-stellar,XLM,2026-06-05,0.203285,12987787
xlm-stellar,XLM,2026-06-06,0.212,7647633
xlm-stellar,XLM,2026-06-07,0.205724,4636040
xlm-stellar,XLM,2026-06-08,0.202407,2693731
xlm-stellar,XLM,2026-06-09,0.192091,3697295
xlm-stellar,XLM,2026-06-10,0.182803,2825213
xlm-stellar,XLM,2026-06-11,0.191769,2395918
xlm-stellar,XLM,2026-06-12,0.18805,2451447
xlm-stellar,XLM,2026-06-13,0.186966,3123980
xlm-stellar,XLM,2026-06-14,0.191238,1993925
xlm-stellar,XLM,2026-06-15,0.213625,12024034
xlm-stellar,XLM,2026-06-16,0.21647,7003179
xlm-stellar,XLM,2026-06-17,0.225439,5791442
xlm-stellar,XLM,2026-06-18,0.234235,13117172
xlm-stellar,XLM,2026-06-19,0.218329,6235585
xlm-stellar,XLM,2026-06-20,0.216018,2641812
xlm-stellar,XLM,2026-06-21,0.209678,1669938
xlm-stellar,XLM,2026-06-22,0.202615,5932279
xlm-stellar,XLM,2026-06-23,0.194829,5703552
xlm-stellar,XLM,2026-06-24,0.185171,8477968
xlm-stellar,XLM,2026-06-25,0.178703,9108622
xlm-stellar,XLM,2026-06-26,0.17758,5616379
xlm-stellar,XLM,2026-06-27,0.173599,5422949
xlm-stellar,XLM,2026-06-28,0.17272,2071747
xlm-stellar,XLM,2026-06-29,0.17477,2249995
xlm-stellar,XLM,2026-06-30,0.18886,4795447
xlm-stellar,XLM,2026-07-01,0.197189,7020883
xlm-stellar,XLM,2026-07-02,0.198647,3465122
xlm-stellar,XLM,2026-07-03,0.203999,2915224
xlm-stellar,XLM,2026-07-04,0.206462,3159158
xlm-stellar,XLM,2026-07-05,0.203354,2231027
xlm-stellar,XLM,2026-07-06,0.199856,2868451
xlm-stellar,XLM,2026-07-07,0.188429,5232039
xlm-stellar,XLM,2026-07-08,0.181023,4104542
xlm-stellar,XLM,2026-07-09,0.186317,4159000
xlm-stellar,XLM,2026-07-10,0.190663,1823648
xlm-stellar,XLM,2026-07-11,0.186413,1645357
xlm-stellar,XLM,2026-07-12,0.186381,1417499
xlm-stellar,XLM,2026-07-13,0.1806,3391475
xlm-stellar,XLM,2026-07-14,0.184336,8340449
xlm-stellar,XLM,2026-07-15,0.188392,7703153
xlm-stellar,XLM,2026-07-16,0.18485,2942216
xlm-stellar,XLM,2026-07-17,0.185367,2455148
xlm-stellar,XLM,2026-07-18,0.187565,646680
xlm-stellar,XLM,2026-07-19,0.188036,1593026
xlm-stellar,XLM,2026-07-20,0.18841,2636251
xlm-stellar,XLM,2026-07-21,0.191873,8275855
xlm-stellar,XLM,2026-07-22,0.187351,9385293
xlm-stellar,XLM,2026-07-23,0.182123,5722021
xlm-stellar,XLM,2026-07-24,0.17778,1880054
xlm-stellar,XLM,2026-07-25,0.178,1121391
xlm-stellar,XLM,2026-07-26,0.182457,957088
xlm-stellar,XLM,2026-07-27,0.17188,4380825
xlm-stellar,XLM,2026-07-28,0.173913,2065741
xlm-stellar,XLM,2026-07-29,0.171756,1521678
xlm-stellar,XLM,2026-07-30,0.171821,1072488
xlm-stellar,XLM,2026-07-31,0.17203,2542271
xlm-stellar,XLM,2026-08-01,0.1707,781686
xlm-stellar,XLM,2026-08-02,0.17399,1271668
xlm-stellar,XLM,2026-08-03,0.171091,2483977
xlm-stellar,XLM,2026-08-04,0.16848,4279542
xlm-stellar,XLM,2026-08-05,0.16471,4904674
xlm-stellar,XLM,2026-08-06,0.16123,3951732
xlm-stellar,XLM,2026-08-07,0.161319,1033959
xlm-stellar,XLM,2026-08-08,0.164389,932551
xlm-stellar,XLM,2026-08-09,0.162331,2454804
xlm-stellar,XLM,2026-08-10,0.161323,1080419
xlm-stellar,XLM,2026-08-11,0.161821,1344061
xlm-stellar,XLM,2026-08-12,0.159332,1064882
xlm-stellar,XLM,2026-08-13,0.159442,1084583
xlm-stellar,XLM,2026-08-14,0.158009,948553
xlm-stellar,XLM,2026-08-15,0.157874,501533
xlm-stellar,XLM,2026-08-16,0.156167,452325
xlm-stellar,XLM,2026-08-17,0.157984,783657
xlm-stellar,XLM,2026-08-18,0.15475,918144
xlm-stellar,XLM,2026-08-19,0.170258,3024876
xlm-stellar,XLM,2026-08-20,0.181613,6028452
xlm-stellar,XLM,2026-08-21,0.20168,5530868
xlm-stellar,XLM,2026-08-22,0.19574,11488060
xlm-stellar,XLM,2026-08-23,0.199768,4038534
xlm-stellar,XLM,2026-08-24,0.193688,3416624
xlm-stellar,XLM,2026-08-25,0.1824,3481353
xlm-stellar,XLM,2026-08-26,0.185392,1721707
xlm-stellar,XLM,2026-08-27,0.187341,1898933
xlm-stellar,XLM,2026-08-28,0.179515,1706663
xlm-stellar,XLM,2026-08-29,0.179755,639949
xlm-stellar,XLM,2026-08-30,0.174615,1162660
xlm-stellar,XLM,2026-08-31,0.1773,691301
xlm-stellar,XLM,2026-09-01,0.175757,1109092
xlm-stellar,XLM,2026-09-02,0.175636,974178
xlm-stellar,XLM,2026-09-03,0.184464,1731126
xlm-stellar,XLM,2026-09-04,0.17955,1497058
xlm-stellar,XLM,2026-09-05,0.18386,1233485
xlm-stellar,XLM,2026-09-06,0.187755,1015128
xlm-stellar,XLM,2026-09-07,0.193627,2948532
xlm-stellar,XLM,2026-09-08,0.187772,2177938
xlm-stellar,XLM,2026-09-09,0.181093,3368061
xlm-stellar,XLM,2026-09-10,0.174542,3469551
xlm-stellar,XLM,2026-09-11,0.178308,2743663
xlm-stellar,XLM,2026-09-12,0.180071,1274542
xlm-stellar,XLM,2026-09-13,0.17714,862358
xlm-stellar,XLM,2026-09-14,0.19163,5053337
xlm-stellar,XLM,2026-09-15,0.175927,8572647
xlm-stellar,XLM,2026-09-16,0.183663,4366901
xlm-stellar,XLM,2026-09-17,0.183246,2944815
xlm-stellar,XLM,2026-09-18,0.193117,6373679
xlm-stellar,XLM,2026-09-19,0.196154,4957034
xlm-stellar,XLM,2026-09-20,0.197247,3394597
xlm-stellar,XLM,2026-09-21,0.215599,8472143
xlm-stellar,XLM,2026-09-22,0.216284,5565135
xlm-stellar,XLM,2026-09-23,0.202098,7282971
xlm-stellar,XLM,2026-09-24,0.217578,9898002
xlm-stellar,XLM,2026-09-25,0.220348,13367409
xlm-stellar,XLM,2026-09-26,0.216446,1983070
xlm-stellar,XLM,2026-09-27,0.215822,3661202
xlm-stellar,XLM,2026-09-28,0.232337,18319643
xlm-stellar,XLM,2026-09-29,0.222245,14535441
xlm-stellar,XLM,2026-09-30,0.221478,187099
near-near-protocol,NEAR,2025-09-30,2.631,832468
near-near-protocol,NEAR,2025-10-01,2.832,936260
near-near-protocol,NEAR,2025-10-02,2.973,1370100
near-near-protocol,NEAR,2025-10-03,3.034,1797035
near-near-protocol,NEAR,2025-10-04,2.965,594543
near-near-protocol,NEAR,2025-10-05,2.958,1284339
near-near-protocol,NEAR,2025-10-06,3.051,1102071
near-near-protocol,NEAR,2025-10-07,2.95,1096385
near-near-protocol,NEAR,2025-10-08,2.965,775501
near-near-protocol,NEAR,2025-10-09,2.884,1460135
near-near-protocol,NEAR,2025-10-10,2.39,7718146
near-near-protocol,NEAR,2025-10-11,2.299,1998392
near-near-protocol,NEAR,2025-10-12,2.461,1683626
near-near-protocol,NEAR,2025-10-13,2.619,1405800
near-near-protocol,NEAR,2025-10-14,2.462,1626718
near-near-protocol,NEAR,2025-10-15,2.326,868386
near-near-protocol,NEAR,2025-10-16,2.198,938358
near-near-protocol,NEAR,2025-10-17,2.149,1225790
near-near-protocol,NEAR,2025-10-18,2.163,537529
near-near-protocol,NEAR,2025-10-19,2.258,729621
near-near-protocol,NEAR,2025-10-20,2.26,602666
near-near-protocol,NEAR,2025-10-21,2.222,565566
near-near-protocol,NEAR,2025-10-22,2.165,798138
near-near-protocol,NEAR,2025-10-23,2.202,343853
near-near-protocol,NEAR,2025-10-24,2.271,485291
near-near-protocol,NEAR,2025-10-25,2.278,432834
near-near-protocol,NEAR,2025-10-26,2.37,685764
near-near-protocol,NEAR,2025-10-27,2.332,835736
near-near-protocol,NEAR,2025-10-28,2.236,787051
near-near-protocol,NEAR,2025-10-29,2.272,636074
near-near-protocol,NEAR,2025-10-30,2.1,905316
near-near-protocol,NEAR,2025-10-31,2.097,382751
near-near-protocol,NEAR,2025-11-01,2.175,528899
near-near-protocol,NEAR,2025-11-02,2.195,893040
near-near-protocol,NEAR,2025-11-03,1.911,1783944
near-near-protocol,NEAR,2025-11-04,1.833,1363819
near-near-protocol,NEAR,2025-11-05,1.951,1145730
near-near-protocol,NEAR,2025-11-06,2.097,4093847
near-near-protocol,NEAR,2025-11-07,2.758,22059233
near-near-protocol,NEAR,2025-11-08,2.941,19447425
near-near-protocol,NEAR,2025-11-09,3.084,12576498
near-near-protocol,NEAR,2025-11-10,2.788,10442475
near-near-protocol,NEAR,2025-11-11,2.549,5096798
near-near-protocol,NEAR,2025-11-12,2.533,1747078
near-near-protocol,NEAR,2025-11-13,2.445,2290820
near-near-protocol,NEAR,2025-11-14,2.36,2479336
near-near-protocol,NEAR,2025-11-15,2.405,2540380
near-near-protocol,NEAR,2025-11-16,2.284,6483555
near-near-protocol,NEAR,2025-11-17,2.267,5609524
near-near-protocol,NEAR,2025-11-18,2.28,6910224
near-near-protocol,NEAR,2025-11-19,2.375,4760643
near-near-protocol,NEAR,2025-11-20,2.07,2989089
near-near-protocol,NEAR,2025-11-21,1.862,2254885
near-near-protocol,NEAR,2025-11-22,1.84,1890824
near-near-protocol,NEAR,2025-11-23,1.82,623609
near-near-protocol,NEAR,2025-11-24,1.906,1711531
near-near-protocol,NEAR,2025-11-25,1.911,1229113
near-near-protocol,NEAR,2025-11-26,1.938,1197814
near-near-protocol,NEAR,2025-11-27,1.907,608220
near-near-protocol,NEAR,2025-11-28,1.881,665650
near-near-protocol,NEAR,2025-11-29,1.851,311652
near-near-protocol,NEAR,2025-11-30,1.802,369396
near-near-protocol,NEAR,2025-12-01,1.628,1933057
near-near-protocol,NEAR,2025-12-02,1.805,1004763
near-near-protocol,NEAR,2025-12-03,1.844,604980
near-near-protocol,NEAR,2025-12-04,1.795,624469
near-near-protocol,NEAR,2025-12-05,1.684,464202
near-near-protocol,NEAR,2025-12-06,1.71,200330
near-near-protocol,NEAR,2025-12-07,1.704,308536
near-near-protocol,NEAR,2025-12-08,1.745,466724
near-near-protocol,NEAR,2025-12-09,1.811,991340
near-near-protocol,NEAR,2025-12-10,1.762,560832
near-near-protocol,NEAR,2025-12-11,1.67,513763
near-near-protocol,NEAR,2025-12-12,1.637,640084
near-near-protocol,NEAR,2025-12-13,1.666,176830
near-near-protocol,NEAR,2025-12-14,1.594,612997
near-near-protocol,NEAR,2025-12-15,1.544,924252
near-near-protocol,NEAR,2025-12-16,1.567,839659
near-near-protocol,NEAR,2025-12-17,1.48,1091593
near-near-protocol,NEAR,2025-12-18,1.426,1226456
near-near-protocol,NEAR,2025-12-19,1.538,879205
near-near-protocol,NEAR,2025-12-20,1.522,291820
near-near-protocol,NEAR,2025-12-21,1.51,227436
near-near-protocol,NEAR,2025-12-22,1.504,430482
near-near-protocol,NEAR,2025-12-23,1.486,494571
near-near-protocol,NEAR,2025-12-24,1.453,492556
near-near-protocol,NEAR,2025-12-25,1.439,290681
near-near-protocol,NEAR,2025-12-26,1.519,454041
near-near-protocol,NEAR,2025-12-27,1.594,451731
near-near-protocol,NEAR,2025-12-28,1.582,378455
near-near-protocol,NEAR,2025-12-29,1.522,1056347
near-near-protocol,NEAR,2025-12-30,1.514,611173
near-near-protocol,NEAR,2025-12-31,1.512,620567
near-near-protocol,NEAR,2026-01-01,1.628,828578
near-near-protocol,NEAR,2026-01-02,1.691,1233838
near-near-protocol,NEAR,2026-01-03,1.71,472874
near-near-protocol,NEAR,2026-01-04,1.724,385937
near-near-protocol,NEAR,2026-01-05,1.773,1374113
near-near-protocol,NEAR,2026-01-06,1.808,1162955
near-near-protocol,NEAR,2026-01-07,1.718,611438
near-near-protocol,NEAR,2026-01-08,1.684,555693
near-near-protocol,NEAR,2026-01-09,1.701,947470
near-near-protocol,NEAR,2026-01-10,1.686,246688
near-near-protocol,NEAR,2026-01-11,1.699,506030
near-near-protocol,NEAR,2026-01-12,1.673,657531
near-near-protocol,NEAR,2026-01-13,1.855,1715108
near-near-protocol,NEAR,2026-01-14,1.799,1379139
near-near-protocol,NEAR,2026-01-15,1.72,543960
near-near-protocol,NEAR,2026-01-16,1.732,488173
near-near-protocol,NEAR,2026-01-17,1.748,421780
near-near-protocol,NEAR,2026-01-18,1.629,347932
near-near-protocol,NEAR,2026-01-19,1.596,1276031
near-near-protocol,NEAR,2026-01-20,1.505,1005557
near-near-protocol,NEAR,2026-01-21,1.526,529258
near-near-protocol,NEAR,2026-01-22,1.512,526640
near-near-protocol,NEAR,2026-01-23,1.507,329973
near-near-protocol,NEAR,2026-01-24,1.505,444896
near-near-protocol,NEAR,2026-01-25,1.431,644461
near-near-protocol,NEAR,2026-01-26,1.464,318455
near-near-protocol,NEAR,2026-01-27,1.488,247566
near-near-protocol,NEAR,2026-01-28,1.488,137373
near-near-protocol,NEAR,2026-01-29,1.374,1167214
near-near-protocol,NEAR,2026-01-30,1.314,585174
near-near-protocol,NEAR,2026-01-31,1.203,988370
near-near-protocol,NEAR,2026-02-01,1.173,359601
near-near-protocol,NEAR,2026-02-02,1.197,440675
near-near-protocol,NEAR,2026-02-03,1.175,592102
near-near-protocol,NEAR,2026-02-04,1.158,691154
near-near-protocol,NEAR,2026-02-05,0.975,1269678
near-near-protocol,NEAR,2026-02-06,1.087,1246938
near-near-protocol,NEAR,2026-02-07,1.075,562283
near-near-protocol,NEAR,2026-02-08,1.037,201079
near-near-protocol,NEAR,2026-02-09,1.03,696098
near-near-protocol,NEAR,2026-02-10,0.991,531037
near-near-protocol,NEAR,2026-02-11,0.961,310018
near-near-protocol,NEAR,2026-02-12,0.961,1092699
near-near-protocol,NEAR,2026-02-13,1.023,570517
near-near-protocol,NEAR,2026-02-14,1.084,507991
near-near-protocol,NEAR,2026-02-15,1.05,294174
near-near-protocol,NEAR,2026-02-16,1.059,1068278
near-near-protocol,NEAR,2026-02-17,1.042,467519
near-near-protocol,NEAR,2026-02-18,1.012,567944
near-near-protocol,NEAR,2026-02-19,1.007,252604
near-near-protocol,NEAR,2026-02-20,1.051,443772
near-near-protocol,NEAR,2026-02-21,1.057,332747
near-near-protocol,NEAR,2026-02-22,1.023,516446
near-near-protocol,NEAR,2026-02-23,0.978,373969
near-near-protocol,NEAR,2026-02-24,0.968,572111
near-near-protocol,NEAR,2026-02-25,1.173,1770588
near-near-protocol,NEAR,2026-02-26,1.128,1052498
near-near-protocol,NEAR,2026-02-27,1.094,991948
near-near-protocol,NEAR,2026-02-28,1.173,1940825
near-near-protocol,NEAR,2026-03-01,1.148,1381526
near-near-protocol,NEAR,2026-03-02,1.358,7948073
near-near-protocol,NEAR,2026-03-03,1.356,6754144
near-near-protocol,NEAR,2026-03-04,1.312,4442255
near-near-protocol,NEAR,2026-03-05,1.277,1669759
near-near-protocol,NEAR,2026-03-06,1.227,1507381
near-near-protocol,NEAR,2026-03-07,1.212,516768
near-near-protocol,NEAR,2026-03-08,1.21,2124734
near-near-protocol,NEAR,2026-03-09,1.232,2363068
near-near-protocol,NEAR,2026-03-10,1.285,1394388
near-near-protocol,NEAR,2026-03-11,1.298,1172653
near-near-protocol,NEAR,2026-03-12,1.368,1765043
near-near-protocol,NEAR,2026-03-13,1.336,1717444
near-near-protocol,NEAR,2026-03-14,1.327,538332
near-near-protocol,NEAR,2026-03-15,1.35,2373064
near-near-protocol,NEAR,2026-03-16,1.49,2198200
near-near-protocol,NEAR,2026-03-17,1.453,1526120
near-near-protocol,NEAR,2026-03-18,1.385,1214226
near-near-protocol,NEAR,2026-03-19,1.335,656182
near-near-protocol,NEAR,2026-03-20,1.315,665760
near-near-protocol,NEAR,2026-03-21,1.275,224259
near-near-protocol,NEAR,2026-03-22,1.277,383888
near-near-protocol,NEAR,2026-03-23,1.311,890507
near-near-protocol,NEAR,2026-03-24,1.291,460077
near-near-protocol,NEAR,2026-03-25,1.279,675658
near-near-protocol,NEAR,2026-03-26,1.223,526596
near-near-protocol,NEAR,2026-03-27,1.179,926942
near-near-protocol,NEAR,2026-03-28,1.173,225326
near-near-protocol,NEAR,2026-03-29,1.163,237059
near-near-protocol,NEAR,2026-03-30,1.161,1884156
near-near-protocol,NEAR,2026-03-31,1.186,707738
near-near-protocol,NEAR,2026-04-01,1.19,1125072
near-near-protocol,NEAR,2026-04-02,1.162,996544
near-near-protocol,NEAR,2026-04-03,1.209,844760
near-near-protocol,NEAR,2026-04-04,1.257,997346
near-near-protocol,NEAR,2026-04-05,1.247,1039154
near-near-protocol,NEAR,2026-04-06,1.25,828650
near-near-protocol,NEAR,2026-04-07,1.31,732929
near-near-protocol,NEAR,2026-04-08,1.331,886841
near-near-protocol,NEAR,2026-04-09,1.367,1572118
near-near-protocol,NEAR,2026-04-10,1.362,1099332
near-near-protocol,NEAR,2026-04-11,1.404,627017
near-near-protocol,NEAR,2026-04-12,1.346,566745
near-near-protocol,NEAR,2026-04-13,1.42,1740713
near-near-protocol,NEAR,2026-04-14,1.356,789287
near-near-protocol,NEAR,2026-04-15,1.409,684284
near-near-protocol,NEAR,2026-04-16,1.434,784377
near-near-protocol,NEAR,2026-04-17,1.41,1541277
near-near-protocol,NEAR,2026-04-18,1.344,666370
near-near-protocol,NEAR,2026-04-19,1.326,872166
near-near-protocol,NEAR,2026-04-20,1.363,724611
near-near-protocol,NEAR,2026-04-21,1.386,649004
near-near-protocol,NEAR,2026-04-22,1.4,508860
near-near-protocol,NEAR,2026-04-23,1.407,416287
near-near-protocol,NEAR,2026-04-24,1.412,970786
near-near-protocol,NEAR,2026-04-25,1.403,246741
near-near-protocol,NEAR,2026-04-26,1.395,524651
near-near-protocol,NEAR,2026-04-27,1.364,579736
near-near-protocol,NEAR,2026-04-28,1.346,652634
near-near-protocol,NEAR,2026-04-29,1.326,705812
near-near-protocol,NEAR,2026-04-30,1.296,810611
near-near-protocol,NEAR,2026-05-01,1.289,345282
near-near-protocol,NEAR,2026-05-02,1.299,572931
near-near-protocol,NEAR,2026-05-03,1.276,628462
near-near-protocol,NEAR,2026-05-04,1.262,603107
near-near-protocol,NEAR,2026-05-05,1.297,769707
near-near-protocol,NEAR,2026-05-06,1.49,3147297
near-near-protocol,NEAR,2026-05-07,1.468,1938321
near-near-protocol,NEAR,2026-05-08,1.599,1913667
near-near-protocol,NEAR,2026-05-09,1.569,1081551
near-near-protocol,NEAR,2026-05-10,1.564,1946441
near-near-protocol,NEAR,2026-05-11,1.547,1282606
near-near-protocol,NEAR,2026-05-12,1.609,3997767
near-near-protocol,NEAR,2026-05-13,1.573,3954698
near-near-protocol,NEAR,2026-05-14,1.5718,2660303
near-near-protocol,NEAR,2026-05-15,1.5438,1875248
near-near-protocol,NEAR,2026-05-16,1.4973,1185511
near-near-protocol,NEAR,2026-05-17,1.5076,1684947
near-near-protocol,NEAR,2026-05-18,1.6229,2027139
near-near-protocol,NEAR,2026-05-19,1.5983,5143396
near-near-protocol,NEAR,2026-05-20,1.6986,3294129
near-near-protocol,NEAR,2026-05-21,1.9265,4910157
near-near-protocol,NEAR,2026-05-22,2.1035,14768198
near-near-protocol,NEAR,2026-05-23,2.4512,20422847
near-near-protocol,NEAR,2026-05-24,2.3912,11144795
near-near-protocol,NEAR,2026-05-25,2.7703,13464414
near-near-protocol,NEAR,2026-05-26,2.545,17531310
near-near-protocol,NEAR,2026-05-27,2.4851,12368211
near-near-protocol,NEAR,2026-05-28,2.4177,12355337
near-near-protocol,NEAR,2026-05-29,2.375,14051232
near-near-protocol,NEAR,2026-05-30,2.2472,7190582
near-near-protocol,NEAR,2026-05-31,2.3276,5734974
near-near-protocol,NEAR,2026-06-01,2.638,11086826
near-near-protocol,NEAR,2026-06-02,2.6195,15878087
near-near-protocol,NEAR,2026-06-03,2.8178,19503405
near-near-protocol,NEAR,2026-06-04,2.1974,26244942
near-near-protocol,NEAR,2026-06-05,1.966,17102464
near-near-protocol,NEAR,2026-06-06,1.8593,4885413
near-near-protocol,NEAR,2026-06-07,2.052,13071812
near-near-protocol,NEAR,2026-06-08,2.1303,10074221
near-near-protocol,NEAR,2026-06-09,2.1541,7462655
near-near-protocol,NEAR,2026-06-10,1.9692,8200306
near-near-protocol,NEAR,2026-06-11,2.063,9870994
near-near-protocol,NEAR,2026-06-12,2.0073,5216765
near-near-protocol,NEAR,2026-06-13,2.1266,4345783
near-near-protocol,NEAR,2026-06-14,2.2087,3123299
near-near-protocol,NEAR,2026-06-15,2.3846,7716609
near-near-protocol,NEAR,2026-06-16,2.3078,5655566
near-near-protocol,NEAR,2026-06-17,2.1809,4024813
near-near-protocol,NEAR,2026-06-18,2.2332,3969599
near-near-protocol,NEAR,2026-06-19,2.1862,2646071
near-near-protocol,NEAR,2026-06-20,2.189,1619312
near-near-protocol,NEAR,2026-06-21,2.0999,7018182
near-near-protocol,NEAR,2026-06-22,2.0664,2958118
near-near-protocol,NEAR,2026-06-23,1.978,3830591
near-near-protocol,NEAR,2026-06-24,1.9621,3152404
near-near-protocol,NEAR,2026-06-25,1.832,2033369
near-near-protocol,NEAR,2026-06-26,1.7982,2598264
near-near-protocol,NEAR,2026-06-27,1.8679,3045724
near-near-protocol,NEAR,2026-06-28,1.8315,5826319
near-near-protocol,NEAR,2026-06-29,1.8607,4352347
near-near-protocol,NEAR,2026-06-30,1.7805,2147995
near-near-protocol,NEAR,2026-07-01,1.8029,2982143
near-near-protocol,NEAR,2026-07-02,1.9398,2567690
near-near-protocol,NEAR,2026-07-03,2.0431,2537196
near-near-protocol,NEAR,2026-07-04,1.9971,2191032
near-near-protocol,NEAR,2026-07-05,2.0161,1432157
near-near-protocol,NEAR,2026-07-06,2.0505,2088295
near-near-protocol,NEAR,2026-07-07,1.9729,1752267
near-near-protocol,NEAR,2026-07-08,1.8901,2415918
near-near-protocol,NEAR,2026-07-09,1.9199,1109425
near-near-protocol,NEAR,2026-07-10,1.8928,920361
near-near-protocol,NEAR,2026-07-11,1.8668,657483
near-near-protocol,NEAR,2026-07-12,1.8892,1428577
near-near-protocol,NEAR,2026-07-13,1.919,1656077
near-near-protocol,NEAR,2026-07-14,2.0109,2395053
near-near-protocol,NEAR,2026-07-15,2.0668,1829117
near-near-protocol,NEAR,2026-07-16,1.964,1676576
near-near-protocol,NEAR,2026-07-17,1.9262,1389912
near-near-protocol,NEAR,2026-07-18,1.9327,539071
near-near-protocol,NEAR,2026-07-19,1.9137,504644
near-near-protocol,NEAR,2026-07-20,1.9784,1953721
near-near-protocol,NEAR,2026-07-21,1.9368,2484192
near-near-protocol,NEAR,2026-07-22,1.868,788469
near-near-protocol,NEAR,2026-07-23,1.8835,533572
near-near-protocol,NEAR,2026-07-24,1.8052,1195930
near-near-protocol,NEAR,2026-07-25,1.7907,573904
near-near-protocol,NEAR,2026-07-26,1.8376,503414
near-near-protocol,NEAR,2026-07-27,1.6863,1765714
near-near-protocol,NEAR,2026-07-28,1.6515,2901480
near-near-protocol,NEAR,2026-07-29,1.6197,1007346
near-near-protocol,NEAR,2026-07-30,1.6764,685633
near-near-protocol,NEAR,2026-07-31,1.6627,1144629
near-near-protocol,NEAR,2026-08-01,1.6723,486023
near-near-protocol,NEAR,2026-08-02,1.716,850424
near-near-protocol,NEAR,2026-08-03,1.7337,572798
near-near-protocol,NEAR,2026-08-04,1.7272,431077
near-near-protocol,NEAR,2026-08-05,1.6942,524855
near-near-protocol,NEAR,2026-08-06,1.6544,727344
near-near-protocol,NEAR,2026-08-07,1.5894,1378375
near-near-protocol,NEAR,2026-08-08,1.6121,593486
near-near-protocol,NEAR,2026-08-09,1.5973,471757
near-near-protocol,NEAR,2026-08-10,1.6016,805940
near-near-protocol,NEAR,2026-08-11,1.6192,1229406
near-near-protocol,NEAR,2026-08-12,1.6421,1520694
near-near-protocol,NEAR,2026-08-13,1.64,922280
near-near-protocol,NEAR,2026-08-14,1.6393,903165
near-near-protocol,NEAR,2026-08-15,1.6181,513167
near-near-protocol,NEAR,2026-08-16,1.6008,283361
near-near-protocol,NEAR,2026-08-17,1.6355,602249
near-near-protocol,NEAR,2026-08-18,1.5882,1050186
near-near-protocol,NEAR,2026-08-19,1.7301,2651778
near-near-protocol,NEAR,2026-08-20,1.7717,2082286
near-near-protocol,NEAR,2026-08-21,1.9672,4077577
near-near-protocol,NEAR,2026-08-22,1.88,9300500
near-near-protocol,NEAR,2026-08-23,2.0165,4461455
near-near-protocol,NEAR,2026-08-24,1.9536,5602747
near-near-protocol,NEAR,2026-08-25,1.8586,2902548
near-near-protocol,NEAR,2026-08-26,1.8976,1059898
near-near-protocol,NEAR,2026-08-27,1.9295,1999032
near-near-protocol,NEAR,2026-08-28,1.8206,1882913
near-near-protocol,NEAR,2026-08-29,1.8681,1483911
near-near-protocol,NEAR,2026-08-30,1.8224,2758872
near-near-protocol,NEAR,2026-08-31,1.918,3807208
near-near-protocol,NEAR,2026-09-01,1.8862,3971751
near-near-protocol,NEAR,2026-09-02,1.8879,3645287
near-near-protocol,NEAR,2026-09-03,1.9539,3654885
near-near-protocol,NEAR,2026-09-04,2.1741,9545077
near-near-protocol,NEAR,2026-09-05,2.1923,8531612
near-near-protocol,NEAR,2026-09-06,2.4418,10510455
near-near-protocol,NEAR,2026-09-07,2.3082,6794001
near-near-protocol,NEAR,2026-09-08,2.3206,5205820
near-near-protocol,NEAR,2026-09-09,2.485,16106950
near-near-protocol,NEAR,2026-09-10,2.4426,9330796
near-near-protocol,NEAR,2026-09-11,2.3619,13488401
near-near-protocol,NEAR,2026-09-12,2.3704,4176001
near-near-protocol,NEAR,2026-09-13,2.298,3961149
near-near-protocol,NEAR,2026-09-14,2.469,7813146
near-near-protocol,NEAR,2026-09-15,2.3333,5306484
near-near-protocol,NEAR,2026-09-16,2.618,8958476
near-near-protocol,NEAR,2026-09-17,3.1432,17865737
near-near-protocol,NEAR,2026-09-18,3.7632,44110477
near-near-protocol,NEAR,2026-09-19,3.5854,16582581
near-near-protocol,NEAR,2026-09-20,4.1653,28600202
near-near-protocol,NEAR,2026-09-21,4.2725,38233596
near-near-protocol,NEAR,2026-09-22,4.421,36325806
near-near-protocol,NEAR,2026-09-23,4.3284,40470326
near-near-protocol,NEAR,2026-09-24,4.5879,29364299
near-near-protocol,NEAR,2026-09-25,4.952,43825717
near-near-protocol,NEAR,2026-09-26,5.0474,19127350
near-near-protocol,NEAR,2026-09-27,5.3854,30614673
near-near-protocol,NEAR,2026-09-28,4.82,32945629
near-near-protocol,NEAR,2026-09-29,4.8845,26858022
near-near-protocol,NEAR,2026-09-30,5.0044,1219350
bch-bitcoin-cash,BCH,2025-09-30,560.61,769058
bch-bitcoin-cash,BCH,2025-10-01,593.1,2481067
bch-bitcoin-cash,BCH,2025-10-02,595.0,1229471
bch-bitcoin-cash,BCH,2025-10-03,609.04,3297945
bch-bitcoin-cash,BCH,2025-10-04,590.49,655404
bch-bitcoin-cash,BCH,2025-10-05,594.12,1073712
bch-bitcoin-cash,BCH,2025-10-06,599.01,805849
bch-bitcoin-cash,BCH,2025-10-07,576.53,496238
bch-bitcoin-cash,BCH,2025-10-08,583.19,508010
bch-bitcoin-cash,BCH,2025-10-09,580.29,710460
bch-bitcoin-cash,BCH,2025-10-10,513.9,4391545
bch-bitcoin-cash,BCH,2025-10-11,501.55,816083
bch-bitcoin-cash,BCH,2025-10-12,540.89,642794
bch-bitcoin-cash,BCH,2025-10-13,545.78,822082
bch-bitcoin-cash,BCH,2025-10-14,538.21,389340
bch-bitcoin-cash,BCH,2025-10-15,522.4,430141
bch-bitcoin-cash,BCH,2025-10-16,504.64,419702
bch-bitcoin-cash,BCH,2025-10-17,470.05,888343
bch-bitcoin-cash,BCH,2025-10-18,468.07,201090
bch-bitcoin-cash,BCH,2025-10-19,472.6,509662
bch-bitcoin-cash,BCH,2025-10-20,479.19,562219
bch-bitcoin-cash,BCH,2025-10-21,481.53,846333
bch-bitcoin-cash,BCH,2025-10-22,473.14,1001582
bch-bitcoin-cash,BCH,2025-10-23,480.56,294030
bch-bitcoin-cash,BCH,2025-10-24,503.24,566817
bch-bitcoin-cash,BCH,2025-10-25,508.28,554863
bch-bitcoin-cash,BCH,2025-10-26,558.77,2558986
bch-bitcoin-cash,BCH,2025-10-27,555.23,1454560
bch-bitcoin-cash,BCH,2025-10-28,557.75,695417
bch-bitcoin-cash,BCH,2025-10-29,556.56,1030026
bch-bitcoin-cash,BCH,2025-10-30,541.31,1501319
bch-bitcoin-cash,BCH,2025-10-31,537.22,1182169
bch-bitcoin-cash,BCH,2025-11-01,554.1,592462
bch-bitcoin-cash,BCH,2025-11-02,537.13,747044
bch-bitcoin-cash,BCH,2025-11-03,505.87,1155227
bch-bitcoin-cash,BCH,2025-11-04,480.07,1192121
bch-bitcoin-cash,BCH,2025-11-05,488.94,303502
bch-bitcoin-cash,BCH,2025-11-06,472.47,353215
bch-bitcoin-cash,BCH,2025-11-07,511.63,850278
bch-bitcoin-cash,BCH,2025-11-08,496.09,227157
bch-bitcoin-cash,BCH,2025-11-09,503.52,346780
bch-bitcoin-cash,BCH,2025-11-10,516.77,760130
bch-bitcoin-cash,BCH,2025-11-11,505.58,1800140
bch-bitcoin-cash,BCH,2025-11-12,507.57,2451585
bch-bitcoin-cash,BCH,2025-11-13,509.06,1719378
bch-bitcoin-cash,BCH,2025-11-14,479.38,1098909
bch-bitcoin-cash,BCH,2025-11-15,502.63,793533
bch-bitcoin-cash,BCH,2025-11-16,482.82,328565
bch-bitcoin-cash,BCH,2025-11-17,490.18,923677
bch-bitcoin-cash,BCH,2025-11-18,522.99,1176628
bch-bitcoin-cash,BCH,2025-11-19,485.73,1280707
bch-bitcoin-cash,BCH,2025-11-20,480.51,1974944
bch-bitcoin-cash,BCH,2025-11-21,533.2,3619147
bch-bitcoin-cash,BCH,2025-11-22,556.04,4816741
bch-bitcoin-cash,BCH,2025-11-23,539.32,1517225
bch-bitcoin-cash,BCH,2025-11-24,548.93,2874456
bch-bitcoin-cash,BCH,2025-11-25,527.2,1580699
bch-bitcoin-cash,BCH,2025-11-26,543.95,2925948
bch-bitcoin-cash,BCH,2025-11-27,532.33,696363
bch-bitcoin-cash,BCH,2025-11-28,548.6,1284253
bch-bitcoin-cash,BCH,2025-11-29,520.83,1496809
bch-bitcoin-cash,BCH,2025-11-30,540.87,1943146
bch-bitcoin-cash,BCH,2025-12-01,523.25,2606414
bch-bitcoin-cash,BCH,2025-12-02,545.74,3237053
bch-bitcoin-cash,BCH,2025-12-03,592.11,3684521
bch-bitcoin-cash,BCH,2025-12-04,574.28,1159406
bch-bitcoin-cash,BCH,2025-12-05,560.41,1158037
bch-bitcoin-cash,BCH,2025-12-06,583.63,2290573
bch-bitcoin-cash,BCH,2025-12-07,598.42,994491
bch-bitcoin-cash,BCH,2025-12-08,579.75,2165074
bch-bitcoin-cash,BCH,2025-12-09,585.29,1741897
bch-bitcoin-cash,BCH,2025-12-10,573.31,1837255
bch-bitcoin-cash,BCH,2025-12-11,574.92,1558442
bch-bitcoin-cash,BCH,2025-12-12,581.93,1576248
bch-bitcoin-cash,BCH,2025-12-13,580.23,545274
bch-bitcoin-cash,BCH,2025-12-14,558.43,846940
bch-bitcoin-cash,BCH,2025-12-15,535.77,1608080
bch-bitcoin-cash,BCH,2025-12-16,546.2,762726
bch-bitcoin-cash,BCH,2025-12-17,545.92,1077330
bch-bitcoin-cash,BCH,2025-12-18,565.66,4808597
bch-bitcoin-cash,BCH,2025-12-19,624.01,4505400
bch-bitcoin-cash,BCH,2025-12-20,592.66,3191280
bch-bitcoin-cash,BCH,2025-12-21,590.8,1172136
bch-bitcoin-cash,BCH,2025-12-22,589.87,3306686
bch-bitcoin-cash,BCH,2025-12-23,572.0,826937
bch-bitcoin-cash,BCH,2025-12-24,568.45,979105
bch-bitcoin-cash,BCH,2025-12-25,589.56,2047218
bch-bitcoin-cash,BCH,2025-12-26,593.57,2132267
bch-bitcoin-cash,BCH,2025-12-27,622.82,1706272
bch-bitcoin-cash,BCH,2025-12-28,621.34,3063555
bch-bitcoin-cash,BCH,2025-12-29,598.13,3861053
bch-bitcoin-cash,BCH,2025-12-30,595.24,1171995
bch-bitcoin-cash,BCH,2025-12-31,599.21,591329
bch-bitcoin-cash,BCH,2026-01-01,591.93,967825
bch-bitcoin-cash,BCH,2026-01-02,607.07,2384347
bch-bitcoin-cash,BCH,2026-01-03,654.33,5890352
bch-bitcoin-cash,BCH,2026-01-04,639.04,3666723
bch-bitcoin-cash,BCH,2026-01-05,645.59,4296531
bch-bitcoin-cash,BCH,2026-01-06,637.95,2499979
bch-bitcoin-cash,BCH,2026-01-07,628.79,975832
bch-bitcoin-cash,BCH,2026-01-08,631.5,3177136
bch-bitcoin-cash,BCH,2026-01-09,633.79,776959
bch-bitcoin-cash,BCH,2026-01-10,643.11,1018634
bch-bitcoin-cash,BCH,2026-01-11,647.95,2480050
bch-bitcoin-cash,BCH,2026-01-12,621.35,3559187
bch-bitcoin-cash,BCH,2026-01-13,616.76,2631201
bch-bitcoin-cash,BCH,2026-01-14,597.54,4458098
bch-bitcoin-cash,BCH,2026-01-15,592.25,5169486
bch-bitcoin-cash,BCH,2026-01-16,599.55,1764658
bch-bitcoin-cash,BCH,2026-01-17,593.9,789038
bch-bitcoin-cash,BCH,2026-01-18,590.89,816523
bch-bitcoin-cash,BCH,2026-01-19,583.37,1557742
bch-bitcoin-cash,BCH,2026-01-20,572.31,797831
bch-bitcoin-cash,BCH,2026-01-21,584.43,1592833
bch-bitcoin-cash,BCH,2026-01-22,598.48,1321440
bch-bitcoin-cash,BCH,2026-01-23,595.07,1211817
bch-bitcoin-cash,BCH,2026-01-24,592.65,452967
bch-bitcoin-cash,BCH,2026-01-25,570.85,3467224
bch-bitcoin-cash,BCH,2026-01-26,578.6,526168
bch-bitcoin-cash,BCH,2026-01-27,599.13,1153642
bch-bitcoin-cash,BCH,2026-01-28,590.36,963491
bch-bitcoin-cash,BCH,2026-01-29,553.39,1318615
bch-bitcoin-cash,BCH,2026-01-30,552.43,1260492
bch-bitcoin-cash,BCH,2026-01-31,506.69,3437569
bch-bitcoin-cash,BCH,2026-02-01,515.6,1134618
bch-bitcoin-cash,BCH,2026-02-02,539.92,2326063
bch-bitcoin-cash,BCH,2026-02-03,525.64,867925
bch-bitcoin-cash,BCH,2026-02-04,531.37,1665390
bch-bitcoin-cash,BCH,2026-02-05,451.76,2728679
bch-bitcoin-cash,BCH,2026-02-06,524.42,4559735
bch-bitcoin-cash,BCH,2026-02-07,525.14,1418953
bch-bitcoin-cash,BCH,2026-02-08,527.33,808291
bch-bitcoin-cash,BCH,2026-02-09,532.7,740148
bch-bitcoin-cash,BCH,2026-02-10,524.56,1592127
bch-bitcoin-cash,BCH,2026-02-11,515.53,1568355
bch-bitcoin-cash,BCH,2026-02-12,502.94,784053
bch-bitcoin-cash,BCH,2026-02-13,563.64,2054711
bch-bitcoin-cash,BCH,2026-02-14,562.49,1271612
bch-bitcoin-cash,BCH,2026-02-15,554.54,618552
bch-bitcoin-cash,BCH,2026-02-16,568.86,3489449
bch-bitcoin-cash,BCH,2026-02-17,562.45,1417614
bch-bitcoin-cash,BCH,2026-02-18,557.51,1107565
bch-bitcoin-cash,BCH,2026-02-19,560.07,1758402
bch-bitcoin-cash,BCH,2026-02-20,562.3,3128174
bch-bitcoin-cash,BCH,2026-02-21,563.99,773716
bch-bitcoin-cash,BCH,2026-02-22,570.25,1783625
bch-bitcoin-cash,BCH,2026-02-23,495.43,3069243
bch-bitcoin-cash,BCH,2026-02-24,485.05,2766523
bch-bitcoin-cash,BCH,2026-02-25,492.65,2586977
bch-bitcoin-cash,BCH,2026-02-26,478.5,836911
bch-bitcoin-cash,BCH,2026-02-27,461.22,1485237
bch-bitcoin-cash,BCH,2026-02-28,457.4,2132044
bch-bitcoin-cash,BCH,2026-03-01,441.53,1573668
bch-bitcoin-cash,BCH,2026-03-02,444.82,1000795
bch-bitcoin-cash,BCH,2026-03-03,443.77,985711
bch-bitcoin-cash,BCH,2026-03-04,467.53,1967074
bch-bitcoin-cash,BCH,2026-03-05,462.08,550761
bch-bitcoin-cash,BCH,2026-03-06,449.72,881993
bch-bitcoin-cash,BCH,2026-03-07,450.18,226050
bch-bitcoin-cash,BCH,2026-03-08,442.83,288130
bch-bitcoin-cash,BCH,2026-03-09,443.9,588265
bch-bitcoin-cash,BCH,2026-03-10,446.91,837833
bch-bitcoin-cash,BCH,2026-03-11,455.59,806601
bch-bitcoin-cash,BCH,2026-03-12,455.12,505638
bch-bitcoin-cash,BCH,2026-03-13,460.7,1292796
bch-bitcoin-cash,BCH,2026-03-14,467.56,542769
bch-bitcoin-cash,BCH,2026-03-15,469.74,957660
bch-bitcoin-cash,BCH,2026-03-16,478.4,669925
bch-bitcoin-cash,BCH,2026-03-17,470.35,479134
bch-bitcoin-cash,BCH,2026-03-18,457.03,928584
bch-bitcoin-cash,BCH,2026-03-19,455.13,387640
bch-bitcoin-cash,BCH,2026-03-20,474.56,919240
bch-bitcoin-cash,BCH,2026-03-21,462.43,554414
bch-bitcoin-cash,BCH,2026-03-22,467.44,657386
bch-bitcoin-cash,BCH,2026-03-23,477.95,813206
bch-bitcoin-cash,BCH,2026-03-24,477.04,368301
bch-bitcoin-cash,BCH,2026-03-25,473.26,168547
bch-bitcoin-cash,BCH,2026-03-26,462.27,461811
bch-bitcoin-cash,BCH,2026-03-27,472.7,1044013
bch-bitcoin-cash,BCH,2026-03-28,480.46,848499
bch-bitcoin-cash,BCH,2026-03-29,452.13,842105
bch-bitcoin-cash,BCH,2026-03-30,458.76,525789
bch-bitcoin-cash,BCH,2026-03-31,466.28,358052
bch-bitcoin-cash,BCH,2026-04-01,454.73,204449
bch-bitcoin-cash,BCH,2026-04-02,444.0,589438
bch-bitcoin-cash,BCH,2026-04-03,443.31,227688
bch-bitcoin-cash,BCH,2026-04-04,441.42,102834
bch-bitcoin-cash,BCH,2026-04-05,427.0,417806
bch-bitcoin-cash,BCH,2026-04-06,435.39,263184
bch-bitcoin-cash,BCH,2026-04-07,446.21,147295
bch-bitcoin-cash,BCH,2026-04-08,441.19,531777
bch-bitcoin-cash,BCH,2026-04-09,443.0,346806
bch-bitcoin-cash,BCH,2026-04-10,443.94,314997
bch-bitcoin-cash,BCH,2026-04-11,437.68,120272
bch-bitcoin-cash,BCH,2026-04-12,421.19,152301
bch-bitcoin-cash,BCH,2026-04-13,438.49,119881
bch-bitcoin-cash,BCH,2026-04-14,436.15,223761
bch-bitcoin-cash,BCH,2026-04-15,440.63,517384
bch-bitcoin-cash,BCH,2026-04-16,455.34,360351
bch-bitcoin-cash,BCH,2026-04-17,453.89,393533
bch-bitcoin-cash,BCH,2026-04-18,444.08,281109
bch-bitcoin-cash,BCH,2026-04-19,435.43,699279
bch-bitcoin-cash,BCH,2026-04-20,443.47,110262
bch-bitcoin-cash,BCH,2026-04-21,448.18,375055
bch-bitcoin-cash,BCH,2026-04-22,461.34,611663
bch-bitcoin-cash,BCH,2026-04-23,460.63,186315
bch-bitcoin-cash,BCH,2026-04-24,456.28,110406
bch-bitcoin-cash,BCH,2026-04-25,453.41,75209
bch-bitcoin-cash,BCH,2026-04-26,455.04,94960
bch-bitcoin-cash,BCH,2026-04-27,449.92,414488
bch-bitcoin-cash,BCH,2026-04-28,453.47,206103
bch-bitcoin-cash,BCH,2026-04-29,447.57,237792
bch-bitcoin-cash,BCH,2026-04-30,441.28,244237
bch-bitcoin-cash,BCH,2026-05-01,450.49,182307
bch-bitcoin-cash,BCH,2026-05-02,445.45,160062
bch-bitcoin-cash,BCH,2026-05-03,443.05,350105
bch-bitcoin-cash,BCH,2026-05-04,443.67,380082
bch-bitcoin-cash,BCH,2026-05-05,461.5,615077
bch-bitcoin-cash,BCH,2026-05-06,465.8,2273551
bch-bitcoin-cash,BCH,2026-05-07,450.22,343140
bch-bitcoin-cash,BCH,2026-05-08,450.25,530699
bch-bitcoin-cash,BCH,2026-05-09,449.85,211989
bch-bitcoin-cash,BCH,2026-05-10,463.81,219613
bch-bitcoin-cash,BCH,2026-05-11,449.99,297779
bch-bitcoin-cash,BCH,2026-05-12,439.46,504061
bch-bitcoin-cash,BCH,2026-05-13,434.01,325580
bch-bitcoin-cash,BCH,2026-05-14,434.71,190979
bch-bitcoin-cash,BCH,2026-05-15,426.44,369010
bch-bitcoin-cash,BCH,2026-05-16,415.94,628624
bch-bitcoin-cash,BCH,2026-05-17,404.58,356714
bch-bitcoin-cash,BCH,2026-05-18,378.2,3561371
bch-bitcoin-cash,BCH,2026-05-19,370.18,1979352
bch-bitcoin-cash,BCH,2026-05-20,372.79,479905
bch-bitcoin-cash,BCH,2026-05-21,380.7,962310
bch-bitcoin-cash,BCH,2026-05-22,360.36,1021703
bch-bitcoin-cash,BCH,2026-05-23,355.62,1197040
bch-bitcoin-cash,BCH,2026-05-24,346.79,512756
bch-bitcoin-cash,BCH,2026-05-25,351.13,282313
bch-bitcoin-cash,BCH,2026-05-26,343.26,341771
bch-bitcoin-cash,BCH,2026-05-27,334.15,387217
bch-bitcoin-cash,BCH,2026-05-28,299.68,2077994
bch-bitcoin-cash,BCH,2026-05-29,301.93,1525409
bch-bitcoin-cash,BCH,2026-05-30,303.33,365527
bch-bitcoin-cash,BCH,2026-05-31,302.38,547867
bch-bitcoin-cash,BCH,2026-06-01,293.4,1725617
bch-bitcoin-cash,BCH,2026-06-02,268.53,1043871
bch-bitcoin-cash,BCH,2026-06-03,243.07,3377957
bch-bitcoin-cash,BCH,2026-06-04,245.27,1241283
bch-bitcoin-cash,BCH,2026-06-05,209.9,2265663
bch-bitcoin-cash,BCH,2026-06-06,217.24,2633894
bch-bitcoin-cash,BCH,2026-06-07,229.82,1027691
bch-bitcoin-cash,BCH,2026-06-08,208.94,3318461
bch-bitcoin-cash,BCH,2026-06-09,203.5,828298
bch-bitcoin-cash,BCH,2026-06-10,195.06,798348
bch-bitcoin-cash,BCH,2026-06-11,205.25,1416580
bch-bitcoin-cash,BCH,2026-06-12,202.1,799944
bch-bitcoin-cash,BCH,2026-06-13,208.45,593089
bch-bitcoin-cash,BCH,2026-06-14,210.7,958040
bch-bitcoin-cash,BCH,2026-06-15,224.48,2009628
bch-bitcoin-cash,BCH,2026-06-16,213.99,2798100
bch-bitcoin-cash,BCH,2026-06-17,212.18,932301
bch-bitcoin-cash,BCH,2026-06-18,199.7,1703320
bch-bitcoin-cash,BCH,2026-06-19,198.48,719425
bch-bitcoin-cash,BCH,2026-06-20,199.61,469382
bch-bitcoin-cash,BCH,2026-06-21,194.67,224460
bch-bitcoin-cash,BCH,2026-06-22,197.3,525794
bch-bitcoin-cash,BCH,2026-06-23,194.41,1068157
bch-bitcoin-cash,BCH,2026-06-24,190.19,936090
bch-bitcoin-cash,BCH,2026-06-25,192.66,912608
bch-bitcoin-cash,BCH,2026-06-26,196.97,682658
bch-bitcoin-cash,BCH,2026-06-27,195.63,93510
bch-bitcoin-cash,BCH,2026-06-28,191.19,414514
bch-bitcoin-cash,BCH,2026-06-29,200.48,353637
bch-bitcoin-cash,BCH,2026-06-30,199.72,390375
bch-bitcoin-cash,BCH,2026-07-01,209.74,1199787
bch-bitcoin-cash,BCH,2026-07-02,219.88,1040014
bch-bitcoin-cash,BCH,2026-07-03,229.22,1075497
bch-bitcoin-cash,BCH,2026-07-04,236.08,585285
bch-bitcoin-cash,BCH,2026-07-05,244.13,1393760
bch-bitcoin-cash,BCH,2026-07-06,241.59,2008332
bch-bitcoin-cash,BCH,2026-07-07,239.5,655156
bch-bitcoin-cash,BCH,2026-07-08,235.15,606588
bch-bitcoin-cash,BCH,2026-07-09,237.64,700001
bch-bitcoin-cash,BCH,2026-07-10,245.07,646956
bch-bitcoin-cash,BCH,2026-07-11,243.95,218213
bch-bitcoin-cash,BCH,2026-07-12,240.11,490918
bch-bitcoin-cash,BCH,2026-07-13,236.27,560321
bch-bitcoin-cash,BCH,2026-07-14,236.48,1161407
bch-bitcoin-cash,BCH,2026-07-15,223.1,839294
bch-bitcoin-cash,BCH,2026-07-16,221.37,1335155
bch-bitcoin-cash,BCH,2026-07-17,219.85,558364
bch-bitcoin-cash,BCH,2026-07-18,220.02,175795
bch-bitcoin-cash,BCH,2026-07-19,215.07,185488
bch-bitcoin-cash,BCH,2026-07-20,219.81,742849
bch-bitcoin-cash,BCH,2026-07-21,223.64,500837
bch-bitcoin-cash,BCH,2026-07-22,219.87,376567
bch-bitcoin-cash,BCH,2026-07-23,212.01,374371
bch-bitcoin-cash,BCH,2026-07-24,210.4,300089
bch-bitcoin-cash,BCH,2026-07-25,209.7,269043
bch-bitcoin-cash,BCH,2026-07-26,216.85,330700
bch-bitcoin-cash,BCH,2026-07-27,211.84,694683
bch-bitcoin-cash,BCH,2026-07-28,214.35,322859
bch-bitcoin-cash,BCH,2026-07-29,211.18,379149
bch-bitcoin-cash,BCH,2026-07-30,216.8,872917
bch-bitcoin-cash,BCH,2026-07-31,210.23,397632
bch-bitcoin-cash,BCH,2026-08-01,207.9,277412
bch-bitcoin-cash,BCH,2026-08-02,212.52,319039
bch-bitcoin-cash,BCH,2026-08-03,213.12,226742
bch-bitcoin-cash,BCH,2026-08-04,213.55,112423
bch-bitcoin-cash,BCH,2026-08-05,214.38,543084
bch-bitcoin-cash,BCH,2026-08-06,212.65,292613
bch-bitcoin-cash,BCH,2026-08-07,214.63,165477
bch-bitcoin-cash,BCH,2026-08-08,215.99,136749
bch-bitcoin-cash,BCH,2026-08-09,214.67,133333
bch-bitcoin-cash,BCH,2026-08-10,213.11,48325
bch-bitcoin-cash,BCH,2026-08-11,213.71,84900
bch-bitcoin-cash,BCH,2026-08-12,212.51,76381
bch-bitcoin-cash,BCH,2026-08-13,206.47,536939
bch-bitcoin-cash,BCH,2026-08-14,204.69,416841
bch-bitcoin-cash,BCH,2026-08-15,203.34,345302
bch-bitcoin-cash,BCH,2026-08-16,203.6,97537
bch-bitcoin-cash,BCH,2026-08-17,205.03,117760
bch-bitcoin-cash,BCH,2026-08-18,203.39,128792
bch-bitcoin-cash,BCH,2026-08-19,213.5,1012960
bch-bitcoin-cash,BCH,2026-08-20,222.65,1075110
bch-bitcoin-cash,BCH,2026-08-21,288.0,8739875
bch-bitcoin-cash,BCH,2026-08-22,276.59,3956545
bch-bitcoin-cash,BCH,2026-08-23,274.38,1695222
bch-bitcoin-cash,BCH,2026-08-24,270.73,3033604
bch-bitcoin-cash,BCH,2026-08-25,265.96,1285275
bch-bitcoin-cash,BCH,2026-08-26,268.89,583858
bch-bitcoin-cash,BCH,2026-08-27,269.74,581240
bch-bitcoin-cash,BCH,2026-08-28,247.88,1768269
bch-bitcoin-cash,BCH,2026-08-29,247.28,320282
bch-bitcoin-cash,BCH,2026-08-30,243.56,884321
bch-bitcoin-cash,BCH,2026-08-31,247.18,613503
bch-bitcoin-cash,BCH,2026-09-01,246.13,419873
bch-bitcoin-cash,BCH,2026-09-02,244.54,363394
bch-bitcoin-cash,BCH,2026-09-03,256.6,2315390
bch-bitcoin-cash,BCH,2026-09-04,248.07,945670
bch-bitcoin-cash,BCH,2026-09-05,257.04,1268645
bch-bitcoin-cash,BCH,2026-09-06,261.04,1887629
bch-bitcoin-cash,BCH,2026-09-07,259.63,2273983
bch-bitcoin-cash,BCH,2026-09-08,258.31,1757965
bch-bitcoin-cash,BCH,2026-09-09,251.79,819077
bch-bitcoin-cash,BCH,2026-09-10,223.74,1893206
bch-bitcoin-cash,BCH,2026-09-11,228.2,1608856
bch-bitcoin-cash,BCH,2026-09-12,226.47,565215
bch-bitcoin-cash,BCH,2026-09-13,221.42,825432
bch-bitcoin-cash,BCH,2026-09-14,223.2,1251874
bch-bitcoin-cash,BCH,2026-09-15,217.03,778562
bch-bitcoin-cash,BCH,2026-09-16,220.88,438465
bch-bitcoin-cash,BCH,2026-09-17,233.92,2005993
bch-bitcoin-cash,BCH,2026-09-18,254.99,2892223
bch-bitcoin-cash,BCH,2026-09-19,255.01,1563087
bch-bitcoin-cash,BCH,2026-09-20,252.73,1155193
bch-bitcoin-cash,BCH,2026-09-21,267.15,5076022
bch-bitcoin-cash,BCH,2026-09-22,344.66,23414060
bch-bitcoin-cash,BCH,2026-09-23,337.65,17617520
bch-bitcoin-cash,BCH,2026-09-24,338.37,4930569
bch-bitcoin-cash,BCH,2026-09-25,343.05,4110771
bch-bitcoin-cash,BCH,2026-09-26,336.02,1323254
bch-bitcoin-cash,BCH,2026-09-27,332.48,2579535
bch-bitcoin-cash,BCH,2026-09-28,310.2,3927344
bch-bitcoin-cash,BCH,2026-09-29,307.44,1711115
bch-bitcoin-cash,BCH,2026-09-30,307.9,8147
uni-uniswap,UNI,2025-09-30,7.637,572899
uni-uniswap,UNI,2025-10-01,8.072,815509
uni-uniswap,UNI,2025-10-02,8.36,1360655
uni-uniswap,UNI,2025-10-03,8.168,1037424
uni-uniswap,UNI,2025-10-04,8.021,354987
uni-uniswap,UNI,2025-10-05,8.059,383114
uni-uniswap,UNI,2025-10-06,8.348,440399
uni-uniswap,UNI,2025-10-07,7.776,1118552
uni-uniswap,UNI,2025-10-08,8.072,565466
uni-uniswap,UNI,2025-10-09,7.863,713114
uni-uniswap,UNI,2025-10-10,5.811,5478018
uni-uniswap,UNI,2025-10-11,5.86,2528944
uni-uniswap,UNI,2025-10-12,6.633,1735090
uni-uniswap,UNI,2025-10-13,7.06,803938
uni-uniswap,UNI,2025-10-14,6.826,749601
uni-uniswap,UNI,2025-10-15,6.582,374738
uni-uniswap,UNI,2025-10-16,6.275,927297
uni-uniswap,UNI,2025-10-17,6.14,868106
uni-uniswap,UNI,2025-10-18,6.027,561993
uni-uniswap,UNI,2025-10-19,6.263,1319534
uni-uniswap,UNI,2025-10-20,6.34,516778
uni-uniswap,UNI,2025-10-21,6.261,1055708
uni-uniswap,UNI,2025-10-22,6.038,493179
uni-uniswap,UNI,2025-10-23,6.31,169595
uni-uniswap,UNI,2025-10-24,6.236,431443
uni-uniswap,UNI,2025-10-25,6.244,412240
uni-uniswap,UNI,2025-10-26,6.66,864577
uni-uniswap,UNI,2025-10-27,6.513,634088
uni-uniswap,UNI,2025-10-28,6.337,270545
uni-uniswap,UNI,2025-10-29,6.294,370808
uni-uniswap,UNI,2025-10-30,5.845,1310108
uni-uniswap,UNI,2025-10-31,5.748,397150
uni-uniswap,UNI,2025-11-01,5.864,182410
uni-uniswap,UNI,2025-11-02,5.875,90883
uni-uniswap,UNI,2025-11-03,5.191,1121452
uni-uniswap,UNI,2025-11-04,5.079,1130135
uni-uniswap,UNI,2025-11-05,5.345,1693321
uni-uniswap,UNI,2025-11-06,5.255,361364
uni-uniswap,UNI,2025-11-07,5.868,672998
uni-uniswap,UNI,2025-11-08,6.026,1004398
uni-uniswap,UNI,2025-11-09,6.57,1426732
uni-uniswap,UNI,2025-11-10,9.376,11203622
uni-uniswap,UNI,2025-11-11,8.235,24075378
uni-uniswap,UNI,2025-11-12,7.564,6813160
uni-uniswap,UNI,2025-11-13,7.744,6534788
uni-uniswap,UNI,2025-11-14,6.97,4285727
uni-uniswap,UNI,2025-11-15,7.358,2089387
uni-uniswap,UNI,2025-11-16,7.181,2033608
uni-uniswap,UNI,2025-11-17,7.416,3803126
uni-uniswap,UNI,2025-11-18,7.484,2619821
uni-uniswap,UNI,2025-11-19,7.223,2872141
uni-uniswap,UNI,2025-11-20,6.557,2368823
uni-uniswap,UNI,2025-11-21,6.417,2339049
uni-uniswap,UNI,2025-11-22,6.172,1518893
uni-uniswap,UNI,2025-11-23,6.133,796104
uni-uniswap,UNI,2025-11-24,6.3,1095691
uni-uniswap,UNI,2025-11-25,6.237,1263891
uni-uniswap,UNI,2025-11-26,6.304,638209
uni-uniswap,UNI,2025-11-27,6.139,483144
uni-uniswap,UNI,2025-11-28,6.13,337052
uni-uniswap,UNI,2025-11-29,6.062,250121
uni-uniswap,UNI,2025-11-30,6.031,409983
uni-uniswap,UNI,2025-12-01,5.605,1278124
uni-uniswap,UNI,2025-12-02,5.919,1056496
uni-uniswap,UNI,2025-12-03,6.108,835914
uni-uniswap,UNI,2025-12-04,5.965,245489
uni-uniswap,UNI,2025-12-05,5.473,557018
uni-uniswap,UNI,2025-12-06,5.563,246133
uni-uniswap,UNI,2025-12-07,5.462,828133
uni-uniswap,UNI,2025-12-08,5.615,456436
uni-uniswap,UNI,2025-12-09,5.745,1551110
uni-uniswap,UNI,2025-12-10,5.601,1000885
uni-uniswap,UNI,2025-12-11,5.55,729275
uni-uniswap,UNI,2025-12-12,5.429,2397067
uni-uniswap,UNI,2025-12-13,5.506,164792
uni-uniswap,UNI,2025-12-14,5.31,345270
uni-uniswap,UNI,2025-12-15,5.078,816953
uni-uniswap,UNI,2025-12-16,5.199,777981
uni-uniswap,UNI,2025-12-17,4.966,999276
uni-uniswap,UNI,2025-12-18,4.957,4223461
uni-uniswap,UNI,2025-12-19,5.317,1157848
uni-uniswap,UNI,2025-12-20,6.266,5892763
uni-uniswap,UNI,2025-12-21,6.111,2477355
uni-uniswap,UNI,2025-12-22,6.012,2196591
uni-uniswap,UNI,2025-12-23,5.807,1580707
uni-uniswap,UNI,2025-12-24,5.772,1414860
uni-uniswap,UNI,2025-12-25,5.81,1477738
uni-uniswap,UNI,2025-12-26,5.827,1159295
uni-uniswap,UNI,2025-12-27,5.96,876209
uni-uniswap,UNI,2025-12-28,6.221,3244304
uni-uniswap,UNI,2025-12-29,5.988,2951596
uni-uniswap,UNI,2025-12-30,5.921,2711758
uni-uniswap,UNI,2025-12-31,5.623,2575437
uni-uniswap,UNI,2026-01-01,5.791,564296
uni-uniswap,UNI,2026-01-02,6.037,657525
uni-uniswap,UNI,2026-01-03,5.92,983182
uni-uniswap,UNI,2026-01-04,5.846,877044
uni-uniswap,UNI,2026-01-05,6.16,2982610
uni-uniswap,UNI,2026-01-06,6.069,1934543
uni-uniswap,UNI,2026-01-07,5.723,1051675
uni-uniswap,UNI,2026-01-08,5.486,1406030
uni-uniswap,UNI,2026-01-09,5.464,923580
uni-uniswap,UNI,2026-01-10,5.476,351262
uni-uniswap,UNI,2026-01-11,5.444,308312
uni-uniswap,UNI,2026-01-12,5.362,650947
uni-uniswap,UNI,2026-01-13,5.717,790685
uni-uniswap,UNI,2026-01-14,5.68,1397587
uni-uniswap,UNI,2026-01-15,5.348,1251456
uni-uniswap,UNI,2026-01-16,5.314,856723
uni-uniswap,UNI,2026-01-17,5.348,209687
uni-uniswap,UNI,2026-01-18,5.096,306453
uni-uniswap,UNI,2026-01-19,5.024,1483129
uni-uniswap,UNI,2026-01-20,4.799,551600
uni-uniswap,UNI,2026-01-21,4.933,547472
uni-uniswap,UNI,2026-01-22,4.833,253192
uni-uniswap,UNI,2026-01-23,4.868,203192
uni-uniswap,UNI,2026-01-24,4.848,169165
uni-uniswap,UNI,2026-01-25,4.632,609764
uni-uniswap,UNI,2026-01-26,4.705,1090075
uni-uniswap,UNI,2026-01-27,4.799,1381164
uni-uniswap,UNI,2026-01-28,4.831,343463
uni-uniswap,UNI,2026-01-29,4.39,920292
uni-uniswap,UNI,2026-01-30,4.27,850807
uni-uniswap,UNI,2026-01-31,3.958,1443742
uni-uniswap,UNI,2026-02-01,3.836,532764
uni-uniswap,UNI,2026-02-02,3.923,690998
uni-uniswap,UNI,2026-02-03,3.854,522936
uni-uniswap,UNI,2026-02-04,3.796,837070
uni-uniswap,UNI,2026-02-05,3.162,1583285
uni-uniswap,UNI,2026-02-06,3.55,1342194
uni-uniswap,UNI,2026-02-07,3.54,475951
uni-uniswap,UNI,2026-02-08,3.462,144533
uni-uniswap,UNI,2026-02-09,3.495,256342
uni-uniswap,UNI,2026-02-10,3.358,389024
uni-uniswap,UNI,2026-02-11,3.366,6495567
uni-uniswap,UNI,2026-02-12,3.245,1561633
uni-uniswap,UNI,2026-02-13,3.396,774135
uni-uniswap,UNI,2026-02-14,3.625,1225720
uni-uniswap,UNI,2026-02-15,3.47,603785
uni-uniswap,UNI,2026-02-16,3.6,435861
uni-uniswap,UNI,2026-02-17,3.525,686201
uni-uniswap,UNI,2026-02-18,3.402,724440
uni-uniswap,UNI,2026-02-19,3.387,397661
uni-uniswap,UNI,2026-02-20,3.487,402678
uni-uniswap,UNI,2026-02-21,3.617,750281
uni-uniswap,UNI,2026-02-22,3.489,416582
uni-uniswap,UNI,2026-02-23,3.346,626067
uni-uniswap,UNI,2026-02-24,3.337,502701
uni-uniswap,UNI,2026-02-25,4.055,2517790
uni-uniswap,UNI,2026-02-26,3.877,926698
uni-uniswap,UNI,2026-02-27,3.744,503405
uni-uniswap,UNI,2026-02-28,3.812,795130
uni-uniswap,UNI,2026-03-01,3.746,640264
uni-uniswap,UNI,2026-03-02,3.928,777317
uni-uniswap,UNI,2026-03-03,3.916,735010
uni-uniswap,UNI,2026-03-04,3.974,781635
uni-uniswap,UNI,2026-03-05,3.972,712811
uni-uniswap,UNI,2026-03-06,3.848,454064
uni-uniswap,UNI,2026-03-07,3.768,191467
uni-uniswap,UNI,2026-03-08,3.664,239424
uni-uniswap,UNI,2026-03-09,3.86,427470
uni-uniswap,UNI,2026-03-10,3.843,453886
uni-uniswap,UNI,2026-03-11,3.889,202286
uni-uniswap,UNI,2026-03-12,3.928,138341
uni-uniswap,UNI,2026-03-13,4.002,614005
uni-uniswap,UNI,2026-03-14,3.947,191675
uni-uniswap,UNI,2026-03-15,4.067,149698
uni-uniswap,UNI,2026-03-16,4.154,1368219
uni-uniswap,UNI,2026-03-17,3.958,501597
uni-uniswap,UNI,2026-03-18,3.683,518654
uni-uniswap,UNI,2026-03-19,3.58,541170
uni-uniswap,UNI,2026-03-20,3.607,303517
uni-uniswap,UNI,2026-03-21,3.485,115598
uni-uniswap,UNI,2026-03-22,3.478,130900
uni-uniswap,UNI,2026-03-23,3.585,486964
uni-uniswap,UNI,2026-03-24,3.61,271890
uni-uniswap,UNI,2026-03-25,3.705,1104756
uni-uniswap,UNI,2026-03-26,3.529,324835
uni-uniswap,UNI,2026-03-27,3.386,274318
uni-uniswap,UNI,2026-03-28,3.383,237266
uni-uniswap,UNI,2026-03-29,3.351,242744
uni-uniswap,UNI,2026-03-30,3.475,174545
uni-uniswap,UNI,2026-03-31,3.539,305666
uni-uniswap,UNI,2026-04-01,3.567,365233
uni-uniswap,UNI,2026-04-02,3.178,2613326
uni-uniswap,UNI,2026-04-03,3.171,531766
uni-uniswap,UNI,2026-04-04,3.125,445588
uni-uniswap,UNI,2026-04-05,3.145,405805
uni-uniswap,UNI,2026-04-06,3.096,430804
uni-uniswap,UNI,2026-04-07,3.284,603807
uni-uniswap,UNI,2026-04-08,3.121,401390
uni-uniswap,UNI,2026-04-09,3.106,521460
uni-uniswap,UNI,2026-04-10,3.166,333771
uni-uniswap,UNI,2026-04-11,3.155,125519
uni-uniswap,UNI,2026-04-12,3.019,291187
uni-uniswap,UNI,2026-04-13,3.234,529027
uni-uniswap,UNI,2026-04-14,3.132,306691
uni-uniswap,UNI,2026-04-15,3.217,437874
uni-uniswap,UNI,2026-04-16,3.425,616455
uni-uniswap,UNI,2026-04-17,3.457,674790
uni-uniswap,UNI,2026-04-18,3.356,299403
uni-uniswap,UNI,2026-04-19,3.232,176421
uni-uniswap,UNI,2026-04-20,3.238,740748
uni-uniswap,UNI,2026-04-21,3.273,385053
uni-uniswap,UNI,2026-04-22,3.318,261359
uni-uniswap,UNI,2026-04-23,3.293,374948
uni-uniswap,UNI,2026-04-24,3.251,402457
uni-uniswap,UNI,2026-04-25,3.258,138593
uni-uniswap,UNI,2026-04-26,3.295,182359
uni-uniswap,UNI,2026-04-27,3.251,277692
uni-uniswap,UNI,2026-04-28,3.243,99860
uni-uniswap,UNI,2026-04-29,3.191,197294
uni-uniswap,UNI,2026-04-30,3.184,205528
uni-uniswap,UNI,2026-05-01,3.203,84113
uni-uniswap,UNI,2026-05-02,3.254,109545
uni-uniswap,UNI,2026-05-03,3.234,105317
uni-uniswap,UNI,2026-05-04,3.27,1117884
uni-uniswap,UNI,2026-05-05,3.36,504783
uni-uniswap,UNI,2026-05-06,3.474,577581
uni-uniswap,UNI,2026-05-07,3.437,441977
uni-uniswap,UNI,2026-05-08,3.709,1395769
uni-uniswap,UNI,2026-05-09,3.81,624519
uni-uniswap,UNI,2026-05-10,3.99,2623130
uni-uniswap,UNI,2026-05-11,3.897,542886
uni-uniswap,UNI,2026-05-12,3.764,603755
uni-uniswap,UNI,2026-05-13,3.625,466737
uni-uniswap,UNI,2026-05-14,3.726,365508
uni-uniswap,UNI,2026-05-15,3.601,501823
uni-uniswap,UNI,2026-05-16,3.487,377819
uni-uniswap,UNI,2026-05-17,3.47,412746
uni-uniswap,UNI,2026-05-18,3.542,592312
uni-uniswap,UNI,2026-05-19,3.459,267846
uni-uniswap,UNI,2026-05-20,3.612,701070
uni-uniswap,UNI,2026-05-21,3.605,498450
uni-uniswap,UNI,2026-05-22,3.4,1630650
uni-uniswap,UNI,2026-05-23,3.463,1388206
uni-uniswap,UNI,2026-05-24,3.385,198142
uni-uniswap,UNI,2026-05-25,3.326,869041
uni-uniswap,UNI,2026-05-26,3.244,606559
uni-uniswap,UNI,2026-05-27,3.09,2087083
uni-uniswap,UNI,2026-05-28,3.05,765932
uni-uniswap,UNI,2026-05-29,3.019,1288303
uni-uniswap,UNI,2026-05-30,3.05,429985
uni-uniswap,UNI,2026-05-31,3.022,540873
uni-uniswap,UNI,2026-06-01,2.978,488757
uni-uniswap,UNI,2026-06-02,2.798,625317
uni-uniswap,UNI,2026-06-03,2.796,678320
uni-uniswap,UNI,2026-06-04,2.6511,687798
uni-uniswap,UNI,2026-06-05,2.4594,1039155
uni-uniswap,UNI,2026-06-06,2.465,296768
uni-uniswap,UNI,2026-06-07,2.5689,656717
uni-uniswap,UNI,2026-06-08,2.5145,667971
uni-uniswap,UNI,2026-06-09,2.477,515231
uni-uniswap,UNI,2026-06-10,2.3945,511724
uni-uniswap,UNI,2026-06-11,2.4953,1117353
uni-uniswap,UNI,2026-06-12,2.4936,503180
uni-uniswap,UNI,2026-06-13,2.5552,185110
uni-uniswap,UNI,2026-06-14,2.5891,293759
uni-uniswap,UNI,2026-06-15,2.8418,1672776
uni-uniswap,UNI,2026-06-16,3.2867,5205575
uni-uniswap,UNI,2026-06-17,3.2218,7493687
uni-uniswap,UNI,2026-06-18,3.2063,2275095
uni-uniswap,UNI,2026-06-19,3.0876,756543
uni-uniswap,UNI,2026-06-20,3.0011,794097
uni-uniswap,UNI,2026-06-21,2.9855,704901
uni-uniswap,UNI,2026-06-22,2.9779,762961
uni-uniswap,UNI,2026-06-23,2.9151,873138
uni-uniswap,UNI,2026-06-24,2.9182,687723
uni-uniswap,UNI,2026-06-25,2.8849,1038195
uni-uniswap,UNI,2026-06-26,2.9573,547235
uni-uniswap,UNI,2026-06-27,2.921,436430
uni-uniswap,UNI,2026-06-28,2.9244,402256
uni-uniswap,UNI,2026-06-29,2.8899,591407
uni-uniswap,UNI,2026-06-30,2.7767,439071
uni-uniswap,UNI,2026-07-01,2.7889,680582
uni-uniswap,UNI,2026-07-02,3.18,2837429
uni-uniswap,UNI,2026-07-03,3.2072,905254
uni-uniswap,UNI,2026-07-04,3.2136,294906
uni-uniswap,UNI,2026-07-05,3.1725,373173
uni-uniswap,UNI,2026-07-06,3.1774,416215
uni-uniswap,UNI,2026-07-07,3.1897,403830
uni-uniswap,UNI,2026-07-08,3.2787,2725975
uni-uniswap,UNI,2026-07-09,3.3937,1355270
uni-uniswap,UNI,2026-07-10,3.5219,1343321
uni-uniswap,UNI,2026-07-11,3.6594,1555908
uni-uniswap,UNI,2026-07-12,3.5936,756157
uni-uniswap,UNI,2026-07-13,3.5518,1262230
uni-uniswap,UNI,2026-07-14,3.6649,905579
uni-uniswap,UNI,2026-07-15,3.6157,711282
uni-uniswap,UNI,2026-07-16,3.5376,982693
uni-uniswap,UNI,2026-07-17,3.6398,704517
uni-uniswap,UNI,2026-07-18,3.5674,294339
uni-uniswap,UNI,2026-07-19,3.5161,368881
uni-uniswap,UNI,2026-07-20,3.6306,785160
uni-uniswap,UNI,2026-07-21,3.7189,460244
uni-uniswap,UNI,2026-07-22,3.7769,796489
uni-uniswap,UNI,2026-07-23,3.7456,868613
uni-uniswap,UNI,2026-07-24,3.776,554044
uni-uniswap,UNI,2026-07-25,3.6647,313746
uni-uniswap,UNI,2026-07-26,3.8896,1126757
uni-uniswap,UNI,2026-07-27,3.7031,850149
uni-uniswap,UNI,2026-07-28,3.8881,1233089
uni-uniswap,UNI,2026-07-29,3.9848,1642219
uni-uniswap,UNI,2026-07-30,4.4304,2405600
uni-uniswap,UNI,2026-07-31,4.3455,2610896
uni-uniswap,UNI,2026-08-01,4.0833,1155709
uni-uniswap,UNI,2026-08-02,4.1627,843949
uni-uniswap,UNI,2026-08-03,3.9049,1828921
uni-uniswap,UNI,2026-08-04,3.8549,1310554
uni-uniswap,UNI,2026-08-05,4.0442,1267515
uni-uniswap,UNI,2026-08-06,4.0124,1367743
uni-uniswap,UNI,2026-08-07,3.9785,600505
uni-uniswap,UNI,2026-08-08,4.0044,141455
uni-uniswap,UNI,2026-08-09,3.98,678284
uni-uniswap,UNI,2026-08-10,3.9405,476743
uni-uniswap,UNI,2026-08-11,3.7488,944781
uni-uniswap,UNI,2026-08-12,3.5751,2820640
uni-uniswap,UNI,2026-08-13,3.4699,809842
uni-uniswap,UNI,2026-08-14,3.1976,2363524
uni-uniswap,UNI,2026-08-15,3.2348,707278
uni-uniswap,UNI,2026-08-16,3.27,761594
uni-uniswap,UNI,2026-08-17,3.2844,678053
uni-uniswap,UNI,2026-08-18,3.2918,399910
uni-uniswap,UNI,2026-08-19,3.6317,2448129
uni-uniswap,UNI,2026-08-20,3.7616,1507657
uni-uniswap,UNI,2026-08-21,4.1405,1700892
uni-uniswap,UNI,2026-08-22,4.3177,4078409
uni-uniswap,UNI,2026-08-23,4.5273,3723767
uni-uniswap,UNI,2026-08-24,4.3314,1653676
uni-uniswap,UNI,2026-08-25,4.264,1453780
uni-uniswap,UNI,2026-08-26,4.3821,973261
uni-uniswap,UNI,2026-08-27,4.6748,1550567
uni-uniswap,UNI,2026-08-28,4.4322,2025534
uni-uniswap,UNI,2026-08-29,4.6811,856359
uni-uniswap,UNI,2026-08-30,5.1417,5509904
uni-uniswap,UNI,2026-08-31,5.2336,2700559
uni-uniswap,UNI,2026-09-01,5.849,8460576
uni-uniswap,UNI,2026-09-02,5.8554,11274869
uni-uniswap,UNI,2026-09-03,6.3329,8599323
uni-uniswap,UNI,2026-09-04,6.1845,5141318
uni-uniswap,UNI,2026-09-05,7.0471,7412199
uni-uniswap,UNI,2026-09-06,7.3005,9302672
uni-uniswap,UNI,2026-09-07,6.861,9063005
uni-uniswap,UNI,2026-09-08,6.7497,6399464
uni-uniswap,UNI,2026-09-09,6.1605,6102961
uni-uniswap,UNI,2026-09-10,5.9464,4902814
uni-uniswap,UNI,2026-09-11,5.9988,6061772
uni-uniswap,UNI,2026-09-12,6.3738,3694268
uni-uniswap,UNI,2026-09-13,6.1241,2977780
uni-uniswap,UNI,2026-09-14,6.53,4252077
uni-uniswap,UNI,2026-09-15,6.3754,8802110
uni-uniswap,UNI,2026-09-16,6.6986,6565697
uni-uniswap,UNI,2026-09-17,7.7917,11509059
uni-uniswap,UNI,2026-09-18,8.8696,28347726
uni-uniswap,UNI,2026-09-19,8.6713,12788353
uni-uniswap,UNI,2026-09-20,8.7279,6670050
uni-uniswap,UNI,2026-09-21,8.988,14770874
uni-uniswap,UNI,2026-09-22,10.2157,26655759
uni-uniswap,UNI,2026-09-23,9.2338,28966841
uni-uniswap,UNI,2026-09-24,9.1448,10332073
uni-uniswap,UNI,2026-09-25,9.6349,11774186
uni-uniswap,UNI,2026-09-26,9.705,6652565
uni-uniswap,UNI,2026-09-27,9.6782,6742314
uni-uniswap,UNI,2026-09-28,8.8021,10110486
uni-uniswap,UNI,2026-09-29,8.8863,6024322
uni-uniswap,UNI,2026-09-30,8.836,63993
ltc-litecoin,LTC,2025-09-30,106.85,4102946
ltc-litecoin,LTC,2025-10-01,115.14,5081306
ltc-litecoin,LTC,2025-10-02,119.6,16376988
ltc-litecoin,LTC,2025-10-03,120.51,8832435
ltc-litecoin,LTC,2025-10-04,120.55,3816519
ltc-litecoin,LTC,2025-10-05,118.86,4493173
ltc-litecoin,LTC,2025-10-06,118.41,5044268
ltc-litecoin,LTC,2025-10-07,116.96,4575949
ltc-litecoin,LTC,2025-10-08,118.61,3648582
ltc-litecoin,LTC,2025-10-09,125.93,8180528
ltc-litecoin,LTC,2025-10-10,97.95,38193775
ltc-litecoin,LTC,2025-10-11,93.46,11596262
ltc-litecoin,LTC,2025-10-12,98.91,10095990
ltc-litecoin,LTC,2025-10-13,99.52,10659055
ltc-litecoin,LTC,2025-10-14,97.33,9357290
ltc-litecoin,LTC,2025-10-15,95.54,5816435
ltc-litecoin,LTC,2025-10-16,91.8,4485092
ltc-litecoin,LTC,2025-10-17,90.1,5644780
ltc-litecoin,LTC,2025-10-18,91.7,2132271
ltc-litecoin,LTC,2025-10-19,93.3,1792390
ltc-litecoin,LTC,2025-10-20,94.03,2526445
ltc-litecoin,LTC,2025-10-21,92.5,3705678
ltc-litecoin,LTC,2025-10-22,91.9,5258658
ltc-litecoin,LTC,2025-10-23,94.05,1983736
ltc-litecoin,LTC,2025-10-24,96.41,2908777
ltc-litecoin,LTC,2025-10-25,96.97,1049226
ltc-litecoin,LTC,2025-10-26,99.94,2638574
ltc-litecoin,LTC,2025-10-27,99.4,4577588
ltc-litecoin,LTC,2025-10-28,96.68,6355601
ltc-litecoin,LTC,2025-10-29,98.55,3774238
ltc-litecoin,LTC,2025-10-30,93.42,4428983
ltc-litecoin,LTC,2025-10-31,95.37,3582965
ltc-litecoin,LTC,2025-11-01,101.41,2681264
ltc-litecoin,LTC,2025-11-02,99.48,3942045
ltc-litecoin,LTC,2025-11-03,87.39,7303141
ltc-litecoin,LTC,2025-11-04,85.23,7206167
ltc-litecoin,LTC,2025-11-05,89.36,3508240
ltc-litecoin,LTC,2025-11-06,86.96,5292157
ltc-litecoin,LTC,2025-11-07,101.87,22528244
ltc-litecoin,LTC,2025-11-08,106.72,9667430
ltc-litecoin,LTC,2025-11-09,110.35,32747158
ltc-litecoin,LTC,2025-11-10,104.2,15481638
ltc-litecoin,LTC,2025-11-11,99.62,7526357
ltc-litecoin,LTC,2025-11-12,97.58,7657818
ltc-litecoin,LTC,2025-11-13,96.5,9033845
ltc-litecoin,LTC,2025-11-14,97.53,10976657
ltc-litecoin,LTC,2025-11-15,101.62,13722864
ltc-litecoin,LTC,2025-11-16,95.69,10448861
ltc-litecoin,LTC,2025-11-17,91.12,10453434
ltc-litecoin,LTC,2025-11-18,95.61,8995024
ltc-litecoin,LTC,2025-11-19,92.84,11541307
ltc-litecoin,LTC,2025-11-20,87.05,4526076
ltc-litecoin,LTC,2025-11-21,82.61,9575871
ltc-litecoin,LTC,2025-11-22,82.07,3649928
ltc-litecoin,LTC,2025-11-23,83.08,3486107
ltc-litecoin,LTC,2025-11-24,85.47,7671528
ltc-litecoin,LTC,2025-11-25,85.29,4069095
ltc-litecoin,LTC,2025-11-26,86.84,7185380
ltc-litecoin,LTC,2025-11-27,86.58,3666480
ltc-litecoin,LTC,2025-11-28,84.24,3884026
ltc-litecoin,LTC,2025-11-29,83.97,1531481
ltc-litecoin,LTC,2025-11-30,82.32,5444112
ltc-litecoin,LTC,2025-12-01,77.59,4861295
ltc-litecoin,LTC,2025-12-02,82.85,4820959
ltc-litecoin,LTC,2025-12-03,85.86,3390324
ltc-litecoin,LTC,2025-12-04,83.55,2215544
ltc-litecoin,LTC,2025-12-05,80.41,2058965
ltc-litecoin,LTC,2025-12-06,81.69,1376544
ltc-litecoin,LTC,2025-12-07,81.47,2290289
ltc-litecoin,LTC,2025-12-08,83.92,1825885
ltc-litecoin,LTC,2025-12-09,85.91,2591560
ltc-litecoin,LTC,2025-12-10,84.32,3043954
ltc-litecoin,LTC,2025-12-11,82.95,2407559
ltc-litecoin,LTC,2025-12-12,81.96,2051884
ltc-litecoin,LTC,2025-12-13,81.47,1534910
ltc-litecoin,LTC,2025-12-14,78.96,2524427
ltc-litecoin,LTC,2025-12-15,77.54,2641777
ltc-litecoin,LTC,2025-12-16,79.07,2272171
ltc-litecoin,LTC,2025-12-17,76.0,4105649
ltc-litecoin,LTC,2025-12-18,74.24,5319250
ltc-litecoin,LTC,2025-12-19,77.46,3440751
ltc-litecoin,LTC,2025-12-20,77.81,1634949
ltc-litecoin,LTC,2025-12-21,76.71,1949908
ltc-litecoin,LTC,2025-12-22,76.97,2149396
ltc-litecoin,LTC,2025-12-23,76.95,1842487
ltc-litecoin,LTC,2025-12-24,75.73,3062736
ltc-litecoin,LTC,2025-12-25,75.68,2542363
ltc-litecoin,LTC,2025-12-26,76.83,2111204
ltc-litecoin,LTC,2025-12-27,80.26,1642673
ltc-litecoin,LTC,2025-12-28,78.64,2025698
ltc-litecoin,LTC,2025-12-29,78.22,2675904
ltc-litecoin,LTC,2025-12-30,78.81,1464941
ltc-litecoin,LTC,2025-12-31,76.73,2549053
ltc-litecoin,LTC,2026-01-01,79.86,1766954
ltc-litecoin,LTC,2026-01-02,81.86,2250897
ltc-litecoin,LTC,2026-01-03,82.05,1329840
ltc-litecoin,LTC,2026-01-04,82.23,1820419
ltc-litecoin,LTC,2026-01-05,83.45,3437392
ltc-litecoin,LTC,2026-01-06,83.94,3232136
ltc-litecoin,LTC,2026-01-07,81.64,3721553
ltc-litecoin,LTC,2026-01-08,81.26,3168431
ltc-litecoin,LTC,2026-01-09,81.35,3527915
ltc-litecoin,LTC,2026-01-10,81.09,2152571
ltc-litecoin,LTC,2026-01-11,78.64,3660264
ltc-litecoin,LTC,2026-01-12,76.05,10872279
ltc-litecoin,LTC,2026-01-13,78.16,8408379
ltc-litecoin,LTC,2026-01-14,76.68,15258692
ltc-litecoin,LTC,2026-01-15,72.16,15038607
ltc-litecoin,LTC,2026-01-16,75.22,9178661
ltc-litecoin,LTC,2026-01-17,74.88,3608489
ltc-litecoin,LTC,2026-01-18,72.23,4461489
ltc-litecoin,LTC,2026-01-19,70.75,7485248
ltc-litecoin,LTC,2026-01-20,67.02,4819266
ltc-litecoin,LTC,2026-01-21,68.44,3745476
ltc-litecoin,LTC,2026-01-22,68.14,2515501
ltc-litecoin,LTC,2026-01-23,68.0,2739152
ltc-litecoin,LTC,2026-01-24,68.1,1334523
ltc-litecoin,LTC,2026-01-25,67.2,5535344
ltc-litecoin,LTC,2026-01-26,69.66,2434616
ltc-litecoin,LTC,2026-01-27,69.93,3172937
ltc-litecoin,LTC,2026-01-28,69.32,3196135
ltc-litecoin,LTC,2026-01-29,66.1,3886842
ltc-litecoin,LTC,2026-01-30,65.34,3321043
ltc-litecoin,LTC,2026-01-31,59.48,9893567
ltc-litecoin,LTC,2026-02-01,58.47,4672776
ltc-litecoin,LTC,2026-02-02,59.95,5312019
ltc-litecoin,LTC,2026-02-03,59.38,3758911
ltc-litecoin,LTC,2026-02-04,58.7,4418670
ltc-litecoin,LTC,2026-02-05,50.64,7104325
ltc-litecoin,LTC,2026-02-06,55.0,5883384
ltc-litecoin,LTC,2026-02-07,55.23,2312885
ltc-litecoin,LTC,2026-02-08,54.49,1056442
ltc-litecoin,LTC,2026-02-09,54.44,2443364
ltc-litecoin,LTC,2026-02-10,53.34,2061825
ltc-litecoin,LTC,2026-02-11,52.26,3156215
ltc-litecoin,LTC,2026-02-12,53.1,2371677
ltc-litecoin,LTC,2026-02-13,55.03,3227340
ltc-litecoin,LTC,2026-02-14,56.01,3572551
ltc-litecoin,LTC,2026-02-15,55.04,3462375
ltc-litecoin,LTC,2026-02-16,55.12,2190447
ltc-litecoin,LTC,2026-02-17,53.9,3830304
ltc-litecoin,LTC,2026-02-18,53.31,1811220
ltc-litecoin,LTC,2026-02-19,52.68,1074104
ltc-litecoin,LTC,2026-02-20,55.17,3068526
ltc-litecoin,LTC,2026-02-21,54.94,1451480
ltc-litecoin,LTC,2026-02-22,53.48,2398465
ltc-litecoin,LTC,2026-02-23,51.36,4544555
ltc-litecoin,LTC,2026-02-24,51.18,1817920
ltc-litecoin,LTC,2026-02-25,56.7,4748851
ltc-litecoin,LTC,2026-02-26,55.62,3277749
ltc-litecoin,LTC,2026-02-27,54.54,2005043
ltc-litecoin,LTC,2026-02-28,54.44,3419486
ltc-litecoin,LTC,2026-03-01,53.26,1874493
ltc-litecoin,LTC,2026-03-02,54.57,3711024
ltc-litecoin,LTC,2026-03-03,54.79,2216852
ltc-litecoin,LTC,2026-03-04,56.81,3650715
ltc-litecoin,LTC,2026-03-05,55.48,2743473
ltc-litecoin,LTC,2026-03-06,53.79,1873145
ltc-litecoin,LTC,2026-03-07,53.59,973191
ltc-litecoin,LTC,2026-03-08,52.61,1712429
ltc-litecoin,LTC,2026-03-09,53.77,1790155
ltc-litecoin,LTC,2026-03-10,53.86,1955630
ltc-litecoin,LTC,2026-03-11,54.81,2087567
ltc-litecoin,LTC,2026-03-12,54.55,1645484
ltc-litecoin,LTC,2026-03-13,55.34,3903500
ltc-litecoin,LTC,2026-03-14,55.01,2249659
ltc-litecoin,LTC,2026-03-15,56.26,1228973
ltc-litecoin,LTC,2026-03-16,58.7,2062918
ltc-litecoin,LTC,2026-03-17,58.11,2484021
ltc-litecoin,LTC,2026-03-18,56.1,2083935
ltc-litecoin,LTC,2026-03-19,55.54,1720464
ltc-litecoin,LTC,2026-03-20,56.17,1437248
ltc-litecoin,LTC,2026-03-21,54.79,1463291
ltc-litecoin,LTC,2026-03-22,53.51,977580
ltc-litecoin,LTC,2026-03-23,55.7,2194876
ltc-litecoin,LTC,2026-03-24,56.39,1565370
ltc-litecoin,LTC,2026-03-25,56.64,1123669
ltc-litecoin,LTC,2026-03-26,54.55,4205465
ltc-litecoin,LTC,2026-03-27,53.67,2918799
ltc-litecoin,LTC,2026-03-28,53.82,1759431
ltc-litecoin,LTC,2026-03-29,53.28,1105106
ltc-litecoin,LTC,2026-03-30,53.31,2537982
ltc-litecoin,LTC,2026-03-31,53.91,2968668
ltc-litecoin,LTC,2026-04-01,53.83,2216508
ltc-litecoin,LTC,2026-04-02,52.31,2130512
ltc-litecoin,LTC,2026-04-03,53.22,1382010
ltc-litecoin,LTC,2026-04-04,53.58,1442490
ltc-litecoin,LTC,2026-04-05,54.12,1850483
ltc-litecoin,LTC,2026-04-06,53.55,1485083
ltc-litecoin,LTC,2026-04-07,55.36,2110958
ltc-litecoin,LTC,2026-04-08,53.98,1487717
ltc-litecoin,LTC,2026-04-09,54.55,2322059
ltc-litecoin,LTC,2026-04-10,54.97,1676620
ltc-litecoin,LTC,2026-04-11,55.07,1241441
ltc-litecoin,LTC,2026-04-12,53.51,1214778
ltc-litecoin,LTC,2026-04-13,54.66,1941827
ltc-litecoin,LTC,2026-04-14,54.29,2092215
ltc-litecoin,LTC,2026-04-15,55.15,1999592
ltc-litecoin,LTC,2026-04-16,56.39,2411161
ltc-litecoin,LTC,2026-04-17,56.46,1897695
ltc-litecoin,LTC,2026-04-18,55.68,1300620
ltc-litecoin,LTC,2026-04-19,54.08,1307486
ltc-litecoin,LTC,2026-04-20,55.05,2213278
ltc-litecoin,LTC,2026-04-21,55.6,1868285
ltc-litecoin,LTC,2026-04-22,55.51,1360407
ltc-litecoin,LTC,2026-04-23,56.24,1472122
ltc-litecoin,LTC,2026-04-24,56.58,1144479
ltc-litecoin,LTC,2026-04-25,56.08,1213782
ltc-litecoin,LTC,2026-04-26,56.3,1066420
ltc-litecoin,LTC,2026-04-27,55.57,1486243
ltc-litecoin,LTC,2026-04-28,55.72,1260117
ltc-litecoin,LTC,2026-04-29,55.31,2276657
ltc-litecoin,LTC,2026-04-30,55.16,1294834
ltc-litecoin,LTC,2026-05-01,55.41,1548616
ltc-litecoin,LTC,2026-05-02,55.38,1465248
ltc-litecoin,LTC,2026-05-03,55.28,1631357
ltc-litecoin,LTC,2026-05-04,54.95,3624097
ltc-litecoin,LTC,2026-05-05,56.37,4242979
ltc-litecoin,LTC,2026-05-06,56.76,3647066
ltc-litecoin,LTC,2026-05-07,56.44,2003685
ltc-litecoin,LTC,2026-05-08,58.33,4302888
ltc-litecoin,LTC,2026-05-09,57.99,3080624
ltc-litecoin,LTC,2026-05-10,60.36,4768838
ltc-litecoin,LTC,2026-05-11,58.51,2515169
ltc-litecoin,LTC,2026-05-12,58.12,3505475
ltc-litecoin,LTC,2026-05-13,56.98,4232265
ltc-litecoin,LTC,2026-05-14,58.21,3851249
ltc-litecoin,LTC,2026-05-15,57.47,3124230
ltc-litecoin,LTC,2026-05-16,56.13,2108266
ltc-litecoin,LTC,2026-05-17,54.56,2188681
ltc-litecoin,LTC,2026-05-18,54.33,2066021
ltc-litecoin,LTC,2026-05-19,54.45,1702082
ltc-litecoin,LTC,2026-05-20,53.9,2084816
ltc-litecoin,LTC,2026-05-21,54.15,1869752
ltc-litecoin,LTC,2026-05-22,52.62,2473848
ltc-litecoin,LTC,2026-05-23,53.44,2125305
ltc-litecoin,LTC,2026-05-24,52.71,1021440
ltc-litecoin,LTC,2026-05-25,52.69,1098816
ltc-litecoin,LTC,2026-05-26,51.86,1284782
ltc-litecoin,LTC,2026-05-27,51.9,1256729
ltc-litecoin,LTC,2026-05-28,51.62,1809412
ltc-litecoin,LTC,2026-05-29,51.83,1762216
ltc-litecoin,LTC,2026-05-30,52.39,1070731
ltc-litecoin,LTC,2026-05-31,52.0,958298
ltc-litecoin,LTC,2026-06-01,50.76,1407191
ltc-litecoin,LTC,2026-06-02,46.83,3757348
ltc-litecoin,LTC,2026-06-03,47.06,2874645
ltc-litecoin,LTC,2026-06-04,45.59,2973169
ltc-litecoin,LTC,2026-06-05,43.31,4161047
ltc-litecoin,LTC,2026-06-06,41.37,3795965
ltc-litecoin,LTC,2026-06-07,42.83,3823768
ltc-litecoin,LTC,2026-06-08,43.04,1585556
ltc-litecoin,LTC,2026-06-09,43.01,2264879
ltc-litecoin,LTC,2026-06-10,41.72,2777012
ltc-litecoin,LTC,2026-06-11,42.43,3551063
ltc-litecoin,LTC,2026-06-12,43.07,2243448
ltc-litecoin,LTC,2026-06-13,44.32,2000704
ltc-litecoin,LTC,2026-06-14,45.41,2387195
ltc-litecoin,LTC,2026-06-15,45.75,2988508
ltc-litecoin,LTC,2026-06-16,45.67,2520063
ltc-litecoin,LTC,2026-06-17,44.91,1288121
ltc-litecoin,LTC,2026-06-18,43.83,1267062
ltc-litecoin,LTC,2026-06-19,44.03,1525098
ltc-litecoin,LTC,2026-06-20,44.53,1120181
ltc-litecoin,LTC,2026-06-21,44.44,1192759
ltc-litecoin,LTC,2026-06-22,44.51,1651056
ltc-litecoin,LTC,2026-06-23,42.15,2132950
ltc-litecoin,LTC,2026-06-24,41.14,3548313
ltc-litecoin,LTC,2026-06-25,40.87,2287747
ltc-litecoin,LTC,2026-06-26,41.86,4818372
ltc-litecoin,LTC,2026-06-27,42.12,2323181
ltc-litecoin,LTC,2026-06-28,42.42,1846864
ltc-litecoin,LTC,2026-06-29,43.14,2511751
ltc-litecoin,LTC,2026-06-30,41.91,2154492
ltc-litecoin,LTC,2026-07-01,42.68,2671100
ltc-litecoin,LTC,2026-07-02,43.52,2290871
ltc-litecoin,LTC,2026-07-03,44.81,3563119
ltc-litecoin,LTC,2026-07-04,44.8,2723923
ltc-litecoin,LTC,2026-07-05,45.77,2193754
ltc-litecoin,LTC,2026-07-06,44.8,2890893
ltc-litecoin,LTC,2026-07-07,43.86,3221905
ltc-litecoin,LTC,2026-07-08,43.64,4054852
ltc-litecoin,LTC,2026-07-09,43.79,1721072
ltc-litecoin,LTC,2026-07-10,44.75,1796474
ltc-litecoin,LTC,2026-07-11,44.62,2007646
ltc-litecoin,LTC,2026-07-12,43.98,1544114
ltc-litecoin,LTC,2026-07-13,43.5,1889678
ltc-litecoin,LTC,2026-07-14,45.38,2578198
ltc-litecoin,LTC,2026-07-15,45.14,2038562
ltc-litecoin,LTC,2026-07-16,44.92,1698835
ltc-litecoin,LTC,2026-07-17,45.14,1749537
ltc-litecoin,LTC,2026-07-18,46.99,3346889
ltc-litecoin,LTC,2026-07-19,47.04,2342372
ltc-litecoin,LTC,2026-07-20,47.33,2539224
ltc-litecoin,LTC,2026-07-21,46.84,2522268
ltc-litecoin,LTC,2026-07-22,47.13,2035627
ltc-litecoin,LTC,2026-07-23,46.94,1950820
ltc-litecoin,LTC,2026-07-24,46.33,1772619
ltc-litecoin,LTC,2026-07-25,46.53,1115834
ltc-litecoin,LTC,2026-07-26,47.82,2200732
ltc-litecoin,LTC,2026-07-27,46.02,1475251
ltc-litecoin,LTC,2026-07-28,46.17,1549220
ltc-litecoin,LTC,2026-07-29,45.41,3630492
ltc-litecoin,LTC,2026-07-30,45.55,2547521
ltc-litecoin,LTC,2026-07-31,44.27,1629625
ltc-litecoin,LTC,2026-08-01,44.21,2145888
ltc-litecoin,LTC,2026-08-02,44.63,1721274
ltc-litecoin,LTC,2026-08-03,44.27,868361
ltc-litecoin,LTC,2026-08-04,44.81,1196585
ltc-litecoin,LTC,2026-08-05,45.29,1612613
ltc-litecoin,LTC,2026-08-06,45.42,1228028
ltc-litecoin,LTC,2026-08-07,45.54,1099840
ltc-litecoin,LTC,2026-08-08,45.98,781581
ltc-litecoin,LTC,2026-08-09,45.43,1329498
ltc-litecoin,LTC,2026-08-10,45.07,997409
ltc-litecoin,LTC,2026-08-11,45.48,1075384
ltc-litecoin,LTC,2026-08-12,44.85,1143156
ltc-litecoin,LTC,2026-08-13,44.8,1352097
ltc-litecoin,LTC,2026-08-14,43.81,1508866
ltc-litecoin,LTC,2026-08-15,44.08,805150
ltc-litecoin,LTC,2026-08-16,44.1,862773
ltc-litecoin,LTC,2026-08-17,44.54,1445942
ltc-litecoin,LTC,2026-08-18,44.34,955257
ltc-litecoin,LTC,2026-08-19,46.78,4953482
ltc-litecoin,LTC,2026-08-20,47.81,4433277
ltc-litecoin,LTC,2026-08-21,53.16,6837679
ltc-litecoin,LTC,2026-08-22,52.46,6534944
ltc-litecoin,LTC,2026-08-23,52.28,4573621
ltc-litecoin,LTC,2026-08-24,51.65,3832833
ltc-litecoin,LTC,2026-08-25,49.96,2922688
ltc-litecoin,LTC,2026-08-26,50.5,1820513
ltc-litecoin,LTC,2026-08-27,49.94,2692353
ltc-litecoin,LTC,2026-08-28,49.35,3112695
ltc-litecoin,LTC,2026-08-29,49.02,1246373
ltc-litecoin,LTC,2026-08-30,47.98,2294183
ltc-litecoin,LTC,2026-08-31,48.55,2302945
ltc-litecoin,LTC,2026-09-01,49.54,3396586
ltc-litecoin,LTC,2026-09-02,49.68,2964178
ltc-litecoin,LTC,2026-09-03,51.5,3158051
ltc-litecoin,LTC,2026-09-04,50.79,2670624
ltc-litecoin,LTC,2026-09-05,54.71,7680108
ltc-litecoin,LTC,2026-09-06,54.98,2826218
ltc-litecoin,LTC,2026-09-07,55.21,9054732
ltc-litecoin,LTC,2026-09-08,54.29,4189397
ltc-litecoin,LTC,2026-09-09,53.21,4657703
ltc-litecoin,LTC,2026-09-10,52.13,3180559
ltc-litecoin,LTC,2026-09-11,53.28,3594162
ltc-litecoin,LTC,2026-09-12,53.65,1579648
ltc-litecoin,LTC,2026-09-13,53.76,2513290
ltc-litecoin,LTC,2026-09-14,53.12,2973245
ltc-litecoin,LTC,2026-09-15,51.24,3400466
ltc-litecoin,LTC,2026-09-16,51.66,2502600
ltc-litecoin,LTC,2026-09-17,53.93,5591947
ltc-litecoin,LTC,2026-09-18,58.16,5560220
ltc-litecoin,LTC,2026-09-19,58.25,8673227
ltc-litecoin,LTC,2026-09-20,58.7,3619875
ltc-litecoin,LTC,2026-09-21,62.04,15673328
ltc-litecoin,LTC,2026-09-22,62.97,12162883
ltc-litecoin,LTC,2026-09-23,61.87,14011142
ltc-litecoin,LTC,2026-09-24,71.93,46472349
ltc-litecoin,LTC,2026-09-25,72.56,18428451
ltc-litecoin,LTC,2026-09-26,72.59,11453621
ltc-litecoin,LTC,2026-09-27,71.28,7092536
ltc-litecoin,LTC,2026-09-28,69.21,20383118
ltc-litecoin,LTC,2026-09-29,66.82,5089624
ltc-litecoin,LTC,2026-09-30,67.04,120164
cc-canton-network,CC,2025-11-10,0.11843,4742567
cc-canton-network,CC,2025-11-11,0.11745,3197063
cc-canton-network,CC,2025-11-12,0.13231,2013230
cc-canton-network,CC,2025-11-13,0.11014,1315641
cc-canton-network,CC,2025-11-14,0.11818,1354009
cc-canton-network,CC,2025-11-15,0.11327,878540
cc-canton-network,CC,2025-11-16,0.11175,588724
cc-canton-network,CC,2025-11-17,0.1129,2056147
cc-canton-network,CC,2025-11-18,0.1096,648906
cc-canton-network,CC,2025-11-19,0.09986,905330
cc-canton-network,CC,2025-11-20,0.09401,1134623
cc-canton-network,CC,2025-11-21,0.08207,2080153
cc-canton-network,CC,2025-11-22,0.07516,347808
cc-canton-network,CC,2025-11-23,0.07927,609114
cc-canton-network,CC,2025-11-24,0.09715,901710
cc-canton-network,CC,2025-11-25,0.09,450798
cc-canton-network,CC,2025-11-26,0.08853,732264
cc-canton-network,CC,2025-11-27,0.08657,176554
cc-canton-network,CC,2025-11-28,0.08462,302835
cc-canton-network,CC,2025-11-29,0.08534,160763
cc-canton-network,CC,2025-11-30,0.0842,188366
cc-canton-network,CC,2025-12-01,0.08018,667673
cc-canton-network,CC,2025-12-02,0.07849,1009339
cc-canton-network,CC,2025-12-03,0.07816,609047
cc-canton-network,CC,2025-12-04,0.07217,1203607
cc-canton-network,CC,2025-12-05,0.06229,747861
cc-canton-network,CC,2025-12-06,0.06304,875319
cc-canton-network,CC,2025-12-07,0.0637,288146
cc-canton-network,CC,2025-12-08,0.07621,860500
cc-canton-network,CC,2025-12-09,0.07417,637659
cc-canton-network,CC,2025-12-10,0.07542,294702
cc-canton-network,CC,2025-12-11,0.07663,315941
cc-canton-network,CC,2025-12-12,0.07057,305431
cc-canton-network,CC,2025-12-13,0.07163,109378
cc-canton-network,CC,2025-12-14,0.07161,174493
cc-canton-network,CC,2025-12-15,0.07123,376785
cc-canton-network,CC,2025-12-16,0.07175,362900
cc-canton-network,CC,2025-12-17,0.07696,654933
cc-canton-network,CC,2025-12-18,0.0757,817853
cc-canton-network,CC,2025-12-19,0.08391,788916
cc-canton-network,CC,2025-12-20,0.10197,2045636
cc-canton-network,CC,2025-12-21,0.09823,1994870
cc-canton-network,CC,2025-12-22,0.08968,1642040
cc-canton-network,CC,2025-12-23,0.09064,1199442
cc-canton-network,CC,2025-12-24,0.10182,2090880
cc-canton-network,CC,2025-12-25,0.09841,984925
cc-canton-network,CC,2025-12-26,0.10013,1032062
cc-canton-network,CC,2025-12-27,0.11398,1655190
cc-canton-network,CC,2025-12-28,0.14063,5907683
cc-canton-network,CC,2025-12-29,0.12608,3814342
cc-canton-network,CC,2025-12-30,0.14788,5237316
cc-canton-network,CC,2025-12-31,0.15243,3650972
cc-canton-network,CC,2026-01-01,0.15838,7087680
cc-canton-network,CC,2026-01-02,0.14837,3962137
cc-canton-network,CC,2026-01-03,0.15927,2374284
cc-canton-network,CC,2026-01-04,0.14933,1888897
cc-canton-network,CC,2026-01-05,0.1396,4298179
cc-canton-network,CC,2026-01-06,0.13583,4703152
cc-canton-network,CC,2026-01-07,0.13827,3084807
cc-canton-network,CC,2026-01-08,0.13469,2151170
cc-canton-network,CC,2026-01-09,0.12576,2486778
cc-canton-network,CC,2026-01-10,0.13013,882011
cc-canton-network,CC,2026-01-11,0.14795,2943890
cc-canton-network,CC,2026-01-12,0.14411,2927210
cc-canton-network,CC,2026-01-13,0.14887,7181515
cc-canton-network,CC,2026-01-14,0.13664,3156437
cc-canton-network,CC,2026-01-15,0.13546,2833002
cc-canton-network,CC,2026-01-16,0.12631,2407142
cc-canton-network,CC,2026-01-17,0.11995,1755505
cc-canton-network,CC,2026-01-18,0.11914,2725738
cc-canton-network,CC,2026-01-19,0.11793,2819560
cc-canton-network,CC,2026-01-20,0.12555,2195951
cc-canton-network,CC,2026-01-21,0.14814,3191161
cc-canton-network,CC,2026-01-22,0.14218,2187689
cc-canton-network,CC,2026-01-23,0.15495,1631539
cc-canton-network,CC,2026-01-24,0.15505,1041205
cc-canton-network,CC,2026-01-25,0.14277,1161522
cc-canton-network,CC,2026-01-26,0.15618,1063595
cc-canton-network,CC,2026-01-27,0.15559,1157431
cc-canton-network,CC,2026-01-28,0.16008,2737369
cc-canton-network,CC,2026-01-29,0.18029,3462717
cc-canton-network,CC,2026-01-30,0.17995,3551481
cc-canton-network,CC,2026-01-31,0.1841,8185196
cc-canton-network,CC,2026-02-01,0.17588,7949257
cc-canton-network,CC,2026-02-02,0.18809,9773601
cc-canton-network,CC,2026-02-03,0.18053,5891973
cc-canton-network,CC,2026-02-04,0.17561,1932065
cc-canton-network,CC,2026-02-05,0.16203,4636624
cc-canton-network,CC,2026-02-06,0.17528,3373836
cc-canton-network,CC,2026-02-07,0.16831,1355419
cc-canton-network,CC,2026-02-08,0.16928,1574320
cc-canton-network,CC,2026-02-09,0.16528,1384012
cc-canton-network,CC,2026-02-10,0.16984,1409914
cc-canton-network,CC,2026-02-11,0.16241,2034130
cc-canton-network,CC,2026-02-12,0.16395,1934421
cc-canton-network,CC,2026-02-13,0.15788,2659174
cc-canton-network,CC,2026-02-14,0.16586,1584652
cc-canton-network,CC,2026-02-15,0.16214,776905
cc-canton-network,CC,2026-02-16,0.15985,740892
cc-canton-network,CC,2026-02-17,0.16536,1562141
cc-canton-network,CC,2026-02-18,0.16548,997813
cc-canton-network,CC,2026-02-19,0.15873,1335376
cc-canton-network,CC,2026-02-20,0.15855,1193199
cc-canton-network,CC,2026-02-21,0.15993,466030
cc-canton-network,CC,2026-02-22,0.16089,496277
cc-canton-network,CC,2026-02-23,0.16245,1043324
cc-canton-network,CC,2026-02-24,0.16006,765619
cc-canton-network,CC,2026-02-25,0.1691,1596185
cc-canton-network,CC,2026-02-26,0.17331,2167723
cc-canton-network,CC,2026-02-27,0.17074,2013736
cc-canton-network,CC,2026-02-28,0.16839,1778299
cc-canton-network,CC,2026-03-01,0.16191,1200066
cc-canton-network,CC,2026-03-02,0.15954,1618287
cc-canton-network,CC,2026-03-03,0.15759,771844
cc-canton-network,CC,2026-03-04,0.155,2027703
cc-canton-network,CC,2026-03-05,0.15305,1864426
cc-canton-network,CC,2026-03-06,0.15393,1352255
cc-canton-network,CC,2026-03-07,0.15259,545236
cc-canton-network,CC,2026-03-08,0.14987,493394
cc-canton-network,CC,2026-03-09,0.14509,1936997
cc-canton-network,CC,2026-03-10,0.14897,1215881
cc-canton-network,CC,2026-03-11,0.15314,709838
cc-canton-network,CC,2026-03-12,0.14713,1183976
cc-canton-network,CC,2026-03-13,0.15252,656604
cc-canton-network,CC,2026-03-14,0.15138,923113
cc-canton-network,CC,2026-03-15,0.15069,513052
cc-canton-network,CC,2026-03-16,0.155,980152
cc-canton-network,CC,2026-03-17,0.15057,935159
cc-canton-network,CC,2026-03-18,0.14669,1587294
cc-canton-network,CC,2026-03-19,0.14414,663016
cc-canton-network,CC,2026-03-20,0.14445,1193630
cc-canton-network,CC,2026-03-21,0.14474,439934
cc-canton-network,CC,2026-03-22,0.14237,964354
cc-canton-network,CC,2026-03-23,0.14472,838803
cc-canton-network,CC,2026-03-24,0.1407,1045080
cc-canton-network,CC,2026-03-25,0.14282,991389
cc-canton-network,CC,2026-03-26,0.14299,1030818
cc-canton-network,CC,2026-03-27,0.14077,1174779
cc-canton-network,CC,2026-03-28,0.15386,1432956
cc-canton-network,CC,2026-03-29,0.151,880531
cc-canton-network,CC,2026-03-30,0.14762,665386
cc-canton-network,CC,2026-03-31,0.15056,752621
cc-canton-network,CC,2026-04-01,0.1427,753648
cc-canton-network,CC,2026-04-02,0.14353,789803
cc-canton-network,CC,2026-04-03,0.13929,279599
cc-canton-network,CC,2026-04-04,0.13947,299886
cc-canton-network,CC,2026-04-05,0.14006,347121
cc-canton-network,CC,2026-04-06,0.1457,1009484
cc-canton-network,CC,2026-04-07,0.14685,1486809
cc-canton-network,CC,2026-04-08,0.14076,804739
cc-canton-network,CC,2026-04-09,0.1521,1507589
cc-canton-network,CC,2026-04-10,0.14691,807934
cc-canton-network,CC,2026-04-11,0.14669,597397
cc-canton-network,CC,2026-04-12,0.14558,468470
cc-canton-network,CC,2026-04-13,0.15214,667857
cc-canton-network,CC,2026-04-14,0.15003,2469792
cc-canton-network,CC,2026-04-15,0.15021,1769905
cc-canton-network,CC,2026-04-16,0.14833,1531749
cc-canton-network,CC,2026-04-17,0.1502,663026
cc-canton-network,CC,2026-04-18,0.1469,490188
cc-canton-network,CC,2026-04-19,0.14751,380768
cc-canton-network,CC,2026-04-20,0.15858,1064074
cc-canton-network,CC,2026-04-21,0.15098,1313975
cc-canton-network,CC,2026-04-22,0.15191,1044103
cc-canton-network,CC,2026-04-23,0.15038,822978
cc-canton-network,CC,2026-04-24,0.15215,520820
cc-canton-network,CC,2026-04-25,0.15172,182545
cc-canton-network,CC,2026-04-26,0.15062,418404
cc-canton-network,CC,2026-04-27,0.14785,784982
cc-canton-network,CC,2026-04-28,0.14891,328444
cc-canton-network,CC,2026-04-29,0.15126,1230828
cc-canton-network,CC,2026-04-30,0.15027,322204
cc-canton-network,CC,2026-05-01,0.14966,321325
cc-canton-network,CC,2026-05-02,0.1482,679054
cc-canton-network,CC,2026-05-03,0.1478,175078
cc-canton-network,CC,2026-05-04,0.14794,935564
cc-canton-network,CC,2026-05-05,0.14736,1688462
cc-canton-network,CC,2026-05-06,0.14655,707833
cc-canton-network,CC,2026-05-07,0.14518,865340
cc-canton-network,CC,2026-05-08,0.14688,662904
cc-canton-network,CC,2026-05-09,0.1568,2460553
cc-canton-network,CC,2026-05-10,0.15583,802392
cc-canton-network,CC,2026-05-11,0.16297,1491084
cc-canton-network,CC,2026-05-12,0.15256,1284663
cc-canton-network,CC,2026-05-13,0.15527,761029
cc-canton-network,CC,2026-05-14,0.16358,3284864
cc-canton-network,CC,2026-05-15,0.15781,2132226
cc-canton-network,CC,2026-05-16,0.15397,1571460
cc-canton-network,CC,2026-05-17,0.15445,706565
cc-canton-network,CC,2026-05-18,0.14923,1104346
cc-canton-network,CC,2026-05-19,0.14848,718553
cc-canton-network,CC,2026-05-20,0.15478,1026246
cc-canton-network,CC,2026-05-21,0.15698,2771988
cc-canton-network,CC,2026-05-22,0.15682,2125961
cc-canton-network,CC,2026-05-23,0.16144,594079
cc-canton-network,CC,2026-05-24,0.16634,1236895
cc-canton-network,CC,2026-05-25,0.16625,881868
cc-canton-network,CC,2026-05-26,0.15699,1416955
cc-canton-network,CC,2026-05-27,0.15599,1204378
cc-canton-network,CC,2026-05-28,0.15465,1102228
cc-canton-network,CC,2026-05-29,0.15477,1334211
cc-canton-network,CC,2026-05-30,0.15358,732655
cc-canton-network,CC,2026-05-31,0.15576,921868
cc-canton-network,CC,2026-06-01,0.15431,1386040
cc-canton-network,CC,2026-06-02,0.14968,5403286
cc-canton-network,CC,2026-06-03,0.15278,3690208
cc-canton-network,CC,2026-06-04,0.14732,1913364
cc-canton-network,CC,2026-06-05,0.14949,2534887
cc-canton-network,CC,2026-06-06,0.16219,2597878
cc-canton-network,CC,2026-06-07,0.16397,1561949
cc-canton-network,CC,2026-06-08,0.16009,2540562
cc-canton-network,CC,2026-06-09,0.16324,1437600
cc-canton-network,CC,2026-06-10,0.16259,1091774
cc-canton-network,CC,2026-06-11,0.16256,2374828
cc-canton-network,CC,2026-06-12,0.16262,1862814
cc-canton-network,CC,2026-06-13,0.16297,1976463
cc-canton-network,CC,2026-06-14,0.1616,489154
cc-canton-network,CC,2026-06-15,0.16545,1856011
cc-canton-network,CC,2026-06-16,0.16137,457397
cc-canton-network,CC,2026-06-17,0.16237,907987
cc-canton-network,CC,2026-06-18,0.1605,1245710
cc-canton-network,CC,2026-06-19,0.1539,966233
cc-canton-network,CC,2026-06-20,0.15266,639653
cc-canton-network,CC,2026-06-21,0.1499,485686
cc-canton-network,CC,2026-06-22,0.15225,669978
cc-canton-network,CC,2026-06-23,0.1518,1305726
cc-canton-network,CC,2026-06-24,0.15108,572511
cc-canton-network,CC,2026-06-25,0.14983,947427
cc-canton-network,CC,2026-06-26,0.15131,709781
cc-canton-network,CC,2026-06-27,0.15307,880015
cc-canton-network,CC,2026-06-28,0.14954,422801
cc-canton-network,CC,2026-06-29,0.14526,1009291
cc-canton-network,CC,2026-06-30,0.14131,2139651
cc-canton-network,CC,2026-07-01,0.14082,841948
cc-canton-network,CC,2026-07-02,0.13964,913989
cc-canton-network,CC,2026-07-03,0.14043,1054477
cc-canton-network,CC,2026-07-04,0.13999,491569
cc-canton-network,CC,2026-07-05,0.14138,334941
cc-canton-network,CC,2026-07-06,0.13817,872791
cc-canton-network,CC,2026-07-07,0.13116,1341647
cc-canton-network,CC,2026-07-08,0.12791,1165902
cc-canton-network,CC,2026-07-09,0.13291,879695
cc-canton-network,CC,2026-07-10,0.13405,823308
cc-canton-network,CC,2026-07-11,0.1348,1116916
cc-canton-network,CC,2026-07-12,0.13302,547233
cc-canton-network,CC,2026-07-13,0.13003,829507
cc-canton-network,CC,2026-07-14,0.13849,881159
cc-canton-network,CC,2026-07-15,0.13725,2252781
cc-canton-network,CC,2026-07-16,0.13072,970422
cc-canton-network,CC,2026-07-17,0.12814,1051021
cc-canton-network,CC,2026-07-18,0.125,904192
cc-canton-network,CC,2026-07-19,0.12676,507992
cc-canton-network,CC,2026-07-20,0.12462,536213
cc-canton-network,CC,2026-07-21,0.12658,989784
cc-canton-network,CC,2026-07-22,0.1225,739738
cc-canton-network,CC,2026-07-23,0.12243,951040
cc-canton-network,CC,2026-07-24,0.11884,857239
cc-canton-network,CC,2026-07-25,0.12224,436524
cc-canton-network,CC,2026-07-26,0.12479,323500
cc-canton-network,CC,2026-07-27,0.11971,528326
cc-canton-network,CC,2026-07-28,0.11916,520319
cc-canton-network,CC,2026-07-29,0.1221,933880
cc-canton-network,CC,2026-07-30,0.12107,642191
cc-canton-network,CC,2026-07-31,0.11769,712204
cc-canton-network,CC,2026-08-01,0.11636,325444
cc-canton-network,CC,2026-08-02,0.1168,308582
cc-canton-network,CC,2026-08-03,0.11457,671891
cc-canton-network,CC,2026-08-04,0.10857,1317953
cc-canton-network,CC,2026-08-05,0.1036,1191592
cc-canton-network,CC,2026-08-06,0.0915,2291024
cc-canton-network,CC,2026-08-07,0.09091,1653746
cc-canton-network,CC,2026-08-08,0.0945,917743
cc-canton-network,CC,2026-08-09,0.10063,1670892
cc-canton-network,CC,2026-08-10,0.09765,839994
cc-canton-network,CC,2026-08-11,0.1006,1506863
cc-canton-network,CC,2026-08-12,0.09871,395400
cc-canton-network,CC,2026-08-13,0.09788,399384
cc-canton-network,CC,2026-08-14,0.09729,381809
cc-canton-network,CC,2026-08-15,0.09912,447552
cc-canton-network,CC,2026-08-16,0.09606,583438
cc-canton-network,CC,2026-08-17,0.09048,843343
cc-canton-network,CC,2026-08-18,0.09132,582075
cc-canton-network,CC,2026-08-19,0.0992,1290752
cc-canton-network,CC,2026-08-20,0.09965,1573798
cc-canton-network,CC,2026-08-21,0.11296,1786352
cc-canton-network,CC,2026-08-22,0.11838,1983646
cc-canton-network,CC,2026-08-23,0.12304,1318762
cc-canton-network,CC,2026-08-24,0.12409,1694558
cc-canton-network,CC,2026-08-25,0.11963,1025640
cc-canton-network,CC,2026-08-26,0.1176,1119756
cc-canton-network,CC,2026-08-27,0.11194,1141359
cc-canton-network,CC,2026-08-28,0.11178,967148
cc-canton-network,CC,2026-08-29,0.1181,749055
cc-canton-network,CC,2026-08-30,0.11607,529729
cc-canton-network,CC,2026-08-31,0.12069,935692
cc-canton-network,CC,2026-09-01,0.11344,882825
cc-canton-network,CC,2026-09-02,0.10948,1086247
cc-canton-network,CC,2026-09-03,0.11294,1473000
cc-canton-network,CC,2026-09-04,0.10731,1062353
cc-canton-network,CC,2026-09-05,0.10913,628108
cc-canton-network,CC,2026-09-06,0.11065,951354
cc-canton-network,CC,2026-09-07,0.10553,805242
cc-canton-network,CC,2026-09-08,0.10716,1016298
cc-canton-network,CC,2026-09-09,0.1049,974876
cc-canton-network,CC,2026-09-10,0.09791,1229922
cc-canton-network,CC,2026-09-11,0.09772,1179000
cc-canton-network,CC,2026-09-12,0.09829,659982
cc-canton-network,CC,2026-09-13,0.09467,468647
cc-canton-network,CC,2026-09-14,0.09654,1199163
cc-canton-network,CC,2026-09-15,0.09083,965904
cc-canton-network,CC,2026-09-16,0.10037,1579985
cc-canton-network,CC,2026-09-17,0.10147,1453970
cc-canton-network,CC,2026-09-18,0.11097,1781100
cc-canton-network,CC,2026-09-19,0.10948,767668
cc-canton-network,CC,2026-09-20,0.10909,866410
cc-canton-network,CC,2026-09-21,0.11873,2383833
cc-canton-network,CC,2026-09-22,0.11491,2135452
cc-canton-network,CC,2026-09-23,0.11,1124289
cc-canton-network,CC,2026-09-24,0.1138,1808403
cc-canton-network,CC,2026-09-25,0.12939,2493215
cc-canton-network,CC,2026-09-26,0.1358,2549571
cc-canton-network,CC,2026-09-27,0.1372,1318285
cc-canton-network,CC,2026-09-28,0.13115,3627895
cc-canton-network,CC,2026-09-29,0.12345,1819329
cc-canton-network,CC,2026-09-30,0.12532,93630
